Material Name,Part Number,Standardized Material Name,Tier_1,Tier_2,Tier_3,Brand Name,Asset Class
06 - 17MM HOSE CLAMP,HC0002,CLAMP - HOSE - HC0002,"6. CONSUMABLES, SERVICE & WEAR",Fasteners & Hardware,Hardware & Brackets (Nuts/Bolts/Raw Steel),,Universal Workshop
070 WHITE,070,UNKNOWN - UNKNOWN - 070,"6. CONSUMABLES, SERVICE & WEAR",Paints & Chemicals,Bulk Paint & Thinners,,Universal Workshop
1' - 1(1/4)' FLANGE 90 3000 SE,F0011(1/4)903000S,FLANGE - 90 - F0011(1/4)903000S,5. HYDRAULICS,Cylinders & Rams,High-Pressure Hoses & Fittings,Manuli,Earth Moving Machinery
1 (1/4)' FLANGE 3000 SERIES-90,8367097285,FLANGE - 90 - 8367097285,5. HYDRAULICS,Cylinders & Rams,High-Pressure Hoses & Fittings,MANULI,Earth Moving Machinery
1' -1 (1//4)' FLANGE 3000 SERI,F0001-114903000SERIES,FLANGE - 1 - F0001-114903000SERIES,5. HYDRAULICS,Cylinders & Rams,High-Pressure Hoses & Fittings,MANULI,Earth Moving Machinery
1 1/2' 2 WIRE COLLAR,2W00011/2C,COLLAR - 2 WIRE - 2W00011/2C,5. HYDRAULICS,Cylinders & Rams,High-Pressure Hoses & Fittings,MANULI,Earth Moving Machinery
1 1/2' 2 WIRE COLLAR,2W00011/2C,COLLAR - 2 WIRE - 2W00011/2C,5. HYDRAULICS,Cylinders & Rams,High-Pressure Hoses & Fittings,MANULI,Earth Moving Machinery
1 1/2' 2 WIRE HOSE,2W00011/2,HOSE - 2 WIRE - 2W00011/2,5. HYDRAULICS,Cylinders & Rams,High-Pressure Hoses & Fittings,Manuli,Earth Moving Machinery
1 1/2' 45 FLANGE 9000 SERIES,11/2-45F,FLANGE - 45 - 11/2-45F,5. HYDRAULICS,Cylinders & Rams,High-Pressure Hoses & Fittings,MANULI,Earth Moving Machinery
1 1/2' FLANGE 3000 SERIES STRA,8367297113,FLANGE - STRAIGHT - 8367297113,5. HYDRAULICS,Cylinders & Rams,High-Pressure Hoses & Fittings,MANULI,Earth Moving Machinery
1 1/2' FLANGE 90 FITTING,F00011/290,FLANGE - 90 - F00011/290,5. HYDRAULICS,Cylinders & Rams,High-Pressure Hoses & Fittings,MANULI,Earth Moving Machinery
1 1/2' FLANGE FITTING 45,F00011/245,FLANGE - 45 - F00011/245,5. HYDRAULICS,Cylinders & Rams,High-Pressure Hoses & Fittings,MANULI,Earth Moving Machinery
1 1/2' FLANGE FITTING STRAIGHT,F00011/2S,FLANGE - STRAIGHT - F00011/2S,5. HYDRAULICS,Cylinders & Rams,High-Pressure Hoses & Fittings,,Earth Moving Machinery
1 1/2' PUSH LOCK HOSE,PL00011/2H,HOSE - PUSH LOCK - PL00011/2H,5. HYDRAULICS,Cylinders & Rams,High-Pressure Hoses & Fittings,Manuli,Earth Moving Machinery
1 1/2' X 1 1/4 FLANGE 3000 SER,HF0003,FLANGE - 1 1/2 X 1 1/4 - HF0003,5. HYDRAULICS,Cylinders & Rams,High-Pressure Hoses & Fittings,,Earth Moving Machinery
1 1/2' X 1 1/4' FLANGE STRAIGH,F00011/2X11/4S,FLANGE - STRAIGHT - F00011/2X11/4S,5. HYDRAULICS,Cylinders & Rams,High-Pressure Hoses & Fittings,,Earth Moving Machinery
1 1/2' X 2' FLANGE 3000 SERIES,F00011/2X2903000SERIES,FLANGE - 1 1/2 X 2 - F00011/2X2903000SERIES,5. HYDRAULICS,Cylinders & Rams,High-Pressure Hoses & Fittings,MANULI,Earth Moving Machinery
1 1/2' X 2' FLANGE STRAIGHT FI,8367298189,FLANGE - STRAIGHT - 8367298189,5. HYDRAULICS,Cylinders & Rams,High-Pressure Hoses & Fittings,Manuli,Earth Moving Machinery
1 1/2' X 2' STRAIGHT FLANGE FI,F00011/2X2S,FLANGE - STRAIGHT - F00011/2X2S,5. HYDRAULICS,Cylinders & Rams,High-Pressure Hoses & Fittings,MANULI,Earth Moving Machinery
1 1/4' 2 WIRE COLLAR,2W00011/4C,COLLAR - 2 WIRE - 2W00011/4C,5. HYDRAULICS,Cylinders & Rams,High-Pressure Hoses & Fittings,Manuli,Earth Moving Machinery
1 1/4' 2 WIRE HOSE,2W00011/4H,HOSE - 2 WIRE - 2W00011/4H,5. HYDRAULICS,Cylinders & Rams,High-Pressure Hoses & Fittings,Manuli,Earth Moving Machinery
1 1/4' 9000 SERIES FLANGE STRA,F00011/4S9000SERIES,FLANGE - STRAIGHT - F00011/4S9000SERIES,5. HYDRAULICS,Cylinders & Rams,High-Pressure Hoses & Fittings,MANULI,Earth Moving Machinery
1 1/4' 9000 SERIES FLANGE STRA,F00011/4S9000SERIES,FLANGE - STRAIGHT - F00011/4S9000SERIES,5. HYDRAULICS,Cylinders & Rams,High-Pressure Hoses & Fittings,MANULI,Earth Moving Machinery
1 1/4' FLANGE 45 FITTING 3000,F00011/4453000SERIES,FLANGE - 45 - F00011/4453000SERIES,5. HYDRAULICS,Cylinders & Rams,High-Pressure Hoses & Fittings,,Earth Moving Machinery
1 1/4' FLANGE 90 FITTING,F00011/490,FLANGE - 90 - F00011/490,5. HYDRAULICS,Cylinders & Rams,High-Pressure Hoses & Fittings,,Earth Moving Machinery
1 1/4' FLANGE FITTING 45 9000,F00011/4459000SERIES,FLANGE - 45 - F00011/4459000SERIES,5. HYDRAULICS,Cylinders & Rams,High-Pressure Hoses & Fittings,MANULI,Earth Moving Machinery
1 1/4' FLANGE FITTING STRAIGHT,F00011/4S9000SERIES,FLANGE - STRAIGHT - F00011/4S9000SERIES,5. HYDRAULICS,Cylinders & Rams,High-Pressure Hoses & Fittings,MANULI,Earth Moving Machinery
1 1/4' FLANGE FITTING STRAIGHT,F00011/4S9000SERIES,FLANGE - STRAIGHT - F00011/4S9000SERIES,5. HYDRAULICS,Cylinders & Rams,High-Pressure Hoses & Fittings,MANULI,Earth Moving Machinery
1 1/4' PUSH LOCK HOSE ADT 730,PL00011/4H,HOSE - PUSH LOCK - PL00011/4H,5. HYDRAULICS,Cylinders & Rams,High-Pressure Hoses & Fittings,Ma,Earth Moving Machinery
1 1/4' STRAIGHT FLANGE 3000 PS,8367097259,FLANGE - STRAIGHT - 8367097259,5. HYDRAULICS,Cylinders & Rams,High-Pressure Hoses & Fittings,MANULI,Earth Moving Machinery
1 1/4' X 1 1/2' 3000 SERIES FL,F00011/4-11/2453000SERIES,FLANGE - 1 1/4 X 1 1/2 - F00011/4-11/2453000SERIES,5. HYDRAULICS,Cylinders & Rams,High-Pressure Hoses & Fittings,MANULI,Earth Moving Machinery
1 1/4' X 1' FLANGE 3000 SERIES,F00011/4-1S3000SERIES,FLANGE - 1 1/4 X 1 - F00011/4-1S3000SERIES,5. HYDRAULICS,Cylinders & Rams,High-Pressure Hoses & Fittings,MANULI,Earth Moving Machinery
1 1/4' X 1' FLANGE 3000 SERIES,F00011/4-1453000SERIES,,5. HYDRAULICS,Cylinders & Rams,High-Pressure Hoses & Fittings,MANULI,Earth Moving Machinery
1' 2 WIRE COLLAR,2W0001C,COLLAR - WIRE - 2 / 2W0001C,5. HYDRAULICS,Cylinders & Rams,High-Pressure Hoses & Fittings,MANULI,Earth Moving Machinery
1' 2 WIRE HOSE,2W0001H,HOSE - WIRE - 2 / 2W0001H,5. HYDRAULICS,Cylinders & Rams,High-Pressure Hoses & Fittings,MANULI,Earth Moving Machinery
1' 4 WIRE COLLAR,4W0001C,COLLAR - WIRE - 4 / 4W0001C,5. HYDRAULICS,Cylinders & Rams,High-Pressure Hoses & Fittings,MANULI,Earth Moving Machinery
1' 4 WIRE HOSE,4W0001H,HOSE - WIRE - 4 / 4W0001H,5. HYDRAULICS,Cylinders & Rams,High-Pressure Hoses & Fittings,MANULI,Earth Moving Machinery
1' 45 FLANGE 3000 FITTINGS,F0001453000SERIES,FITTING - FLANGE - 45 3000 / F0001453000SERIES,5. HYDRAULICS,Cylinders & Rams,High-Pressure Hoses & Fittings,,Earth Moving Machinery
1' 5 WIRE COLLARS,5W0001C,COLLAR - WIRE - 5 / 5W0001C,5. HYDRAULICS,Cylinders & Rams,High-Pressure Hoses & Fittings,,Earth Moving Machinery
1' 5 WIRE HOSE,5W0001H,HOSE - WIRE - 5 / 5W0001H,5. HYDRAULICS,Cylinders & Rams,High-Pressure Hoses & Fittings,,Earth Moving Machinery
1' AIR IMPACT WRENCH,8367197174,WRENCH - IMPACT - AIR / 8367197174,"6. CONSUMABLES, SERVICE & WEAR",Fasteners & Hardware,Workshop Consumables,,Universal Workshop
1' BSP 90 FITTING,BSP000190F,FITTING - BSP - 90 / BSP000190F,5. HYDRAULICS,Cylinders & Rams,High-Pressure Hoses & Fittings,MANULI,Earth Moving Machinery
1' BSP STRAIGHT FITTING,BSP0001SF,FITTING - BSP - STRAIGHT / BSP0001SF,5. HYDRAULICS,Cylinders & Rams,High-Pressure Hoses & Fittings,MANULI,Earth Moving Machinery
1' BSP/JIC ADAPTER,BSP/JIC0001A,ADAPTER - BSP/JIC - 1 / BSP/JIC0001A,5. HYDRAULICS,Cylinders & Rams,High-Pressure Hoses & Fittings,MANULI,Earth Moving Machinery
1' DRIVE 33MM IMPACT SOCKET DE,DIS000133mmD,SOCKET - IMPACT - 33MM / DIS000133mmD,"6. CONSUMABLES, SERVICE & WEAR",Fasteners & Hardware,Workshop Consumables,,Universal Workshop
1' DRIVE IMPACT SOCKET 32MM,DIS000132mm,SOCKET - IMPACT - 32MM / DIS000132mm,"6. CONSUMABLES, SERVICE & WEAR",Fasteners & Hardware,Workshop Consumables,EUROP,Universal Workshop
1' FLANGE 45 3000 SERIES,F00013000SERIES45,FITTING - FLANGE - 45 3000 SERIES / F00013000SERIES45,5. HYDRAULICS,Cylinders & Rams,High-Pressure Hoses & Fittings,MANULI,Earth Moving Machinery
1' FLANGE 45 FITTING,F000145,FITTING - FLANGE - 45 / F000145,5. HYDRAULICS,Cylinders & Rams,High-Pressure Hoses & Fittings,,Earth Moving Machinery
1' FLANGE FITTING 3000 SERIES,F0001903000SERIES,FITTING - FLANGE - 3000 SERIES / F0001903000SERIES,5. HYDRAULICS,Cylinders & Rams,High-Pressure Hoses & Fittings,,Earth Moving Machinery
1' FLANGE FITTING 3000 SERIES,F0001S3000SERIES,,5. HYDRAULICS,Cylinders & Rams,High-Pressure Hoses & Fittings,,Earth Moving Machinery
1' FLANGE FITTING 45% 9000 SER,F0001459000SERIES,,5. HYDRAULICS,Cylinders & Rams,High-Pressure Hoses & Fittings,MANULI,Earth Moving Machinery
1' FLANGE FITTING 90% 9000 SER,F0001909000SERIES,,5. HYDRAULICS,Cylinders & Rams,High-Pressure Hoses & Fittings,MANULI,Earth Moving Machinery
1' FLANGE FITTING STRAIGHT 900,F0001S9000SERIES,FITTING - FLANGE - STRAIGHT 900 / F0001S9000SERIES,5. HYDRAULICS,Cylinders & Rams,High-Pressure Hoses & Fittings,MANULI,Earth Moving Machinery
1' JIC STRAIGHT FITTING,JIC0001F,FITTING - JIC - STRAIGHT / JIC0001F,5. HYDRAULICS,Cylinders & Rams,High-Pressure Hoses & Fittings,MANULI,Earth Moving Machinery
1' ORFS 45 FITTING,ORFS000145F,FITTING - ORFS - 45 / ORFS000145F,5. HYDRAULICS,Cylinders & Rams,High-Pressure Hoses & Fittings,,Earth Moving Machinery
1' ORFS 90 FITTING,ORFS000190F,FITTING - ORFS - 90 / ORFS000190F,5. HYDRAULICS,Cylinders & Rams,High-Pressure Hoses & Fittings,,Earth Moving Machinery
1' ORFS LONGDROP 90 FITTING,ORFS0001LD90F,FITTING - ORFS - LONGDROP 90 / ORFS0001LD90F,5. HYDRAULICS,Cylinders & Rams,High-Pressure Hoses & Fittings,,Earth Moving Machinery
1' ORFS STRAIGHT FITTING,ORFS0001SF,FITTING - ORFS - STRAIGHT / ORFS0001SF,5. HYDRAULICS,Cylinders & Rams,High-Pressure Hoses & Fittings,,Earth Moving Machinery
1' PUSH LOCK HOSE,PL0001H,HOSE - PUSH LOCK - 1 / PL0001H,5. HYDRAULICS,Cylinders & Rams,High-Pressure Hoses & Fittings,MANULI,Earth Moving Machinery
1' TO 1(1/4)' FLANGE 9000 SERI,1160000SS,FITTING - FLANGE - TO 1(1/4) 9000 / 1160000SS,5. HYDRAULICS,Cylinders & Rams,High-Pressure Hoses & Fittings,Manuli,Earth Moving Machinery
"1 WAY VALVE , FUEL PUMP, NIPPL",2.1247,VALVE - FUEL PUMP - 2.1247,1. ENGINE & POWERTRAIN,Fuel & Air Induction,Fuel Pumps & Injectors,,Truck
1(1/2)' 5 WIRE COLLARS,5W00011/2C,COLLAR - WIRE - 5 1(1/2) / 5W00011/2C,5. HYDRAULICS,Cylinders & Rams,High-Pressure Hoses & Fittings,,Earth Moving Machinery
1(1/2)' 5 WIRE HOSE,5W00011/2H,HOSE - WIRE - 5 1(1/2) / 5W00011/2H,5. HYDRAULICS,Cylinders & Rams,High-Pressure Hoses & Fittings,,Earth Moving Machinery
1(1/2)' 6 WIRE HOSE(MTRS),6W0001(1/2)H,HOSE - WIRE - 6 1(1/2) / 6W0001(1/2)H,5. HYDRAULICS,Cylinders & Rams,High-Pressure Hoses & Fittings,MANULI,Earth Moving Machinery
1(1/2)' PUSH LOCK PIPE,PL00011/2P,PIPE - PUSH LOCK - 1(1/2) / PL00011/2P,5. HYDRAULICS,Cylinders & Rams,High-Pressure Hoses & Fittings,,Earth Moving Machinery
1(1/4) 5 WIRE COLLARS,5W00011/4,COLLAR - WIRE - 5 1(1/4) / 5W00011/4,5. HYDRAULICS,Cylinders & Rams,High-Pressure Hoses & Fittings,,Earth Moving Machinery
1(1/4)' 5 WIRE COLLARS,5W00011/4C,COLLAR - WIRE - 5 / 5W00011/4C,5. HYDRAULICS,Cylinders & Rams,High-Pressure Hoses & Fittings,MANULI,Earth Moving Machinery
1(1/4) 5 WIRE HOSE,5W00011/4',HOSE - WIRE - 5 / 5W00011/4',5. HYDRAULICS,Cylinders & Rams,High-Pressure Hoses & Fittings,,Earth Moving Machinery
1(1/4)' 5 WIRE HOSE,5W00011/4H,HOSE - WIRE - 5 / 5W00011/4H,5. HYDRAULICS,Cylinders & Rams,High-Pressure Hoses & Fittings,MANULI,Earth Moving Machinery
1.6MM X 2CORE CABLE BLACK,MC216BHD,CABLE - 2 CORE - BLACK / MC216BHD,7. ELECTRICAL & INSTRUMENTATION,Sensors & Instrumentation,Wiring Harnesses & Relays,,Universal / Fleet
1.6MM X 5CORE CABLE,MC516HD,CABLE - 5 CORE - / MC516HD,7. ELECTRICAL & INSTRUMENTATION,Sensors & Instrumentation,Wiring Harnesses & Relays,,Universal / Fleet
1.6XSQMM X 7 CORE CABLE,281047,CABLE - 7 CORE - / 281047,7. ELECTRICAL & INSTRUMENTATION,Sensors & Instrumentation,Wiring Harnesses & Relays,,Trailer
1/2' 15L METRIX FITTING 90%,M0001/215L90F,FITTING - METRIC - 15L 90% / M0001/215L90F,5. HYDRAULICS,Cylinders & Rams,High-Pressure Hoses & Fittings,,Truck
1/2' 15L METRIX FITTING 90%,M0001/215L90F,FITTING - METRIC - 15L 90% / M0001/215L90F,5. HYDRAULICS,Cylinders & Rams,High-Pressure Hoses & Fittings,,Truck
1/2' 15L METRIX FITTING STRAIG,M0001/2S15LSF,FITTING - METRIC - 15L STRAIGHT / M0001/2S15LSF,5. HYDRAULICS,Cylinders & Rams,High-Pressure Hoses & Fittings,MANULI,Truck
1/2' 2 WIRE COLLAR,2W0001/2,COLLAR - WIRE - 2 / 2W0001/2,5. HYDRAULICS,Cylinders & Rams,High-Pressure Hoses & Fittings,,Truck
1/2' 2 WIRE HOSE,2W0001/2H,HOSE - WIRE - 2 / 2W0001/2H,5. HYDRAULICS,Cylinders & Rams,High-Pressure Hoses & Fittings,,Truck
1/2' 5 WIRE COLLAR,5W0001/2C,COLLAR - WIRE - 5 / 5W0001/2C,5. HYDRAULICS,Cylinders & Rams,High-Pressure Hoses & Fittings,,Truck
1/2' 5 WIRE HOSE,5W0001/2H,HOSE - WIRE - 5 / 5W0001/2H,5. HYDRAULICS,Cylinders & Rams,High-Pressure Hoses & Fittings,,Truck
1/2' BSP 90- FITTING,BSP0001/290F,FITTING - BSP - 90 / BSP0001/290F,5. HYDRAULICS,Cylinders & Rams,High-Pressure Hoses & Fittings,,Earth Moving Machinery
1/2' BSP 90 X 3/4' ORFS FITTI,BSP1/2XORFS3/4F,FITTING - BSP - 90 X 3/4' ORFS / BSP1/2XORFS3/4F,5. HYDRAULICS,Cylinders & Rams,High-Pressure Hoses & Fittings,MANULI,Earth Moving Machinery
1/2' BSP M M 22 1.5 STRAIGHT,12BSP2215,FITTING - BSP - M M 22 1.5 STRAIGHT / 12BSP2215,5. HYDRAULICS,Cylinders & Rams,High-Pressure Hoses & Fittings,,Earth Moving Machinery
1/2' BSP MALE STRAIGHT FITTING,BSP0001/2MSF,FITTING - BSP - MALE STRAIGHT / BSP0001/2MSF,5. HYDRAULICS,Cylinders & Rams,High-Pressure Hoses & Fittings,MANULI,Earth Moving Machinery
1/2' JIC STRAIGHT FITTING,JIC0001/2F,FITTING - JIC - STRAIGHT / JIC0001/2F,5. HYDRAULICS,Cylinders & Rams,High-Pressure Hoses & Fittings,Manuli,Earth Moving Machinery
1/2' METRIC 15L - STRAIGHT FIT,M0001/215L90F,FITTING - METRIC - 15L STRAIGHT / M0001/215L90F,5. HYDRAULICS,Cylinders & Rams,High-Pressure Hoses & Fittings,,Truck
1/2' METRIC 15L - STRAIGHT FIT,M0001/215L90F,FITTING - METRIC - 15L STRAIGHT / M0001/215L90F,5. HYDRAULICS,Cylinders & Rams,High-Pressure Hoses & Fittings,,Truck
1/2' METRIC 15L- STRAIGHT FITT,M0001/215LS,FITTING - METRIC - 15L STRAIGHT / M0001/215LS,5. HYDRAULICS,Cylinders & Rams,High-Pressure Hoses & Fittings,MANULI,Truck
1/2' METRIC 18L STRAIGHT FITTI,M0001/218LS,,5. HYDRAULICS,Cylinders & Rams,High-Pressure Hoses & Fittings,MANULI,Truck
1/2' METRIC FITTING 90% 16S,M0001/29016S,FITTING - METRIC - 90% 16S / M0001/29016S,5. HYDRAULICS,Cylinders & Rams,High-Pressure Hoses & Fittings,MANULI,Earth Moving Machinery
1/2' ORFS 45 FITTING,ORFS0001/245F,FITTING - ORFS - 45 / ORFS0001/245F,5. HYDRAULICS,Cylinders & Rams,High-Pressure Hoses & Fittings,,Earth Moving Machinery
1/2' ORFS 90 FITTING,ORFS0001/290F,FITTING - ORFS - 90 / ORFS0001/290F,5. HYDRAULICS,Cylinders & Rams,High-Pressure Hoses & Fittings,,Earth Moving Machinery
1/2' ORFS 90 FITTING,ORFS0001/290,,5. HYDRAULICS,Cylinders & Rams,High-Pressure Hoses & Fittings,MANULI,Earth Moving Machinery
1/2' ORFS LONG DROP -90,ORFS0001LD90,FITTING - ORFS - LONG DROP 90 / ORFS0001LD90,5. HYDRAULICS,Cylinders & Rams,High-Pressure Hoses & Fittings,Manuli,Earth Moving Machinery
1/2' ORFS STRAIGHT FITTING,ORFS0001/2SF,FITTING - ORFS - STRAIGHT / ORFS0001/2SF,5. HYDRAULICS,Cylinders & Rams,High-Pressure Hoses & Fittings,,Earth Moving Machinery
1/2' PUSH LOCK HOSE (MTRS),PL00012H,HOSE - PUSH LOCK - / PL00012H,5. HYDRAULICS,Cylinders & Rams,High-Pressure Hoses & Fittings,MANULI,Earth Moving Machinery
1/2' PUSH LOCK PIPE,PL0001/2H,PIPE - PUSH LOCK - / PL0001/2H,5. HYDRAULICS,Cylinders & Rams,High-Pressure Hoses & Fittings,,Earth Moving Machinery
1/2' TEFLON COLLAR,T0001/2C,COLLAR - TEFLON - / T0001/2C,5. HYDRAULICS,Cylinders & Rams,High-Pressure Hoses & Fittings,MANULI,Truck
1/2' TEFLONE HOSE,8567197170,HOSE - TEFLON - / 8567197170,5. HYDRAULICS,Cylinders & Rams,High-Pressure Hoses & Fittings,,Truck
1/2' X 16MM REDUCER FITTING,226004128,FITTING - REDUCER - 1/2' X 16MM / 226004128,5. HYDRAULICS,Cylinders & Rams,High-Pressure Hoses & Fittings,,Truck
1/2-3/8 JIC STRAIGHT,JIC0001/2-3/4,FITTING - STRAIGHT - JIC / JIC0001/2-3/4,5. HYDRAULICS,Cylinders & Rams,High-Pressure Hoses & Fittings,Manuli,Earth Moving Machinery
1/2'X3/4' ORFS STRAIGHT FITTIN,ORFS0001/2X3/4SF,FITTING - ORFS - STRAIGHT 1/2' X 3/4' / ORFS0001/2X3/4SF,5. HYDRAULICS,Cylinders & Rams,High-Pressure Hoses & Fittings,MANULI,Earth Moving Machinery
1/2'X5/8' ORFS STRAIGHT FITTIN,ORFS0001/2X5/8SF,FITTING - STRAIGHT - ORFS / ORFS0001/2X5/8SF,5. HYDRAULICS,Cylinders & Rams,High-Pressure Hoses & Fittings,MANULI,Earth Moving Machinery
1/4' 2 WIRE COLLARS,2W0001/4C,COLLAR - WIRE - 2 / 2W0001/4C,5. HYDRAULICS,Cylinders & Rams,High-Pressure Hoses & Fittings,,Earth Moving Machinery
1/4' 2 WIRE HOSE,2W0001/4H,HOSE - WIRE - 2 / 2W0001/4H,5. HYDRAULICS,Cylinders & Rams,High-Pressure Hoses & Fittings,,Earth Moving Machinery
1/4' 4 WIRE COLLAR,2W00011/2C,COLLAR - WIRE - 4 / 2W00011/2C,5. HYDRAULICS,Cylinders & Rams,High-Pressure Hoses & Fittings,MANULI,Earth Moving Machinery
1/4' 4 WIRE COLLAR,2W00011/2C,COLLAR - WIRE - 4 / 2W00011/2C,5. HYDRAULICS,Cylinders & Rams,High-Pressure Hoses & Fittings,MANULI,Earth Moving Machinery
1/4' 4 WIRE HOSE,4W0001/4H,HOSE - WIRE - 4 / 4W0001/4H,5. HYDRAULICS,Cylinders & Rams,High-Pressure Hoses & Fittings,Manuli,Earth Moving Machinery
1/4' 8S METRIC STRAIGHT FITTIN,M0001/48SS,FITTING - STRAIGHT - METRIC 8S / M0001/48SS,5. HYDRAULICS,Cylinders & Rams,High-Pressure Hoses & Fittings,manuli,Earth Moving Machinery
1/4' BALL COCK VALVE HEAVY DUT,8367097180,VALVE - BALL COCK - HEAVY DUTY / 8367097180,4. BRAKES & PNEUMATICS,Brake Actuation & Control,Air Valves & Governors,,Universal / Fleet
1/4' BALL COCK VALVE HEAVY DUT,8367097180,VALVE - BALL COCK - HEAVY DUTY / 8367097180,"6. CONSUMABLES, SERVICE & WEAR",Fasteners & Hardware,Workshop Consumables,,Universal Workshop
1/4' BSP 90 FITTING,BSP0001/490F,FITTING - 90 - BSP / BSP0001/490F,5. HYDRAULICS,Cylinders & Rams,High-Pressure Hoses & Fittings,,Earth Moving Machinery
1/4' BSP GREASE NIPPLE STRAIGH,8367297118,NIPPLE - GREASE - BSP / 8367297118,"6. CONSUMABLES, SERVICE & WEAR",Fasteners & Hardware,Hardware & Brackets (Nuts/Bolts/Raw Steel),,Universal Workshop
1/4' JIC 90 FITTING,JIC1/4F,,5. HYDRAULICS,Cylinders & Rams,High-Pressure Hoses & Fittings,MANULI,Earth Moving Machinery
1/4' JIC STRAIGHT FITTING,JIC0001/4F,FITTING - STRAIGHT - JIC / JIC0001/4F,5. HYDRAULICS,Cylinders & Rams,High-Pressure Hoses & Fittings,Manuli,Earth Moving Machinery
1/4' METRIC 6L 90 FITTING,M0001/4906L,FITTING - 90 - METRIC 6L / M0001/4906L,5. HYDRAULICS,Cylinders & Rams,High-Pressure Hoses & Fittings,MANULI,Earth Moving Machinery
1/4' ORFS 45 FITTING,ORFS0001/445F,FITTING - 45 - ORFS / ORFS0001/445F,5. HYDRAULICS,Cylinders & Rams,High-Pressure Hoses & Fittings,,Earth Moving Machinery
1/4' ORFS 90 FITTING,ORFS0001/490F,FITTING - 90 - ORFS / ORFS0001/490F,5. HYDRAULICS,Cylinders & Rams,High-Pressure Hoses & Fittings,,Earth Moving Machinery
1/4' ORFS STRAIGHT FITTING,ORFS0001/4SF,FITTING - STRAIGHT - ORFS / ORFS0001/4SF,5. HYDRAULICS,Cylinders & Rams,High-Pressure Hoses & Fittings,,Earth Moving Machinery
1/4' PUSH LOCK HOSE,PL0001/4H,HOSE - PUSH LOCK - 1/4 / PL0001/4H,5. HYDRAULICS,Cylinders & Rams,High-Pressure Hoses & Fittings,MANULI,Earth Moving Machinery
1/4' TO 3/8' METRIC 12L STRAIG,M0001/4-3/8S12L,FITTING - METRIC 12L - 1/4 TO 3/8 / M0001/4-3/8S12L,5. HYDRAULICS,Cylinders & Rams,High-Pressure Hoses & Fittings,,Earth Moving Machinery
1/4' X 3/8' ORFS STRAIGHT FITT,ORFS0001/4X3/8SF,FITTING - STRAIGHT - ORFS 1/4 X 3/8 / ORFS0001/4X3/8SF,5. HYDRAULICS,Cylinders & Rams,High-Pressure Hoses & Fittings,Manuli,Earth Moving Machinery
1/4'X3/8' JIC STRAIGHT FITTIN,JIC0001/4X3/8F,FITTING - STRAIGHT - JIC 1/4 X 3/8 / JIC0001/4X3/8F,5. HYDRAULICS,Cylinders & Rams,High-Pressure Hoses & Fittings,MANULI,Earth Moving Machinery
1/4'X3/8' ORFS 90 STRAIGHT FIT,ORFS0001/4X3/890SF,FITTING - 90 - ORFS 1/4 X 3/8 / ORFS0001/4X3/890SF,5. HYDRAULICS,Cylinders & Rams,High-Pressure Hoses & Fittings,Manuli,Earth Moving Machinery
1/4'X8MM ELBOW FITTING,2260041210,FITTING - ELBOW - 1/4 X 8MM / 2260041210,5. HYDRAULICS,Cylinders & Rams,High-Pressure Hoses & Fittings,,Earth Moving Machinery
10 SAE CF VALVOLINE PER LTR,888957,FLUID - OIL - VALVOLINE SAE CF / 888957,"6. CONSUMABLES, SERVICE & WEAR",Oils & Lubricants,Engine & Gear Oils,TITAN CARGO,Universal / Fleet
10 TON X 6M FLAT WEBBING SLING,SLING10TON,,"6. CONSUMABLES, SERVICE & WEAR",Fasteners & Hardware,Workshop Consumables,,Universal Workshop
"10.9, M22X164MM TURNING TABLE",937570025,HARDWARE - TURNING TABLE - M22X164MM / 937570025,"2. CABIN, BODY & CHASSIS",Structural Chassis & Towing,Fifth Wheels & Kingpins,,Trailer
100 X 50 X 8.88KG X 6M U-CHANN,100508.886UC,CHANNEL - U - 100 X 50 X 8.88KG X 6M / 100508.886UC,"6. CONSUMABLES, SERVICE & WEAR",Fasteners & Hardware,Hardware & Brackets (Nuts/Bolts/Raw Steel),,Universal Workshop
100A MAIN FUSE BLUE,837197190,FUSE - MAIN - 100A / 837197190,7. ELECTRICAL & INSTRUMENTATION,Starting & Charging,Batteries & Cables,,Universal / Fleet
100AH MERCEDEZ BENZ BATTERY,MCDA0009827208,BATTERY - MERCEDES BENZ - 100AH / MCDA0009827208,7. ELECTRICAL & INSTRUMENTATION,Starting & Charging,Batteries & Cables,MERCEDEZ BENZ,Truck
100X50 U-CHANNELS,60332450025,CHANNEL - U - 100X50 / 60332450025,"6. CONSUMABLES, SERVICE & WEAR",Fasteners & Hardware,Hardware & Brackets (Nuts/Bolts/Raw Steel),BM,Universal Workshop
10-12MM LINE CONNECTOR,10223358,CONNECTOR - LINE - 10-12MM / 10223358,4. BRAKES & PNEUMATICS,Air Lines & Fittings,Push-in Fittings & Couplers,,Universal / Fleet
10A MINI FUSE,10A 1122,FUSE - MINI - 10A / 10A 1122,7. ELECTRICAL & INSTRUMENTATION,Starting & Charging,Batteries & Cables,,Universal / Fleet
10MM CUTTING RING,10MM,RING - CUTTING - 10MM / 10MM,"6. CONSUMABLES, SERVICE & WEAR",Fasteners & Hardware,Hardware & Brackets (Nuts/Bolts/Raw Steel),,Universal Workshop
10MM NYLON PIPE,224710010,PIPE - NYLON - 224710010,4. BRAKES & PNEUMATICS,Air Lines & Fittings,"Hoses, Pipes & Tubes",,Universal / Fleet
10MM SLEEVE RPV10T30,RPV10TB30,SLEEVE - RPV - RPV10TB30,4. BRAKES & PNEUMATICS,Air Lines & Fittings,"Hoses, Pipes & Tubes",,Universal / Fleet
10MM STEEL STRAIGHT FITTING,2260041220,FITTING - STEEL - 2260041220,5. HYDRAULICS,Cylinders & Rams,High-Pressure Hoses & Fittings,,Earth Moving Machinery
10PK 1445 FAN BELT,2.115376,BELT - FAN - 2.115376,1. ENGINE & POWERTRAIN,Cooling System,Belts & Tensioners,DYNAMIC,Truck
10TON X 12M FLAT DUPLEX TEXTIL,8367097293,TEXTILE - FLAT DUPLEX - 8367097293,"6. CONSUMABLES, SERVICE & WEAR",Fasteners & Hardware,Workshop Consumables,,Universal Workshop
113-121MM HEAVY DUTY HOSE CLAM,113121,CLAMP - HOSE - 113121,"6. CONSUMABLES, SERVICE & WEAR",Fasteners & Hardware,Hardware & Brackets (Nuts/Bolts/Raw Steel),40,Universal Workshop
12 POINT BOLT 107 6826,107 6826,BOLT - POINT - 107 6826,5. HYDRAULICS,Ground Engaging Tools (GET),Bucket Teeth & Adapters,Cat,Earth Moving Machinery
12 POINT BOLT LOADER 4E 5985,4E 5985,BOLT - POINT - 4E 5985,5. HYDRAULICS,Ground Engaging Tools (GET),Bucket Teeth & Adapters,,Earth Moving Machinery
12 X 9 NYLON TUBING,2247010012,TUBING - NYLON - 2247010012,4. BRAKES & PNEUMATICS,Air Lines & Fittings,"Hoses, Pipes & Tubes",,Universal / Fleet
12/20 IGNITION SWITCH 14119000,1411900011,SWITCH - IGNITION - 1411900011,7. ELECTRICAL & INSTRUMENTATION,Sensors & Instrumentation,Wiring Harnesses & Relays,cobo,Universal / Fleet
12-24V DC/50W LED SPORT NORDIC,AD210526000306,LIGHT - LED - AD210526000306,7. ELECTRICAL & INSTRUMENTATION,Lighting & Signage,Headlights & Worklights,,Universal / Fleet
12-48V DC BACK ALARM J994 D13A,J994,ALARM - BACK - J994,7. ELECTRICAL & INSTRUMENTATION,Sensors & Instrumentation,Wiring Harnesses & Relays,,Universal / Fleet
127X64 U-CHANNEL,UC00012764,CHANNEL - U - UC00012764,"6. CONSUMABLES, SERVICE & WEAR",Fasteners & Hardware,Hardware & Brackets (Nuts/Bolts/Raw Steel),,Universal Workshop
12MM BANJO TAIL,2260041316,TAIL - BANJO - 2260041316,4. BRAKES & PNEUMATICS,Air Lines & Fittings,"Hoses, Pipes & Tubes",,Universal / Fleet
12MM ELBOW CONNECTOR,224715012,CONNECTOR - ELBOW - 224715012,4. BRAKES & PNEUMATICS,Air Lines & Fittings,Push-in Fittings & Couplers,,Universal / Fleet
12MM PVC LINE CONNECTOR,2260050012,CONNECTOR - PVC LINE - 2260050012,4. BRAKES & PNEUMATICS,Air Lines & Fittings,Push-in Fittings & Couplers,,Universal / Fleet
12MM SLEEVES RPV12T,RPV12TB30,SLEEVES - RPV - RPV12TB30,4. BRAKES & PNEUMATICS,Air Lines & Fittings,"Hoses, Pipes & Tubes",,Universal / Fleet
12MM TEE CONNECTOR,2260030012,CONNECTOR - TEE - 2260030012,4. BRAKES & PNEUMATICS,Air Lines & Fittings,Push-in Fittings & Couplers,,Universal / Fleet
12MM X 1/4' ELBOW FITTING,2260041218,FITTING - ELBOW - 2260041218,5. HYDRAULICS,Cylinders & Rams,High-Pressure Hoses & Fittings,,Earth Moving Machinery
12MM X 9MM NYLON TUBING 9.860,9.86012,TUBING - NYLON - 9.86012,4. BRAKES & PNEUMATICS,Air Lines & Fittings,"Hoses, Pipes & Tubes",DFT,Universal / Fleet
12MM X 9MM NYLON TUBING 9.860,9.86012,TUBING - NYLON - 9.86012,4. BRAKES & PNEUMATICS,Air Lines & Fittings,"Hoses, Pipes & Tubes",DFT,Universal / Fleet
12V 45AMPS TUSKA BATTERY TSK/6,TSK/634J-L,BATTERY - TUSKA - TSK/634J-L,7. ELECTRICAL & INSTRUMENTATION,Starting & Charging,Batteries & Cables,Tuskapower,Universal / Fleet
12V 52AH DX EN.470 VARTA BATT,VAR552400047,BATTERY - VARTA - VAR552400047,7. ELECTRICAL & INSTRUMENTATION,Starting & Charging,Batteries & Cables,Vartra,LDV
12V BOSCH JF SOLENOID STARTER,SOL1052,SOLENOID - STARTER - SOL1052,7. ELECTRICAL & INSTRUMENTATION,Starting & Charging,Starter Motors,BOSCH,Truck
12V DC DOUBLE CONTACT BULB 315,3157,BULB - DOUBLE CONTACT - 3157,7. ELECTRICAL & INSTRUMENTATION,Lighting & Signage,Bulbs & Lenses,,Universal / Fleet
12V SINGLE CONTACT BULB,8467197281,BULB - SINGLE CONTACT - 8467197281,7. ELECTRICAL & INSTRUMENTATION,Lighting & Signage,Bulbs & Lenses,,Universal / Fleet
"12V, 55W BULB GD6 HILUX",9098113091,BULB - GD6 - 9098113091,7. ELECTRICAL & INSTRUMENTATION,Lighting & Signage,Bulbs & Lenses,,Universal / Fleet
1'-3/4 FLANGE 3000 SERIES 90,F0001-3/4903000SERIES,FITTING - FLANGE - 3/4 3000 SERIES 90 / F0001-3/4903000SERIES,5. HYDRAULICS,Cylinders & Rams,High-Pressure Hoses & Fittings,,Earth Moving Machinery
134A REFRIGERANT CYLINDER,8367097175,CYLINDER - REFRIGERANT - 8367097175,"6. CONSUMABLES, SERVICE & WEAR",Fasteners & Hardware,Workshop Consumables,,Universal Workshop
14.00-24 - TRIANGLE TB516S/E4/,TR/14.00-24,TYRE - TRIANGLE - TR/14.00-24,"6. CONSUMABLES, SERVICE & WEAR",Fasteners & Hardware,Tyres & Tyre Accessories,TRIANGLE,Earth Moving Machinery
14L ALLUMINIUM RADIATOR DABP/N,DABP/N20-2001-1711,RADIATOR - ALUMINIUM - DABP/N20-2001-1711,1. ENGINE & POWERTRAIN,Cooling System,Radiators & Coolers,,Earth Moving Machinery
14MM SPIRAL BAND CTP14NWS2,CTP14NWS2,BAND - SPIRAL - CTP14NWS2,"6. CONSUMABLES, SERVICE & WEAR",Fasteners & Hardware,Workshop Consumables,,Universal Workshop
155X70MM U-CHANNEL,60332450029,CHANNEL - U - 155X70MM / 60332450029,"6. CONSUMABLES, SERVICE & WEAR",Fasteners & Hardware,Hardware & Brackets (Nuts/Bolts/Raw Steel),,Universal Workshop
15A MINI FUSE,15A 1122,FUSE - MINI - 15A / 15A 1122,7. ELECTRICAL & INSTRUMENTATION,Starting & Charging,Batteries & Cables,,Universal / Fleet
16.9-28 TUBE TR218 TRACTOR,TR218,TUBE - TRACTOR - 16.9-28 / TR218,"6. CONSUMABLES, SERVICE & WEAR",Fasteners & Hardware,Tyres & Tyre Accessories,,Truck
16-32 HOSE CLAMP,H00016-32C,CLAMP - HOSE - 16-32 / H00016-32C,"6. CONSUMABLES, SERVICE & WEAR",Fasteners & Hardware,Workshop Consumables,,Universal Workshop
16MM BANJO BOLTS,2228020016,BOLT - BANJO - 16MM / 2228020016,5. HYDRAULICS,Cylinders & Rams,High-Pressure Hoses & Fittings,,Truck
16MM NYLON ROPE FOR TRAILERS,16MM ROPE,ROPE - NYLON - 16MM / 16MM ROPE,"6. CONSUMABLES, SERVICE & WEAR",Fasteners & Hardware,Workshop Consumables,,Trailer
16MM PLUG FITTING,221601216,FITTING - PLUG - 16MM / 221601216,5. HYDRAULICS,Cylinders & Rams,High-Pressure Hoses & Fittings,,Truck
16MM SLEEVES RPV16T,RPV16TB30,SLEEVE - 16MM - RPV16T / RPV16TB30,5. HYDRAULICS,Cylinders & Rams,High-Pressure Hoses & Fittings,,Earth Moving Machinery
16MM SPIRAL BAND CTP16NWS2,CTP16NWS2,BAND - SPIRAL - 16MM / CTP16NWS2,"6. CONSUMABLES, SERVICE & WEAR",Fasteners & Hardware,Workshop Consumables,,Universal Workshop
16MM SPIRAL GUARD,SGX16,GUARD - SPIRAL - 16MM / SGX16,"6. CONSUMABLES, SERVICE & WEAR",Fasteners & Hardware,Workshop Consumables,,Universal Workshop
16MM STEEL LINE CONNECTOR,2260050016,CONNECTOR - LINE - STEEL - 16MM / 2260050016,5. HYDRAULICS,Cylinders & Rams,High-Pressure Hoses & Fittings,,Truck
16MM X 1/4' BULK HEAD,467297176,BULKHEAD - 16MM X 1/4' - / 467297176,5. HYDRAULICS,Cylinders & Rams,High-Pressure Hoses & Fittings,,Earth Moving Machinery
16MMX12MM REDUCER,2260061612,REDUCER - 16MMX12MM - / 2260061612,5. HYDRAULICS,Cylinders & Rams,High-Pressure Hoses & Fittings,,Earth Moving Machinery
16MMX30MM DOUBLE BANJO BOLTS,2228031630,BOLT - DOUBLE BANJO - 16MMX30MM / 2228031630,5. HYDRAULICS,Cylinders & Rams,High-Pressure Hoses & Fittings,,Earth Moving Machinery
16X12MM BULK HEAD FITTING,2260110017,BULKHEAD - 16X12MM - / 2260110017,5. HYDRAULICS,Cylinders & Rams,High-Pressure Hoses & Fittings,,Truck
17.5 / R25 ES TRIANGLE TB516,90807203,TYRE - ES TRIANGLE - 17.5/R25 / 90807203,"6. CONSUMABLES, SERVICE & WEAR",Fasteners & Hardware,Tyres & Tyre Accessories,,Earth Moving Machinery
175MM VALVE EXTENSION,90807072,EXTENSION - VALVE - 175MM / 90807072,"6. CONSUMABLES, SERVICE & WEAR",Fasteners & Hardware,Tyres & Tyre Accessories,,Truck
2' 2 WIRE COLLARS,2W0002C,COLLAR - 2 WIRE - 2' / 2W0002C,5. HYDRAULICS,Cylinders & Rams,High-Pressure Hoses & Fittings,MANULI,Earth Moving Machinery
2' 2 WIRE HOSE,2W0002H,HOSE - 2 WIRE - 2' / 2W0002H,5. HYDRAULICS,Cylinders & Rams,High-Pressure Hoses & Fittings,Manu,Earth Moving Machinery
2' FLANGE 3000 SERIES- STRAIGH,F00023000S,FLANGE - STRAIGHT - 2' 3000 SERIES / F00023000S,5. HYDRAULICS,Cylinders & Rams,High-Pressure Hoses & Fittings,MANULI,Earth Moving Machinery
2.5MM E6013 WELDING ELECTRODES,E6013,ELECTRODE - WELDING - 2.5MM / E6013,"6. CONSUMABLES, SERVICE & WEAR",Fasteners & Hardware,Workshop Consumables,CHISA,Universal Workshop
20A MINI FUSE,20A 1122,FUSE - MINI - 20A / 20A 1122,7. ELECTRICAL & INSTRUMENTATION,Starting & Charging,Batteries & Cables,,Universal / Fleet
20KG SOFT SOAP,90807067,SOAP - SOFT - 20KG / 90807067,"6. CONSUMABLES, SERVICE & WEAR",Fasteners & Hardware,Workshop Consumables,,Universal Workshop
20MM SPIRAL BAND CTP20NWS2,CTP20NWS2,BAND - SPIRAL - 20MM / CTP20NWS2,"6. CONSUMABLES, SERVICE & WEAR",Fasteners & Hardware,Workshop Consumables,,Universal Workshop
20MM SPIRAL GUARD SPW/20,SPW/20,GUARD - SPIRAL - 20MM / SPW/20,"6. CONSUMABLES, SERVICE & WEAR",Fasteners & Hardware,Workshop Consumables,,Universal Workshop
210 CRANE CURTAIN,CT210,CURTAIN - CRANE - 210 / CT210,"2. CABIN, BODY & CHASSIS",HVAC & Cabin Comfort,Cab Trim & Interior Accessories,,Earth Moving Machinery
21177259 ELBOW CONNECTOR KIT S,PNEPNVO100/ 21177259,KIT - ELBOW CONNECTOR - S / 21177259,4. BRAKES & PNEUMATICS,Air Lines & Fittings,Push-in Fittings & Couplers,DT,Universal / Fleet
220-240V 50HZ AIRCON COMPRESSO,HYS69YTCA,COMPRESSOR - AIRCON - 220-240V 50HZ / HYS69YTCA,"2. CABIN, BODY & CHASSIS",HVAC & Cabin Comfort,AC Compressors & Evaporators,,Universal / Fleet
220AH 12V BATTERY MAN/MERCEDEZ,MCDA002982200810,BATTERY - 12V - 220AH / MCDA002982200810,7. ELECTRICAL & INSTRUMENTATION,Starting & Charging,Batteries & Cables,MERCEDEZ BENZ,Truck
22324 CC/W33 BEARING,22324CC/W33,BEARING - CC/W33 - 22324 / 22324CC/W33,"3. SUSPENSION, STEERING & AXLES",Axles & Hubs,Wheel Bearings & Seals,SKF,Earth Moving Machinery
22MM PLUG FITTING,221601222,FITTING - PLUG - 221601222,5. HYDRAULICS,Cylinders & Rams,High-Pressure Hoses & Fittings,,Earth Moving Machinery
22X32X5 LIP SEAL C254 OUTRIGGE,C254,SEAL - LIP - C254,"2. CABIN, BODY & CHASSIS",Structural Chassis & Towing,Outriggers & Mounts,,Earth Moving Machinery
23.5R25 BIDGESTONE TYRE WITH R,9225291,TYRE - R25 - BIDGESTONE / 9225291,"6. CONSUMABLES, SERVICE & WEAR",Fasteners & Hardware,Tyres & Tyre Accessories,,Earth Moving Machinery
23.5R25 MICHELIN,91252942,TYRE - R25 - MICHELIN / 91252942,"6. CONSUMABLES, SERVICE & WEAR",Fasteners & Hardware,Tyres & Tyre Accessories,,Earth Moving Machinery
23.5R25 MICHELIN,91252942,TYRE - R25 - MICHELIN / 91252942,"6. CONSUMABLES, SERVICE & WEAR",Fasteners & Hardware,Tyres & Tyre Accessories,,Earth Moving Machinery
23122 CC/W33 BEARING,23122 CC/W33,BEARING - CC/W33 - 23122 CC/W33,"3. SUSPENSION, STEERING & AXLES",Axles & Hubs,Wheel Bearings & Seals,SKF,Earth Moving Machinery
235/75R17.5 LAVIGATOR T706,90817177,TYRE - 75R17.5 - LAVIGATOR / 90817177,"6. CONSUMABLES, SERVICE & WEAR",Fasteners & Hardware,Tyres & Tyre Accessories,,Trailer
24V 37MT STARTER REPAIR KIT RS,RST2626,KIT - REPAIR - 37MT STARTER / RST2626,7. ELECTRICAL & INSTRUMENTATION,Starting & Charging,Starter Motors,,Truck
24V ALTERNATOR 561 2998,561 2998,ALTERNATOR - 24V - 561 / 2998,7. ELECTRICAL & INSTRUMENTATION,Starting & Charging,Alternators,Cat,Earth Moving Machinery
24V ALTERNATOR 561 2999 C15,561 2999,ALTERNATOR - 24V - 561 / 2999,7. ELECTRICAL & INSTRUMENTATION,Starting & Charging,Alternators,Cat,Earth Moving Machinery
24V ALTERNATOR 561 3002 ADT730,561 3001,ALTERNATOR - 24V - 561 / 3001,7. ELECTRICAL & INSTRUMENTATION,Starting & Charging,Alternators,Cat,Earth Moving Machinery
24V ALTERNATOR 566 9549,566 9549,ALTERNATOR - 24V - 566 / 9549,7. ELECTRICAL & INSTRUMENTATION,Starting & Charging,Alternators,Caterpillar,Earth Moving Machinery
24V BOSCH STARTER PPM,A0061512101TH,STARTER - 24V - BOSCH / A0061512101TH,7. ELECTRICAL & INSTRUMENTATION,Starting & Charging,Starter Motors,,Truck
24V CAT/DELCO 41MT STARTER ARM,9201-2643HT,STARTER - ARM - CAT/DELCO 41MT / 9201-2643HT,7. ELECTRICAL & INSTRUMENTATION,Starting & Charging,Starter Motors,,Truck
24V DOUBLE CONTACT BULB,3047001123,BULB - DOUBLE CONTACT - 24V / 3047001123,7. ELECTRICAL & INSTRUMENTATION,Lighting & Signage,Bulbs & Lenses,,Universal / Fleet
24V DOUBLE CONTACT BULB,3047001123,BULB - DOUBLE CONTACT - 24V / 3047001123,7. ELECTRICAL & INSTRUMENTATION,Lighting & Signage,Bulbs & Lenses,,Universal / Fleet
24V DOUBLE CONTACT BULB,3047001123,BULB - DOUBLE CONTACT - 24V / 3047001123,7. ELECTRICAL & INSTRUMENTATION,Lighting & Signage,Bulbs & Lenses,,Universal / Fleet
24V FLASHER UNITY,3047001123,FLASHER - UNITY - 24V / 3047001123,7. ELECTRICAL & INSTRUMENTATION,Lighting & Signage,Bulbs & Lenses,,Universal / Fleet
24V FLASHER UNITY,3047001123,FLASHER - UNITY - 24V / 3047001123,7. ELECTRICAL & INSTRUMENTATION,Lighting & Signage,Bulbs & Lenses,,Universal / Fleet
24V FLASHER UNITY,3047001123,FLASHER - UNITY - 24V / 3047001123,7. ELECTRICAL & INSTRUMENTATION,Lighting & Signage,Bulbs & Lenses,,Universal / Fleet
24V HORN 10W 163 1201,163 1201,HORN - 10W - 24V / 163 1201,7. ELECTRICAL & INSTRUMENTATION,Lighting & Signage,Bulbs & Lenses,Caterpillar,Universal / Fleet
24V MIT VOLVO STARTER ARMATURE,24VSA,STARTER - ARMATURE - MIT VOLVO / 24VSA,7. ELECTRICAL & INSTRUMENTATION,Starting & Charging,Starter Motors,BOSCH,Truck
24V MIT VOLVO STARTER BRUSH SE,BRS 5016,STARTER - BRUSH - MIT VOLVO / BRS 5016,7. ELECTRICAL & INSTRUMENTATION,Starting & Charging,Starter Motors,,Truck
24V/21W DC SINGLE CONTACT BULB,112233445,BULB - SINGLE CONTACT - 24V/21W / 112233445,7. ELECTRICAL & INSTRUMENTATION,Lighting & Signage,Bulbs & Lenses,,Universal / Fleet
24VDC HARMONY RELAY WITH BASE,RXM4AB2BDPVM,RELAY - HARMONY - 24VDC / RXM4AB2BDPVM,7. ELECTRICAL & INSTRUMENTATION,Sensors & Instrumentation,Wiring Harnesses & Relays,,Universal / Fleet
2500X1200X10MM HARDOX PLATES,60332450014,PLATE - HARDOX - 2500X1200X10MM / 60332450014,"6. CONSUMABLES, SERVICE & WEAR",Fasteners & Hardware,Hardware & Brackets (Nuts/Bolts/Raw Steel),,Universal Workshop
2500X1200X3MM MILD STEEL PLATE,60332450023,PLATE - MILD STEEL - 2500X1200X3MM / 60332450023,"6. CONSUMABLES, SERVICE & WEAR",Fasteners & Hardware,Hardware & Brackets (Nuts/Bolts/Raw Steel),,Universal Workshop
25-40MM HOSE CLAMPS,C001010,CLAMP - HOSE - 25-40MM / C001010,"6. CONSUMABLES, SERVICE & WEAR",Fasteners & Hardware,Workshop Consumables,,Universal Workshop
25-40MM HOSE CLAMPS,C001010,CLAMP - HOSE - 25-40MM / C001010,"6. CONSUMABLES, SERVICE & WEAR",Fasteners & Hardware,Workshop Consumables,,Universal Workshop
25A MINI FUSE,25A 1122,FUSE - MINI - 25A / 25A 1122,7. ELECTRICAL & INSTRUMENTATION,Starting & Charging,Batteries & Cables,,Universal / Fleet
25MM SPIRAL BAND CTP25NWS2,CTP25NWS2,BAND - SPIRAL - 25MM / CTP25NWS2,"6. CONSUMABLES, SERVICE & WEAR",Fasteners & Hardware,Workshop Consumables,,Universal Workshop
25MM SPIRAL GUARDS SPW/25,SPW/25,GUARD - SPIRAL - 25MM / SPW/25,"6. CONSUMABLES, SERVICE & WEAR",Fasteners & Hardware,Workshop Consumables,,Universal Workshop
265/65R17 GENERAL GRABBER,90817193,TYRE - 65R17 - GENERAL GRABBER / 90817193,"6. CONSUMABLES, SERVICE & WEAR",Fasteners & Hardware,Tyres & Tyre Accessories,,LDV
265/65R17 TRAIANGLE TR292,TR292,TYRE - 65R17 - TRAIANGLE TR292 / TR292,"6. CONSUMABLES, SERVICE & WEAR",Fasteners & Hardware,Tyres & Tyre Accessories,TRIANGLE,LDV
265/65R17 TRAIANGLE TR292,TR292,TYRE - 65R17 - TRAIANGLE TR292 / TR292,"6. CONSUMABLES, SERVICE & WEAR",Fasteners & Hardware,Tyres & Tyre Accessories,TRIANGLE,LDV
265/65R17 TRIANGLE TR292,TR292,TYRE - 65R17 - TRIANGLE TR292 / TR292,"6. CONSUMABLES, SERVICE & WEAR",Fasteners & Hardware,Tyres & Tyre Accessories,TRIANGLE,LDV
265/65R17 TRIANGLE TR292,TR292,TYRE - 65R17 - TRIANGLE TR292 / TR292,"6. CONSUMABLES, SERVICE & WEAR",Fasteners & Hardware,Tyres & Tyre Accessories,TRIANGLE,LDV
265/70R16 TRIANGLE TR292,90807010,TYRE - 70R16 - TRIANGLE TR292 / 90807010,"6. CONSUMABLES, SERVICE & WEAR",Fasteners & Hardware,Tyres & Tyre Accessories,TRIANGLE,LDV
27 DEC TRUCK TUBELESS VALVE,90807184,VALVE - TUBELESS - 90807184,"6. CONSUMABLES, SERVICE & WEAR",Fasteners & Hardware,Tyres & Tyre Accessories,,Universal Workshop
28V BOSCH SP VOLVO ALTERNATOR,986AE0102,ALTERNATOR - VOLVO - BOSCH / 986AE0102,7. ELECTRICAL & INSTRUMENTATION,Starting & Charging,Alternators,BOSCH,Truck
28V BOSCH SP VOLVO V/4 V/REGUL,28VR100A,REGULATOR - VOLVO - BOSCH / 28VR100A,7. ELECTRICAL & INSTRUMENTATION,Starting & Charging,Alternators,BOSCH,Truck
28V VOLVO V/3 BOSCH ALTERNATOR,28VBA,ALTERNATOR - VOLVO - BOSCH / 28VBA,7. ELECTRICAL & INSTRUMENTATION,Starting & Charging,Alternators,BOSCH,Truck
29.5R25 MECHELIN TYRES 60MM,CCJ0141A2A,TYRE - MECHELIN - 29.5R25 / CCJ0141A2A,"6. CONSUMABLES, SERVICE & WEAR",Fasteners & Hardware,Tyres & Tyre Accessories,,Earth Moving Machinery
2ND& 3RD FORK 21513168/2.32299,21513168,FORK - 2ND & 3RD - 21513168,1. ENGINE & POWERTRAIN,Drivetrain & Transmission,Gearboxes & PTOs,DT,Truck
2WIRE HOSE,,HOSE - 2 WIRE - nan,5. HYDRAULICS,Cylinders & Rams,High-Pressure Hoses & Fittings,,Earth Moving Machinery
3 HOLES TAIL LAMP HOLDER BLACK,445566778,HOLDER - TAIL LAMP - BLACK / 445566778,7. ELECTRICAL & INSTRUMENTATION,Lighting & Signage,Bulbs & Lenses,,Trailer
3.25MM STAINLESS ELECTRODES E3,E316L,ELECTRODE - STAINLESS - 3.25MM / E316L,"6. CONSUMABLES, SERVICE & WEAR",Paints & Chemicals,Fluids & Aerosols (Cleaners/Sealants),,Universal Workshop
3.2MM ALUMINUM WELDING ELECTRO,3.2MM-A,ELECTRODE - WELDING - ALUMINUM / 3.2MM-A,"6. CONSUMABLES, SERVICE & WEAR",Fasteners & Hardware,Workshop Consumables,,Universal Workshop
3.2MM E7018 WELDING ELECTRODES,3.2MM E7018,ELECTRODE - WELDING - E7018 / 3.2MM E7018,"6. CONSUMABLES, SERVICE & WEAR",Fasteners & Hardware,Workshop Consumables,Chisa,Universal Workshop
3/4' 2 WIRE COLLAR,2W0003/4C,COLLAR - 2 WIRE - 3/4' / 2W0003/4C,5. HYDRAULICS,Cylinders & Rams,High-Pressure Hoses & Fittings,,Earth Moving Machinery
3/4' 2WIRE HOSE,8467197176,HOSE - 2 WIRE - 3/4' / 8467197176,5. HYDRAULICS,Cylinders & Rams,High-Pressure Hoses & Fittings,,Earth Moving Machinery
3/4' 2WIRE HOSE,2W0003/4,,5. HYDRAULICS,Cylinders & Rams,High-Pressure Hoses & Fittings,Manuli,Earth Moving Machinery
3/4' 4 WIRE HOSE,4W0003/4H,HOSE - 4 WIRE - 3/4' / 4W0003/4H,5. HYDRAULICS,Cylinders & Rams,High-Pressure Hoses & Fittings,,Earth Moving Machinery
3/4' 5 WIRE COLLARS,5W0003/4C,COLLAR - 5 WIRE - 3/4' / 5W0003/4C,5. HYDRAULICS,Cylinders & Rams,High-Pressure Hoses & Fittings,,Earth Moving Machinery
3/4' 5 WIRE HOSE,5W0003/4H,HOSE - 5 WIRE - 3/4' / 5W0003/4H,5. HYDRAULICS,Cylinders & Rams,High-Pressure Hoses & Fittings,,Earth Moving Machinery
3/4' BSP 90 FITTING,BSP0003/490F,FITTING - BSP 90 - 3/4' / BSP0003/490F,5. HYDRAULICS,Cylinders & Rams,High-Pressure Hoses & Fittings,MANULI,Earth Moving Machinery
3/4' BSP 90 FITTING,BSP0003/490F,FITTING - BSP 90 - 3/4' / BSP0003/490F,5. HYDRAULICS,Cylinders & Rams,High-Pressure Hoses & Fittings,MANULI,Earth Moving Machinery
3/4' BSP STRAIGHT FITTING,BSP0003/490F,FITTING - BSP STRAIGHT - 3/4' / BSP0003/490F,5. HYDRAULICS,Cylinders & Rams,High-Pressure Hoses & Fittings,MANULI,Earth Moving Machinery
3/4' BSP STRAIGHT FITTING,BSP0003/490F,FITTING - BSP STRAIGHT - 3/4' / BSP0003/490F,5. HYDRAULICS,Cylinders & Rams,High-Pressure Hoses & Fittings,MANULI,Earth Moving Machinery
3/4' FLANGE 3000 SERIES 45,F0003/43000SERIES45,FLANGE - 3000 SERIES 45 - 3/4' / F0003/43000SERIES45,5. HYDRAULICS,Cylinders & Rams,High-Pressure Hoses & Fittings,Manuli,Earth Moving Machinery
3/4' FLANGE 3000 SERIES 90,F0003/43000SERIES90,FLANGE - 3000 SERIES 90 - 3/4' / F0003/43000SERIES90,5. HYDRAULICS,Cylinders & Rams,High-Pressure Hoses & Fittings,,Earth Moving Machinery
3/4' JIC STRAIGHT FEMALE FITT,JIC0003/4F,FITTING - JIC STRAIGHT FEMALE - 3/4' / JIC0003/4F,5. HYDRAULICS,Cylinders & Rams,High-Pressure Hoses & Fittings,MANULI,Earth Moving Machinery
3/4' JIC STRAIGHT FEMALE FITT,JIC0003/4F,FITTING - JIC STRAIGHT FEMALE - 3/4' / JIC0003/4F,5. HYDRAULICS,Cylinders & Rams,High-Pressure Hoses & Fittings,MANULI,Earth Moving Machinery
3/4' JIC STRAIGHT FITTING,JIC0003/4F,FITTING - JIC STRAIGHT - 3/4' / JIC0003/4F,5. HYDRAULICS,Cylinders & Rams,High-Pressure Hoses & Fittings,MANULI,Earth Moving Machinery
3/4' JIC STRAIGHT FITTING,JIC0003/4F,FITTING - JIC STRAIGHT - 3/4' / JIC0003/4F,5. HYDRAULICS,Cylinders & Rams,High-Pressure Hoses & Fittings,MANULI,Earth Moving Machinery
3/4' METRIC 22L STRAIGHT,M0003/4S22L,FITTING - METRIC 22L STRAIGHT - 3/4' / M0003/4S22L,5. HYDRAULICS,Cylinders & Rams,High-Pressure Hoses & Fittings,Manuli,Earth Moving Machinery
3/4' METRIC 25S STRAIGHT,M0003/8S25S,FITTING - METRIC 25S STRAIGHT - 3/4' / M0003/8S25S,5. HYDRAULICS,Cylinders & Rams,High-Pressure Hoses & Fittings,MANULI,Earth Moving Machinery
3/4' METRIC NIPPLES - 20S,M0003/420SN,NIPPLE - METRIC 20S - 3/4' / M0003/420SN,5. HYDRAULICS,Cylinders & Rams,High-Pressure Hoses & Fittings,,Truck
3/4' ORFS 45 FITTING,ORFS0003/445F,FITTING - ORFS 45 - 3/4' / ORFS0003/445F,5. HYDRAULICS,Cylinders & Rams,High-Pressure Hoses & Fittings,,Earth Moving Machinery
3/4' ORFS 90 FITTING,ORFS0003/490F,FITTING - ORFS 90 - 3/4' / ORFS0003/490F,5. HYDRAULICS,Cylinders & Rams,High-Pressure Hoses & Fittings,,Earth Moving Machinery
3/4' ORFS LONGDROP 90 FITTIN,ORFS0003/4LD90F,FITTING - ORFS LONGDROP 90 - 3/4' / ORFS0003/4LD90F,5. HYDRAULICS,Cylinders & Rams,High-Pressure Hoses & Fittings,MANULI,Earth Moving Machinery
3/4' ORFS STRAIGHT FITTING,ORFS0003/4SF,FITTING - ORFS STRAIGHT - 3/4' / ORFS0003/4SF,5. HYDRAULICS,Cylinders & Rams,High-Pressure Hoses & Fittings,,Earth Moving Machinery
3/4 PUSH LOCK HOSE,PL0003/8H,HOSE - PUSH LOCK - 3/4 / PL0003/8H,5. HYDRAULICS,Cylinders & Rams,High-Pressure Hoses & Fittings,,Truck
3/4 PUSH LOCK HOSE,PL0003/8H,HOSE - PUSH LOCK - 3/4 / PL0003/8H,5. HYDRAULICS,Cylinders & Rams,High-Pressure Hoses & Fittings,,Truck
3/4' PUSH ROCK HOSE,8377097193,HOSE - PUSH ROCK - 8377097193,5. HYDRAULICS,Cylinders & Rams,High-Pressure Hoses & Fittings,MANULI,Truck
3/4'-1 3000 SERIES FLANGE STRA,F0003/4-1S3000SERIES,FLANGE - 3000 SERIES - F0003/4-1S3000SERIES,5. HYDRAULICS,Cylinders & Rams,High-Pressure Hoses & Fittings,,Earth Moving Machinery
3/8' 2 WIRE COLLAR,2W0003/8,COLLAR - 2 WIRE - 2W0003/8,5. HYDRAULICS,Cylinders & Rams,High-Pressure Hoses & Fittings,,Earth Moving Machinery
3/8' 2 WIRE HOSE,2W0003/8H,HOSE - 2 WIRE - 2W0003/8H,5. HYDRAULICS,Cylinders & Rams,High-Pressure Hoses & Fittings,,Earth Moving Machinery
3/8' 4 WIRE COLLAR,4W0003/8C,COLLAR - 4 WIRE - 4W0003/8C,5. HYDRAULICS,Cylinders & Rams,High-Pressure Hoses & Fittings,,Earth Moving Machinery
3/8' 4 WIRE HOSE,4W0003/8H,HOSE - 4 WIRE - 4W0003/8H,5. HYDRAULICS,Cylinders & Rams,High-Pressure Hoses & Fittings,Manuli,Earth Moving Machinery
3/8' 5 WIRE COLLARS,5W0003/8C,COLLAR - 5 WIRE - 5W0003/8C,5. HYDRAULICS,Cylinders & Rams,High-Pressure Hoses & Fittings,,Earth Moving Machinery
3/8' 5 WIRE HOSE,5W0003/8H,HOSE - 5 WIRE - 5W0003/8H,5. HYDRAULICS,Cylinders & Rams,High-Pressure Hoses & Fittings,,Earth Moving Machinery
3/8' ADAPTER 12L FITTING FOR A,A0003/812L,FITTING - ADAPTER 12L - A0003/812L,5. HYDRAULICS,Cylinders & Rams,High-Pressure Hoses & Fittings,MANULI,Earth Moving Machinery
3/8' BSP 90 FITTING,BSP0003/890F,FITTING - BSP 90 - BSP0003/890F,5. HYDRAULICS,Cylinders & Rams,High-Pressure Hoses & Fittings,,Earth Moving Machinery
3/8' BSP MALE FITTING,BSP0003/8MF,FITTING - BSP MALE - BSP0003/8MF,5. HYDRAULICS,Cylinders & Rams,High-Pressure Hoses & Fittings,,Earth Moving Machinery
3/8' BSP STRAIGHT FITTING,BSP0003/8SF,FITTING - BSP STRAIGHT - BSP0003/8SF,5. HYDRAULICS,Cylinders & Rams,High-Pressure Hoses & Fittings,,Earth Moving Machinery
3/8' JIC 90 FITTING,JIC0003/8F,FITTING - JIC 90 - JIC0003/8F,5. HYDRAULICS,Cylinders & Rams,High-Pressure Hoses & Fittings,,Earth Moving Machinery
3/8' JIC 90 FITTING,JIC0003/8F,FITTING - JIC 90 - JIC0003/8F,5. HYDRAULICS,Cylinders & Rams,High-Pressure Hoses & Fittings,,Earth Moving Machinery
3/8' JIC STRAIGHT FITTING,JIC0003/8F,FITTING - JIC STRAIGHT - JIC0003/8F,5. HYDRAULICS,Cylinders & Rams,High-Pressure Hoses & Fittings,,Earth Moving Machinery
3/8' JIC STRAIGHT FITTING,JIC0003/8F,FITTING - JIC STRAIGHT - JIC0003/8F,5. HYDRAULICS,Cylinders & Rams,High-Pressure Hoses & Fittings,,Earth Moving Machinery
3/8' METRIC 12L- MALE,MF0003/812LM,FITTING - METRIC 12L MALE - MF0003/812LM,5. HYDRAULICS,Cylinders & Rams,High-Pressure Hoses & Fittings,,Earth Moving Machinery
3/8' METRIC 90 FITTING- 12L,M0003/89012LF,FITTING - METRIC 90 12L - M0003/89012LF,5. HYDRAULICS,Cylinders & Rams,High-Pressure Hoses & Fittings,,Earth Moving Machinery
3/8' METRIC 90 FITTINGS,M0003/890,FITTING - METRIC 90 - M0003/890,5. HYDRAULICS,Cylinders & Rams,High-Pressure Hoses & Fittings,MANULI,Earth Moving Machinery
3/8' METRIC FITTING 12S 90%,M0003/89012S,FITTING - METRIC 12S 90% - M0003/89012S,5. HYDRAULICS,Cylinders & Rams,High-Pressure Hoses & Fittings,,Earth Moving Machinery
3/8' METRIC FITTING 12S ST,M0003/8S12S,FITTING - METRIC 12S STRAIGHT - M0003/8S12S,5. HYDRAULICS,Cylinders & Rams,High-Pressure Hoses & Fittings,,Earth Moving Machinery
3/8' METRICS 10L STRAIGHT FITT,M0003/8S10L,FITTING - METRICS 10L STRAIGHT - M0003/8S10L,5. HYDRAULICS,Cylinders & Rams,High-Pressure Hoses & Fittings,MANULI,Earth Moving Machinery
3/8' METRICS 12L STRAIGHT FITT,M0003/8S12L,FITTING - METRICS 12L STRAIGHT - M0003/8S12L,5. HYDRAULICS,Cylinders & Rams,High-Pressure Hoses & Fittings,,Earth Moving Machinery
3/8' ORFS 45 FITTING,ORFS0003/845F,FITTING - ORFS 45 - ORFS0003/845F,5. HYDRAULICS,Cylinders & Rams,High-Pressure Hoses & Fittings,,Earth Moving Machinery
3/8' ORFS 90 FITTING,ORFS0003/890F,FITTING - ORFS 90 - ORFS0003/890F,5. HYDRAULICS,Cylinders & Rams,High-Pressure Hoses & Fittings,,Earth Moving Machinery
3/8' ORFS LONGDROP 90 FITTING,ORFS0003/8LD90F,FITTING - ORFS LONGDROP 90 - ORFS0003/8LD90F,5. HYDRAULICS,Cylinders & Rams,High-Pressure Hoses & Fittings,MANULI,Earth Moving Machinery
3/8' ORFS STRAIGHT FITTING,ORFS0003/8SF,FITTING - ORFS STRAIGHT - ORFS0003/8SF,5. HYDRAULICS,Cylinders & Rams,High-Pressure Hoses & Fittings,,Earth Moving Machinery
3/8' PUSH LOCK HOSE,PL0003/8H,HOSE - PUSH LOCK - PL0003/8H,5. HYDRAULICS,Cylinders & Rams,High-Pressure Hoses & Fittings,,Truck
3/8' PUSH LOCK HOSE,PL0003/8H,HOSE - PUSH LOCK - PL0003/8H,5. HYDRAULICS,Cylinders & Rams,High-Pressure Hoses & Fittings,,Truck
3/8' TEFLON COLLARS,T0003/8C,COLLAR - TEFLON - T0003/8C,5. HYDRAULICS,Cylinders & Rams,High-Pressure Hoses & Fittings,MANULI,Truck
3/8' TEFLON HOSE (MTRS),T0003/8H,HOSE - TEFLON - T0003/8H,5. HYDRAULICS,Cylinders & Rams,High-Pressure Hoses & Fittings,MANULI,Truck
3/8' X 1/2' ORFS STRAIGHT FITT,ORFS0003/8X1/2SF,FITTING - ORFS 1/2 STRAIGHT - ORFS0003/8X1/2SF,5. HYDRAULICS,Cylinders & Rams,High-Pressure Hoses & Fittings,MANULI,Earth Moving Machinery
3/8'X1/2' JIC STRAIGH FITTING,JIC0003/8X1/2,FITTING - JIC 1/2 STRAIGHT - JIC0003/8X1/2,5. HYDRAULICS,Cylinders & Rams,High-Pressure Hoses & Fittings,MANULI,Earth Moving Machinery
3/8'X1/2' METRIC 15L STRAIGHT,M0003/8X1/2S15L,FITTING - STRAIGHT - M0003/8X1/2S15L,5. HYDRAULICS,Cylinders & Rams,High-Pressure Hoses & Fittings,,Truck
3/8'X1/2' ORFS 45 FITTINGS,ORFS0003/8X1/245,FITTING - ORFS 45 - ORFS0003/8X1/245,5. HYDRAULICS,Cylinders & Rams,High-Pressure Hoses & Fittings,MANULI,Earth Moving Machinery
3/8'X1/2' ORFS STR FITTINGS,ORFS0003/8X1/2S,,5. HYDRAULICS,Cylinders & Rams,High-Pressure Hoses & Fittings,Manuli,Earth Moving Machinery
30A MINI FUSE,30A 1122,FUSE - MINI - 30A 1122,7. ELECTRICAL & INSTRUMENTATION,Starting & Charging,Batteries & Cables,,Universal / Fleet
30X68X104 SPRING BUSH BPW TRA,0203169000,BUSHING - SPRING - 0203169000,"3. SUSPENSION, STEERING & AXLES",Suspension Systems,Shock Absorbers & Bushes,BPW,Trailer
31 X 10.5R15 TRIANGLE TR292,90817195,TYRE - TRIANGLE TR292 - 31 X 10.5R15,"6. CONSUMABLES, SERVICE & WEAR",Fasteners & Hardware,Tyres & Tyre Accessories,TRIANGLE,LDV
3126B COMPLETE OVERHAUL GASKET,312 6081BS,GASKET - COMPLETE OVERHAUL - 312 6081BS,1. ENGINE & POWERTRAIN,Engine Mechanicals,Engine Seals & Gaskets,Cat,Earth Moving Machinery
315/80 R22.5 RETREAD MM86,90807062,TYRE - RETREAD MM86 - 315/80 R22.5,"6. CONSUMABLES, SERVICE & WEAR",Fasteners & Hardware,Tyres & Tyre Accessories,,Trailer
315/80 R22.5 TRIANGLE TR668,90807095,TYRE - TRIANGLE TR668 - 315/80 R22.5,"6. CONSUMABLES, SERVICE & WEAR",Fasteners & Hardware,Tyres & Tyre Accessories,TRIANGLE,Trailer
315/80 R22.5 TRIANGLE TR880,90807201,TYRE - TRIANGLE TR880 - 315/80 R22.5,"6. CONSUMABLES, SERVICE & WEAR",Fasteners & Hardware,Tyres & Tyre Accessories,TRIANGLE,Trailer
315/80 R22.5 TRIANGLE TRD06,90807162,TYRE - TRIANGLE TRD06 - 315/80 R22.5,"6. CONSUMABLES, SERVICE & WEAR",Fasteners & Hardware,Tyres & Tyre Accessories,TRIANGLE,Truck
315/80R22.5 RETREAD MM36,90817194,TYRE - RETREAD MM36 - 315/80R22.5,"6. CONSUMABLES, SERVICE & WEAR",Fasteners & Hardware,Tyres & Tyre Accessories,,Truck
315/80R22.5 RETREAD MM84,91807062,TYRE - RETREAD MM84 - 315/80R22.5,"6. CONSUMABLES, SERVICE & WEAR",Fasteners & Hardware,Tyres & Tyre Accessories,,Trailer
315/80R22.5 STK RETREAD MM65,908071780,TYRE - RETREAD MM65 - 315/80R22.5,"6. CONSUMABLES, SERVICE & WEAR",Fasteners & Hardware,Tyres & Tyre Accessories,,Trailer
32015-TAPERED ROLLER BEARINGS,32015,BEARING - TAPERED ROLLER - 32015,"3. SUSPENSION, STEERING & AXLES",Axles & Hubs,Wheel Bearings & Seals,NSK,Truck
32015X BEARING,32015X,BEARING - 32015X - 32015X,"3. SUSPENSION, STEERING & AXLES",Axles & Hubs,Wheel Bearings & Seals,NSK,Truck
32022X/Q BEARING F/L DIFF,32022X/Q,BEARING - F/L DIFF - 32022X/Q,"3. SUSPENSION, STEERING & AXLES",Axles & Hubs,Wheel Bearings & Seals,FAG,Truck
32MM SPIRAL GUARDS SPW/32,SPW/32,GUARD - SPIRAL - SPW/32,"6. CONSUMABLES, SERVICE & WEAR",Fasteners & Hardware,Workshop Consumables,,Universal Workshop
33MM SPIRAL SLEEVE CTP33NWS2,CTP33NWS2,SLEEVE - SPIRAL - CTP33NWS2,"6. CONSUMABLES, SERVICE & WEAR",Fasteners & Hardware,Workshop Consumables,,Universal Workshop
38 X 57 X 10MM LIP SEAL 962GII,E783,SEAL - LIP - E783,"3. SUSPENSION, STEERING & AXLES",Axles & Hubs,Wheel Bearings & Seals,,Earth Moving Machinery
385/65 R22.5 RETREAD M68,90807063,TYRE - RETREAD M68 - 385/65 R22.5,"6. CONSUMABLES, SERVICE & WEAR",Fasteners & Hardware,Tyres & Tyre Accessories,,Trailer
385/65R22.5 RETREAD M15,90817185,TYRE - RETREAD M15 - 385/65R22.5,"6. CONSUMABLES, SERVICE & WEAR",Fasteners & Hardware,Tyres & Tyre Accessories,,Trailer
385/65R22.5 TRIANGLE TR697,90807082,TYRE - TRIANGLE TR697 - 385/65R22.5,"6. CONSUMABLES, SERVICE & WEAR",Fasteners & Hardware,Tyres & Tyre Accessories,,Truck
385/65R22.5 TRIANGLE TRT02,90807191,TYRE - TRIANGLE TRT02 - 385/65R22.5,"6. CONSUMABLES, SERVICE & WEAR",Fasteners & Hardware,Tyres & Tyre Accessories,TRIANGLE,Truck
385/65R22.5-24 STEER/TRAILER T,DSR/DMS100,TYRE - STEER/TRAILER T - 385/65R22.5-24,"6. CONSUMABLES, SERVICE & WEAR",Fasteners & Hardware,Tyres & Tyre Accessories,DOUBLE,Truck
3M WHITE REFLECTIVE TAPE,EB000901W,TAPE - REFLECTIVE WHITE - EB000901W,"6. CONSUMABLES, SERVICE & WEAR",Fasteners & Hardware,Workshop Consumables,,Trailer
3M YELLOW REFLECTIVE TAPE,EB000801M,TAPE - REFLECTIVE YELLOW - EB000801M,"6. CONSUMABLES, SERVICE & WEAR",Fasteners & Hardware,Workshop Consumables,,Trailer
3MM BRAZING WIRE X 1MTR,11162251135,WIRE - BRAZING - 11162251135,"6. CONSUMABLES, SERVICE & WEAR",Fasteners & Hardware,Workshop Consumables,,Universal Workshop
3MM PESPEX FULL SHEET,PSC3MM,SHEET - PESPEX FULL - PSC3MM,"2. CABIN, BODY & CHASSIS","Body, Glass & Mirrors",Windshields & Windows,,Universal Workshop
3MM PLATES,PL0003,PLATE - 3MM - PL0003,"6. CONSUMABLES, SERVICE & WEAR",Fasteners & Hardware,Hardware & Brackets (Nuts/Bolts/Raw Steel),,Universal Workshop
4' CUTTING DISCS,3249310010,DISC - CUTTING - 4' / 3249310010,"6. CONSUMABLES, SERVICE & WEAR",Fasteners & Hardware,Workshop Consumables,,Universal Workshop
4' FLAP DISC,164728203,DISC - FLAP - 4' / 164728203,"6. CONSUMABLES, SERVICE & WEAR",Fasteners & Hardware,Workshop Consumables,,Universal Workshop
4' GRINDING DISCS,3249310009,DISC - GRINDING - 4' / 3249310009,"6. CONSUMABLES, SERVICE & WEAR",Fasteners & Hardware,Workshop Consumables,Chisa,Universal Workshop
4 PIN D13 INJECTOR VOLVO 21340,21340611,INJECTOR - D13 - VOLVO 21340,1. ENGINE & POWERTRAIN,Fuel & Air Induction,Fuel Pumps & Injectors,volvo,Truck
"4 PIN RELAY 24V, 70A FOR VOLVO",1.21093,RELAY - POWER - 24V / 1.21093,7. ELECTRICAL & INSTRUMENTATION,Sensors & Instrumentation,Wiring Harnesses & Relays,hella,Truck
4 PIN SPEED SENSOR SOCKET LON3,LON330128,SENSOR - SPEED - LON3 / LON330128,7. ELECTRICAL & INSTRUMENTATION,Sensors & Instrumentation,Wiring Harnesses & Relays,,Truck
4' UREST MATTRESS,4'MATTRESS,MATTRESS - UREST - 4' / 4'MATTRESS,"2. CABIN, BODY & CHASSIS",HVAC & Cabin Comfort,Cab Trim & Interior Accessories,,Truck
4' UREST MATTRESS,4MATTRESS,,"2. CABIN, BODY & CHASSIS",HVAC & Cabin Comfort,Cab Trim & Interior Accessories,,Truck
4 WAY VALVE 2.44043 / 10447,2.44043,VALVE - CONTROL - 2.44043 / 2.44043,4. BRAKES & PNEUMATICS,Brake Actuation & Control,Air Valves & Governors,,Truck
4.5'X1MTR FLEXIBLE EXHAUST PIP,2.14525,PIPE - EXHAUST - 4.5'X1MTR / 2.14525,1. ENGINE & POWERTRAIN,Fuel & Air Induction,Turbochargers & Manifolds,DT,Truck
40 LED STROBE LIGHT AMBER BEAC,28680,LIGHT - STROBE - AMBER / 28680,7. ELECTRICAL & INSTRUMENTATION,Lighting & Signage,Beacons & Tail Lights,,Universal / Fleet
40-60MM HOSE CLAMPS,C001010,CLAMP - HOSE - 40-60MM / C001010,"6. CONSUMABLES, SERVICE & WEAR",Fasteners & Hardware,Hardware & Brackets (Nuts/Bolts/Raw Steel),,Universal Workshop
40-60MM HOSE CLAMPS,C001010,CLAMP - HOSE - 40-60MM / C001010,"6. CONSUMABLES, SERVICE & WEAR",Fasteners & Hardware,Hardware & Brackets (Nuts/Bolts/Raw Steel),,Universal Workshop
4-CIRCUIT-PROTECTION VALVE VOL,2.44037,VALVE - PROTECTION - 2.44037 / 2.44037,4. BRAKES & PNEUMATICS,Brake Actuation & Control,Air Valves & Governors,Lua lua,Truck
4MM WELDING ELECTRODES E7018-1,E7018-1,ELECTRODE - WELDING - 4MM / E7018-1,"6. CONSUMABLES, SERVICE & WEAR",Fasteners & Hardware,Workshop Consumables,Chisa,Universal Workshop
5 PIN 24V RELAY 0986332404,0986332404,RELAY - POWER - 24V / 0986332404,7. ELECTRICAL & INSTRUMENTATION,Sensors & Instrumentation,Wiring Harnesses & Relays,BOSCH,Truck
5 PIN RELAY FOR VOLVO 6.81036,6.81036,RELAY - POWER - VOLVO / 6.81036,7. ELECTRICAL & INSTRUMENTATION,Sensors & Instrumentation,Wiring Harnesses & Relays,DT,Truck
5/8' 18L METRIC STRAIGHT FITTI,M0005/818LSF,FITTING - STRAIGHT - 5/8' 18L / M0005/818LSF,5. HYDRAULICS,Cylinders & Rams,High-Pressure Hoses & Fittings,,Earth Moving Machinery
5/8' 5 WIRE COLLARS,5W0005/8C,COLLAR - WIRE - 5/8' / 5W0005/8C,5. HYDRAULICS,Cylinders & Rams,High-Pressure Hoses & Fittings,,Earth Moving Machinery
5/8' 5 WIRE HOSE,5W0005/8H,HOSE - WIRE - 5/8' / 5W0005/8H,5. HYDRAULICS,Cylinders & Rams,High-Pressure Hoses & Fittings,,Earth Moving Machinery
5/8' METRIC 18L FITTING- 90,M0005/818L90SF,FITTING - 90 - 5/8' METRIC 18L / M0005/818L90SF,5. HYDRAULICS,Cylinders & Rams,High-Pressure Hoses & Fittings,MANULI,Earth Moving Machinery
5/8' ORFS 45 FITTING,ORFS0005/845F,FITTING - 45 - 5/8' ORFS / ORFS0005/845F,5. HYDRAULICS,Cylinders & Rams,High-Pressure Hoses & Fittings,,Earth Moving Machinery
5/8' ORFS 90 FITTING,ORFS0005/890F,FITTING - 90 - 5/8' ORFS / ORFS0005/890F,5. HYDRAULICS,Cylinders & Rams,High-Pressure Hoses & Fittings,,Earth Moving Machinery
5/8' ORFS STRAIGHT FITTING,ORFS0005/8SF,FITTING - STRAIGHT - 5/8' ORFS / ORFS0005/8SF,5. HYDRAULICS,Cylinders & Rams,High-Pressure Hoses & Fittings,,Earth Moving Machinery
5/8' PUSH LOCK HOSE,PL0005/8H,HOSE - PUSH LOCK - 5/8' / PL0005/8H,5. HYDRAULICS,Cylinders & Rams,High-Pressure Hoses & Fittings,,Truck
5/8' TEFLON COLLARS,T0005/8C,COLLAR - TEFLON - 5/8' / T0005/8C,5. HYDRAULICS,Cylinders & Rams,High-Pressure Hoses & Fittings,,Earth Moving Machinery
5/8'X3/4' ORFS 90,ORFS00058/3/490,FITTING - 90 - 5/8'X3/4' ORFS / ORFS00058/3/490,5. HYDRAULICS,Cylinders & Rams,High-Pressure Hoses & Fittings,Manuli,Earth Moving Machinery
5/8'X3/4' ORFS STRAIGHT FITTIN,ORFS0005/8X3/4SF,FITTING - STRAIGHT - 5/8'X3/4' ORFS / ORFS0005/8X3/4SF,5. HYDRAULICS,Cylinders & Rams,High-Pressure Hoses & Fittings,MANULI,Earth Moving Machinery
50 X 50 X 3MM SQUARE TUBE 6M,SQT,TUBE - SQUARE - 50 X 50 X 3MM / SQT,"6. CONSUMABLES, SERVICE & WEAR",Fasteners & Hardware,Hardware & Brackets (Nuts/Bolts/Raw Steel),,Universal Workshop
50-70MM HOSE CLAMPS,C001011,CLAMP - HOSE - 50-70MM / C001011,"6. CONSUMABLES, SERVICE & WEAR",Fasteners & Hardware,Hardware & Brackets (Nuts/Bolts/Raw Steel),,Universal Workshop
50MM CASTLE PADLOCK,8367097178,PADLOCK - CASTLE - 50MM / 8367097178,"6. CONSUMABLES, SERVICE & WEAR",Fasteners & Hardware,Workshop Consumables,,Universal Workshop
50MT 24V JF BOSCH REPAIR KIT,SK963,REPAIR KIT - JF - 50MT 24V / SK963,7. ELECTRICAL & INSTRUMENTATION,Starting & Charging,Starter Motors,Bosch,Truck
566425.H195 REAR HUB BEARING 2,2.96207,BEARING - HUB - REAR / 2.96207,"3. SUSPENSION, STEERING & AXLES",Axles & Hubs,Wheel Bearings & Seals,DT,Truck
566425.H195 REAR HUB BEARING 2,2.96207,BEARING - HUB - REAR / 2.96207,"3. SUSPENSION, STEERING & AXLES",Axles & Hubs,Wheel Bearings & Seals,DT,Truck
566425.H195 REAR HUB BEARING 2,2.96207,BEARING - HUB - REAR / 2.96207,"3. SUSPENSION, STEERING & AXLES",Axles & Hubs,Wheel Bearings & Seals,DT,Truck
5TH WHEEL 185MM FOR TRUCKS,JSK37C-185D,WHEEL - FIFTH - JSK37C-185D,"2. CABIN, BODY & CHASSIS",Structural Chassis & Towing,Fifth Wheels & Kingpins,FRUEHAUF,Truck
6' UREST SINGLE MATRESS,8467197182,MATRESS - SINGLE - 8467197182,"2. CABIN, BODY & CHASSIS",HVAC & Cabin Comfort,Cab Trim & Interior Accessories,,Truck
6003-2RSH/C3 BEARING,6003-2RSH/C3,BEARING - BALL - 6003-2RSH/C3,"3. SUSPENSION, STEERING & AXLES",Axles & Hubs,Wheel Bearings & Seals,TIMKEN,Universal / Fleet
6008 VOLVO CABIN BEARINGS,6008,BEARING - BALL - 6008,"3. SUSPENSION, STEERING & AXLES",Axles & Hubs,Wheel Bearings & Seals,skf,Truck
60-80MM HOSE CLAMP,C001012,CLAMP - HOSE - C001012,"6. CONSUMABLES, SERVICE & WEAR",Fasteners & Hardware,Hardware & Brackets (Nuts/Bolts/Raw Steel),DT,Universal Workshop
6203-2RSH/C3 BEARING,6203-2RSH/C3,BEARING - BALL - 6203-2RSH/C3,"3. SUSPENSION, STEERING & AXLES",Axles & Hubs,Wheel Bearings & Seals,TIMKEN,Universal / Fleet
62305-2RSI BEARING,62305-2RSI,BEARING - BALL - 62305-2RSI,"3. SUSPENSION, STEERING & AXLES",Axles & Hubs,Wheel Bearings & Seals,,Universal / Fleet
6303DDUC3 BEARING,6303DDUC3,BEARING - BALL - 6303DDUC3,"3. SUSPENSION, STEERING & AXLES",Axles & Hubs,Wheel Bearings & Seals,TIMKEN,Universal / Fleet
6305 C3 FAG BEARING,6305FAG,BEARING - BALL - 6305FAG,"3. SUSPENSION, STEERING & AXLES",Axles & Hubs,Wheel Bearings & Seals,Koyo,Universal / Fleet
6LEGS TOGGLE SWITCH,112233449,SWITCH - TOGGLE - 112233449,7. ELECTRICAL & INSTRUMENTATION,Sensors & Instrumentation,Wiring Harnesses & Relays,,Universal / Fleet
6MM INSERT 1MM 9.87004,9.87004,INSERT - 6MM - 9.87004,4. BRAKES & PNEUMATICS,Air Lines & Fittings,Push-in Fittings & Couplers,Dt,Universal / Fleet
6MM NYLON PIPE,2247010005,PIPE - NYLON - 2247010005,4. BRAKES & PNEUMATICS,Air Lines & Fittings,"Hoses, Pipes & Tubes",,Universal / Fleet
6MM SLEEVES RPV6T,RPV6TB30,SLEEVE - 6MM - RPV6TB30,4. BRAKES & PNEUMATICS,Air Lines & Fittings,"Hoses, Pipes & Tubes",,Universal / Fleet
6MM STEEL TEE CONNECTOR,2260030006,CONNECTOR - TEE - 2260030006,4. BRAKES & PNEUMATICS,Air Lines & Fittings,Push-in Fittings & Couplers,,Universal / Fleet
6Y 5799 LOCK D6R,6Y 5799,LOCK - D6R - 6Y 5799,5. HYDRAULICS,Ground Engaging Tools (GET),Bucket Teeth & Adapters,Cat,Earth Moving Machinery
7.5A MINI FUSE,7.5A 1122,FUSE - MINI - 7.5A 1122,7. ELECTRICAL & INSTRUMENTATION,Starting & Charging,Batteries & Cables,,Universal / Fleet
7/8' PUSH LOCK PIPE,PL0007/8P,PIPE - PUSH LOCK - PL0007/8P,5. HYDRAULICS,Cylinders & Rams,High-Pressure Hoses & Fittings,,Earth Moving Machinery
70-90MM HOSE CLAMP,C001013,CLAMP - HOSE - C001013,"6. CONSUMABLES, SERVICE & WEAR",Fasteners & Hardware,Hardware & Brackets (Nuts/Bolts/Raw Steel),,Universal Workshop
750ML SOLDERING FLUID,8367097166,FLUID - SOLDERING - 8367097166,"6. CONSUMABLES, SERVICE & WEAR",Paints & Chemicals,Fluids & Aerosols (Cleaners/Sealants),,Universal Workshop
7PIN FEMALE ELECTRICAL CONNECT,0564000,CONNECTOR - ELECTRICAL - 0564000,7. ELECTRICAL & INSTRUMENTATION,Sensors & Instrumentation,Wiring Harnesses & Relays,,Trailer
7PK 2300 V-BELT,7PK 2300,BELT - V - 7PK 2300,1. ENGINE & POWERTRAIN,Cooling System,Belts & Tensioners,TOYOTA,LDV
8 CYLINDER PUMP SERVICE,93717868,PUMP - CYLINDER - 93717868,1. ENGINE & POWERTRAIN,Fuel & Air Induction,Fuel Pumps & Injectors,MERCEDES-BENZ,Truck
8' ENGINEERS BENCH VICE,8367197178,VICE - BENCH - 8367197178,"6. CONSUMABLES, SERVICE & WEAR",Fasteners & Hardware,Workshop Consumables,,Universal Workshop
8 X 12 X 12MM TEE BULK HEAD,81212TBH,BULKHEAD - TEE - 81212TBH,4. BRAKES & PNEUMATICS,Air Lines & Fittings,Push-in Fittings & Couplers,,Universal / Fleet
8040.25 D.104 PISTON RING FIAT,241390,RING - PISTON - FIAT / 241390,1. ENGINE & POWERTRAIN,Engine Mechanicals,"Pistons, Rings & Liners",IVECO,Universal / Fleet
8061SI25/35 GASKET SET 200060,200060,SET - GASKET - 200060,1. ENGINE & POWERTRAIN,Engine Mechanicals,Engine Seals & Gaskets,IVECO,Universal / Fleet
80A MAIN FUSE BLACK,8367197189,FUSE - MAIN - 80A BLACK / 8367197189,7. ELECTRICAL & INSTRUMENTATION,Starting & Charging,Batteries & Cables,,Universal / Fleet
8-10MM LINE CONNECTOR,10223357,CONNECTOR - LINE - 10223357,4. BRAKES & PNEUMATICS,Air Lines & Fittings,"Hoses, Pipes & Tubes",,Universal / Fleet
8600 BAR PRESSURE GAUGE,8600PG,GAUGE - PRESSURE - 8600PG,"6. CONSUMABLES, SERVICE & WEAR",Fasteners & Hardware,Workshop Consumables,,Universal Workshop
8MM NYLON PIPE,2247010008,PIPE - NYLON - 2247010008,4. BRAKES & PNEUMATICS,Air Lines & Fittings,"Hoses, Pipes & Tubes",,Universal / Fleet
8MM PUSH IN LINE CONNECTOR 5A1,5A1H0004,CONNECTOR - LINE - 5A1 / 5A1H0004,4. BRAKES & PNEUMATICS,Air Lines & Fittings,Push-in Fittings & Couplers,,Universal / Fleet
8MM SLEEVE RPV8T30,RPV8TB30,SLEEVE - RPV - RPV8T30 / RPV8TB30,4. BRAKES & PNEUMATICS,Air Lines & Fittings,Push-in Fittings & Couplers,,Universal / Fleet
8MM STEEL ELBOW,2260041212,ELBOW - STEEL - 2260041212 / 2260041212,4. BRAKES & PNEUMATICS,Air Lines & Fittings,Push-in Fittings & Couplers,,Universal / Fleet
8MM STEEL LINE CONNECTOR,2260050008,CONNECTOR - LINE - STEEL / 2260050008,4. BRAKES & PNEUMATICS,Air Lines & Fittings,Push-in Fittings & Couplers,,Universal / Fleet
8MM STEEL TEE CONNECTOR,2260041408,CONNECTOR - TEE - STEEL / 2260041408,4. BRAKES & PNEUMATICS,Air Lines & Fittings,Push-in Fittings & Couplers,,Universal / Fleet
8PK 1537 ALTERNATOR BELT,8PK 1537,BELT - ALTERNATOR - 8PK / 8PK 1537,1. ENGINE & POWERTRAIN,Cooling System,Belts & Tensioners,,Truck
8PK 1537 ALTERNATOR BELT,8PK 1537,BELT - ALTERNATOR - 8PK / 8PK 1537,1. ENGINE & POWERTRAIN,Cooling System,Belts & Tensioners,,Truck
9' 22.5' SECOND HAND RIM,90817183,RIM - SECOND HAND - 22.5' / 90817183,"6. CONSUMABLES, SERVICE & WEAR",Fasteners & Hardware,Tyres & Tyre Accessories,,Universal / Fleet
9' CUTTING DISCS,3249310007,DISC - CUTTING - 9' / 3249310007,"6. CONSUMABLES, SERVICE & WEAR",Fasteners & Hardware,Workshop Consumables,PFERD,Universal Workshop
9' GRINDING DISCS,3249310008,DISC - GRINDING - 9' / 3249310008,"6. CONSUMABLES, SERVICE & WEAR",Fasteners & Hardware,Workshop Consumables,PFERD,Universal Workshop
950H LIFT CYLINDER RECON/OUTRI,242 4271,CYLINDER - LIFT - 950H / 242 4271,5. HYDRAULICS,Cylinders & Rams,Cylinder Rods & Barrels,Cat,Earth Moving Machinery
950H TILT CYLINDER RECON/OUTRI,356 2217,CYLINDER - TILT - 950H / 356 2217,5. HYDRAULICS,Cylinders & Rams,Cylinder Rods & Barrels,Cat,Earth Moving Machinery
9KG DCP FIRE EXTINGUISHER,8467098179,EXTINGUISHER - FIRE - DCP 9KG / 8467098179,"6. CONSUMABLES, SERVICE & WEAR",Fasteners & Hardware,Workshop Consumables,,Universal Workshop
9V ENERGIZER BATTERY,8367297171,BATTERY - ENERGIZER - 9V / 8367297171,7. ELECTRICAL & INSTRUMENTATION,Starting & Charging,Batteries & Cables,Energizer,Universal Workshop
9X 3401 MALE PIN CONNECTOR T44,T44600D9674,CONNECTOR - MALE PIN - 9X / T44600D9674,7. ELECTRICAL & INSTRUMENTATION,Sensors & Instrumentation,Wiring Harnesses & Relays,,Universal / Fleet
ABS ECU VERSION 4 22119392,22119392,ECU - ABS - VERSION 4 / 22119392,4. BRAKES & PNEUMATICS,Brake Actuation & Control,ABS Sensors & ECUs,KNORR-BREMSE,Truck
ABS SENSOR 6PU230052-561,6PU230052-561,SENSOR - ABS - 6PU230052-561 / 6PU230052-561,4. BRAKES & PNEUMATICS,Brake Actuation & Control,ABS Sensors & ECUs,HELLA,Truck
ABS SENSOR DT2.25540,DT2.25540,SENSOR - ABS - DT2.25540 / DT2.25540,4. BRAKES & PNEUMATICS,Brake Actuation & Control,ABS Sensors & ECUs,DT,Truck
ABS SENSOR FOR VOLVO 2.25541 V,2.25541,SENSOR - ABS - VOLVO 2.25541 / 2.25541,4. BRAKES & PNEUMATICS,Brake Actuation & Control,ABS Sensors & ECUs,DT,Truck
ABS SENSOR RING 2.65149 / 2.65,2.65149,RING - ABS SENSOR - 2.65149 / 2.65149,4. BRAKES & PNEUMATICS,Brake Actuation & Control,ABS Sensors & ECUs,DT,Truck
ABS SENSOR V3 086.444-00A,086.444-00A,SENSOR - ABS - V3 / 086.444-00A,4. BRAKES & PNEUMATICS,Brake Actuation & Control,ABS Sensors & ECUs,PE,Truck
"ABS SENSOR, 1500MM, FRONT 2.48",2.48015,SENSOR - ABS - FRONT 1500MM / 2.48015,4. BRAKES & PNEUMATICS,Brake Actuation & Control,ABS Sensors & ECUs,,Truck
"ABS SENSOR, 438/5MM, TYPE A 2.",2.2554,SENSOR - ABS - TYPE A 438/5MM / 2.2554,4. BRAKES & PNEUMATICS,Brake Actuation & Control,ABS Sensors & ECUs,GAM,Truck
"ABS SENSOR,2730MM, TYPE B 2.25",2.25333,SENSOR - ABS - TYPE B 2730MM / 2.25333,4. BRAKES & PNEUMATICS,Brake Actuation & Control,ABS Sensors & ECUs,DT,Truck
ABSORBER ASSY SHOCK 485108Z493,485108Z493,ASSY - SHOCK ABSORBER - 485108Z493 / 485108Z493,"3. SUSPENSION, STEERING & AXLES",Suspension Systems,Shock Absorbers & Bushes,,LDV
ACCELERATOR CABLE CONTROL HYST,100200315,CABLE - ACCELERATOR CONTROL - HYST / 100200315,1. ENGINE & POWERTRAIN,Fuel & Air Induction,Turbochargers & Manifolds,,Earth Moving Machinery
ACCUMLATOR 186 6189,186 6189,ACCUMULATOR - 186 - 186 6189 / 186 6189,5. HYDRAULICS,Cylinders & Rams,Cylinder Rods & Barrels,Michigan Cat,Earth Moving Machinery
ACTUATION INJECTOR OIL SENSOR,224 4536,,7. ELECTRICAL & INSTRUMENTATION,Sensors & Instrumentation,Pressure & Temp Switches,Cat,Earth Moving Machinery
ACTUATOR ASSY 479 3060 950/962,479 3060,ASSY - ACTUATOR - 950/962 / 479 3060,5. HYDRAULICS,Cylinders & Rams,Cylinder Rods & Barrels,,Earth Moving Machinery
ADAPTERS 424725,424725,ADAPTER - 424725 - 424725 / 424725,5. HYDRAULICS,Ground Engaging Tools (GET),Bucket Teeth & Adapters,,Earth Moving Machinery
ADJUSTABLE RADUIS ROD ARM HE,SE000402AT,ARM - RADIUS - ADJUSTABLE HE / SE000402AT,"3. SUSPENSION, STEERING & AXLES",Suspension Systems,Shock Absorbers & Bushes,FRUEHAUF,Trailer
AELOUS 29.5R25 E-4 42MM TYRE,9125284,TYRE - AELOUS - 29.5R25 E-4 42MM / 9125284,"6. CONSUMABLES, SERVICE & WEAR",Fasteners & Hardware,Tyres & Tyre Accessories,AELOUS,Earth Moving Machinery
AELOUS 29.5R25 E-4 53MM TYRE,9125287,TYRE - R25 - AELOUS / 9125287,"6. CONSUMABLES, SERVICE & WEAR",Fasteners & Hardware,Tyres & Tyre Accessories,,Earth Moving Machinery
AIR BAG BPW AGRO FUEL TRAILERS,SP55881-K,BAG - AIR - BPW / SP55881-K,"3. SUSPENSION, STEERING & AXLES",Suspension Systems,Air Springs (Bags),BPW,Trailer
AIR BELLOW CLAMP 8149204,8149204,CLAMP - AIR BELLOW - 8149204,"3. SUSPENSION, STEERING & AXLES",Suspension Systems,Air Springs (Bags),,Truck
AIR CLEANER RAV4 17801-31120,17801-31120,CLEANER - AIR - RAV4 / 17801-31120,1. ENGINE & POWERTRAIN,Fuel & Air Induction,Air Filtration,TOYOTA,LDV
AIR COMPRESSOR 2.44996,2.44996,COMPRESSOR - AIR - 2.44996,4. BRAKES & PNEUMATICS,Brake Actuation & Control,Air Valves & Governors,DT,Truck
AIR COMPRESSOR 2.44996,2.44996,COMPRESSOR - AIR - 2.44996,4. BRAKES & PNEUMATICS,Brake Actuation & Control,Air Valves & Governors,DT,Truck
AIR COMPRESSOR 2.44996/VADEN V,2.44996,COMPRESSOR - AIR - VADEN / 2.44996,4. BRAKES & PNEUMATICS,Brake Actuation & Control,Air Valves & Governors,DT,Truck
AIR COMPRESSOR 2.44996/VADEN V,2.44996,COMPRESSOR - AIR - VADEN / 2.44996,4. BRAKES & PNEUMATICS,Brake Actuation & Control,Air Valves & Governors,DT,Truck
AIR COMPRESSOR PISTON RING KIT,2.94034,KIT - PISTON RING - AIR COMPRESSOR / 2.94034,4. BRAKES & PNEUMATICS,Brake Actuation & Control,Air Valves & Governors,VADEN,Truck
AIR COMPRESSOR RECONDITION FOR,WAB9125140091,COMPRESSOR - AIR - WABCO / WAB9125140091,4. BRAKES & PNEUMATICS,Brake Actuation & Control,Air Valves & Governors,Volvo,Truck
AIR CON COMPRESSOR R-134A ADT,218-0324,COMPRESSOR - AIR CON - ADT / 218-0324,"2. CABIN, BODY & CHASSIS",HVAC & Cabin Comfort,AC Compressors & Evaporators,,Earth Moving Machinery
AIR CON FILTER AC 72,AC 72,FILTER - AIR CON - AC / AC 72,"2. CABIN, BODY & CHASSIS",HVAC & Cabin Comfort,Cab Trim & Interior Accessories,TOYOTA,Earth Moving Machinery
AIR CON FILTER AC 72,AC 72,FILTER - AIR CON - AC / AC 72,"2. CABIN, BODY & CHASSIS",HVAC & Cabin Comfort,Cab Trim & Interior Accessories,TOYOTA,LDV
AIR CON FILTER AC 72 TOYOTA RA,AC 72,FILTER - AIR CON - TOYOTA RA / AC 72,"2. CABIN, BODY & CHASSIS",HVAC & Cabin Comfort,Cab Trim & Interior Accessories,TOYOTA,Earth Moving Machinery
AIR CON FILTER AC 72 TOYOTA RA,AC 72,FILTER - AIR CON - TOYOTA RA / AC 72,"2. CABIN, BODY & CHASSIS",HVAC & Cabin Comfort,Cab Trim & Interior Accessories,TOYOTA,LDV
AIR CON FILTER COMPACTER 180 7,180-7487,FILTER - AIR CON - COMPACTER / 180-7487,"2. CABIN, BODY & CHASSIS",HVAC & Cabin Comfort,Cab Trim & Interior Accessories,Caterpillar,Earth Moving Machinery
AIR CON FILTER FOR ALL ADTS P,P637255,FILTER - AIR CON - ALL ADTS / P637255,"2. CABIN, BODY & CHASSIS",HVAC & Cabin Comfort,Cab Trim & Interior Accessories,Donaldson,Earth Moving Machinery
AIR CON FILTER P606087,P606087,FILTER - AIR CON - P606087 / P606087,"2. CABIN, BODY & CHASSIS",HVAC & Cabin Comfort,Cab Trim & Interior Accessories,Donaldson,Earth Moving Machinery
AIR CON FILTER P780298,P780298,FILTER - AIR CON - P780298 / P780298,"2. CABIN, BODY & CHASSIS",HVAC & Cabin Comfort,Cab Trim & Interior Accessories,Donaldson,Earth Moving Machinery
AIR CON FILTER TOYOTA HILUX /,87139-OK090,FILTER - AIR CON - TOYOTA HILUX / 87139-OK090,"2. CABIN, BODY & CHASSIS",HVAC & Cabin Comfort,Cab Trim & Interior Accessories,TOYOTA,LDV
AIR CON HOSE ASSY 194 7899,194 7899,HOSE - AIR CON - ASSY / 194 7899,"2. CABIN, BODY & CHASSIS",HVAC & Cabin Comfort,AC Compressors & Evaporators,Michigan Cat,Earth Moving Machinery
AIR CON HOSE PIPE ADT 730 283,283 6344,HOSE - AIR CON - PIPE ADT / 283 6344,"2. CABIN, BODY & CHASSIS",HVAC & Cabin Comfort,AC Compressors & Evaporators,Cat,Earth Moving Machinery
AIR COUPLING FEMALE,3523120,COUPLING - AIR - FEMALE / 3523120,4. BRAKES & PNEUMATICS,Air Lines & Fittings,Push-in Fittings & Couplers,,Truck
AIR COUPLING MALE,3525237,COUPLING - AIR - MALE / 3525237,4. BRAKES & PNEUMATICS,Air Lines & Fittings,Push-in Fittings & Couplers,,Truck
AIR DRY CARTRIDGE - SILENCER V,4324070180,CARTRIDGE - AIR DRY - SILENCER V / 4324070180,4. BRAKES & PNEUMATICS,Brake Actuation & Control,Air Valves & Governors,DT,Truck
AIR DRYER 3E 3535,3E-3535,DRYER - AIR - 3E / 3E-3535,4. BRAKES & PNEUMATICS,Brake Actuation & Control,Air Valves & Governors,CAT,Truck
AIR DRYER FILTER UNIVERSAL P95,P951413/P781466,FILTER - AIR DRYER - UNIVERSAL / P951413/P781466,4. BRAKES & PNEUMATICS,Brake Actuation & Control,Air Valves & Governors,DT,Truck
AIR DRYER FILTER UNIVERSAL P95,1.31809,,4. BRAKES & PNEUMATICS,Brake Actuation & Control,Air Valves & Governors,DT,Truck
AIR DRYER SILENCES 1.18362,1.18362,DRYER - AIR - SILENCES / 1.18362,4. BRAKES & PNEUMATICS,Brake Actuation & Control,Air Valves & Governors,DT,Truck
AIR DRYER W UNLOADER-12 BAR 30,2.44252,DRYER - AIR - UNLOADER / 2.44252,4. BRAKES & PNEUMATICS,Brake Actuation & Control,Air Valves & Governors,DT,Truck
AIR DRYER W UNLOADER-12 BAR 30,2.44252,DRYER - AIR - UNLOADER / 2.44252,4. BRAKES & PNEUMATICS,Brake Actuation & Control,Air Valves & Governors,DT,Truck
"AIR DRYER, MANUAL V3 COMPLETE",2.44252,DRYER - AIR - MANUAL V3 / 2.44252,4. BRAKES & PNEUMATICS,Brake Actuation & Control,Air Valves & Governors,DT,Truck
"AIR DRYER, MANUAL V3 COMPLETE",2.44252,DRYER - AIR - MANUAL V3 / 2.44252,4. BRAKES & PNEUMATICS,Brake Actuation & Control,Air Valves & Governors,DT,Truck
AIR FILTER 17801-0C010,17801-0C010,FILTER - AIR - 17801-0C010 / 17801-0C010,1. ENGINE & POWERTRAIN,Fuel & Air Induction,Air Filtration,TOYOTA,LDV
AIR FILTER 17801-0C010,17801-0C010,FILTER - AIR - 17801-0C010 / 17801-0C010,1. ENGINE & POWERTRAIN,Fuel & Air Induction,Air Filtration,TOYOTA,LDV
AIR FILTER 17801-0L040,17801-0L040,FILTER - AIR - 17801-0L040 / 17801-0L040,1. ENGINE & POWERTRAIN,Fuel & Air Induction,Air Filtration,DRIVEPAL,Earth Moving Machinery
AIR FILTER 3222 3196 06,3222 3196 06,FILTER - AIR - 3222 3196 06 / 3222 3196 06,1. ENGINE & POWERTRAIN,Fuel & Air Induction,Air Filtration,Sf,Earth Moving Machinery
AIR FILTER C2348,C2348,FILTER - AIR - C2348 / C2348,1. ENGINE & POWERTRAIN,Fuel & Air Induction,Air Filtration,MANN FILTER,Earth Moving Machinery
AIR FILTER DRILL RIG P785389,P785389,FILTER - AIR - P785389,1. ENGINE & POWERTRAIN,Fuel & Air Induction,Air Filtration,Donaldson,Earth Moving Machinery
AIR FILTER EX 365 EX 374 DBA 5,132 7168/DBA5219,FILTER - AIR - DBA5219 / 132 7168,1. ENGINE & POWERTRAIN,Fuel & Air Induction,Air Filtration,,Earth Moving Machinery
AIR FILTER FOR COASTER BUS DBA,DBA5110,FILTER - AIR - DBA5110,1. ENGINE & POWERTRAIN,Fuel & Air Induction,Air Filtration,Donaldson,LDV
AIR FILTER FOR DRIL RIG PRIMAR,P785390,FILTER - AIR - P785390,1. ENGINE & POWERTRAIN,Fuel & Air Induction,Air Filtration,,Earth Moving Machinery
AIR FILTER FOR GRADER 245 6376,245 6376,FILTER - AIR - 245 6376,1. ENGINE & POWERTRAIN,Fuel & Air Induction,Air Filtration,CAT,Earth Moving Machinery
AIR FILTER FOR HYSTER FORK LIF,131 8821/P536492,FILTER - AIR - P536492 / 131 8821,1. ENGINE & POWERTRAIN,Fuel & Air Induction,Air Filtration,Donaldson,Auxillary
AIR FILTER FOR TOYOTA HAICE BU,P500028,FILTER - AIR - P500028,1. ENGINE & POWERTRAIN,Fuel & Air Induction,Air Filtration,Donaldson,LDV
AIR FILTER FOR TOYOTA HILUX 17,17801-0C010,FILTER - AIR - 17801-0C010,1. ENGINE & POWERTRAIN,Fuel & Air Induction,Air Filtration,TOYOTA,LDV
AIR FILTER FOR TOYOTA HILUX 17,17801-0C010,FILTER - AIR - 17801-0C010,1. ENGINE & POWERTRAIN,Fuel & Air Induction,Air Filtration,TOYOTA,LDV
AIR FILTER FOR TOYOTA HILUX AG,AG 1438/ 17810C010,FILTER - AIR - 17810C010 / AG 1438,1. ENGINE & POWERTRAIN,Fuel & Air Induction,Air Filtration,TOYOTA,LDV
AIR FILTER FOR TOYOTA RAV 4,AG1372,FILTER - AIR - AG1372,1. ENGINE & POWERTRAIN,Fuel & Air Induction,Air Filtration,TOYOTA,LDV
AIR FILTER FOR YELLOW BUS P606,P606503,FILTER - AIR - P606503,1. ENGINE & POWERTRAIN,Fuel & Air Induction,Air Filtration,,Universal / Fleet
AIR FILTER GRADER 140K P782105,P782105/245 5375,FILTER - AIR - P782105 / 245 5375,1. ENGINE & POWERTRAIN,Fuel & Air Induction,Air Filtration,Donaldson,Earth Moving Machinery
AIR FILTER HOUSING 21115481 VO,21115481,HOUSING - AIR FILTER - 21115481,1. ENGINE & POWERTRAIN,Fuel & Air Induction,Air Filtration,volvo,Truck
AIR FILTER HOUSING D13A VOLVO,21115476,HOUSING - AIR FILTER - 21115476 / VOLVO,1. ENGINE & POWERTRAIN,Fuel & Air Induction,Air Filtration,volvo,Truck
AIR FILTER INNER FH13 2010- 2.,P954476,FILTER - AIR - P954476,1. ENGINE & POWERTRAIN,Fuel & Air Induction,Air Filtration,DT,Truck
AIR FILTER INNER FH13 2010- 2.,2.14736,,1. ENGINE & POWERTRAIN,Fuel & Air Induction,Air Filtration,DT,Truck
AIR FILTER INNER LOADER P53388,P533884,FILTER - AIR - P533884,1. ENGINE & POWERTRAIN,Fuel & Air Induction,Air Filtration,,Earth Moving Machinery
AIR FILTER INNER P780523,P780523,FILTER - AIR - P780523,1. ENGINE & POWERTRAIN,Fuel & Air Induction,Air Filtration,Donaldson,Earth Moving Machinery
AIR FILTER KABINGA GENSET P536,P536457,FILTER - AIR - P536457,1. ENGINE & POWERTRAIN,Fuel & Air Induction,Air Filtration,Donaldson,Auxillary
AIR FILTER KIT TATA SSHK090525,SSHK09052516,FILTER - AIR - SSHK09052516 / TATA,1. ENGINE & POWERTRAIN,Fuel & Air Induction,Air Filtration,,Truck
AIR FILTER MIU14395 JOHN DEERE,MIU14395,FILTER - AIR - MIU14395 / JOHN DEERE,1. ENGINE & POWERTRAIN,Fuel & Air Induction,Air Filtration,,Auxillary
AIR FILTER OUTER FH-V3/V4 FC33,P951102,FILTER - AIR - P951102,1. ENGINE & POWERTRAIN,Fuel & Air Induction,Air Filtration,MANN FILTER,Truck
AIR FILTER OUTER FH-V3/V4 FC33,FC331460/1,,1. ENGINE & POWERTRAIN,Fuel & Air Induction,Air Filtration,MANN FILTER,Truck
AIR FILTER P527595,P527595,FILTER - AIR - P527595,1. ENGINE & POWERTRAIN,Fuel & Air Induction,Air Filtration,Donaldson,Earth Moving Machinery
AIR FILTER P532506,P532506,FILTER - AIR - P532506,1. ENGINE & POWERTRAIN,Fuel & Air Induction,Air Filtration,Donaldson,Earth Moving Machinery
AIR FILTER P772507 CRANE # 19,P772507,FILTER - AIR - P772507,1. ENGINE & POWERTRAIN,Fuel & Air Induction,Air Filtration,Donaldson,Earth Moving Machinery
AIR FILTER P772579 GEN SET,P772579,FILTER - AIR - P772579,1. ENGINE & POWERTRAIN,Fuel & Air Induction,Air Filtration,Donaldson,Auxillary
AIR FILTER P776697,P776697,FILTER - AIR - P776697,1. ENGINE & POWERTRAIN,Fuel & Air Induction,Air Filtration,Donaldson,Earth Moving Machinery
AIR FILTER P785391,P785391,FILTER - AIR - P785391,1. ENGINE & POWERTRAIN,Fuel & Air Induction,Air Filtration,,Earth Moving Machinery
AIR FILTER PRIMARY 950/962 DBA,DBA5220/P532503,FILTER - AIR - DBA5220 / P532503,1. ENGINE & POWERTRAIN,Fuel & Air Induction,Air Filtration,Donaldson,Earth Moving Machinery
AIR FILTER PRIMARY EX 345/ AD,DBA5116,FILTER - AIR - DBA5116,1. ENGINE & POWERTRAIN,Fuel & Air Induction,Air Filtration,Donaldson,Earth Moving Machinery
AIR FILTER SECONDARY EX 345 P7,P777869,FILTER - AIR - P777869,1. ENGINE & POWERTRAIN,Fuel & Air Induction,Air Filtration,Donaldson,Earth Moving Machinery
AIR FILTER SECONDARY FOR LOADE,P532504,FILTER - AIR - P532504,1. ENGINE & POWERTRAIN,Fuel & Air Induction,Air Filtration,Donaldson,Earth Moving Machinery
AIR FILTER X770691 DRILL RIGS,X770691,FILTER - AIR - X770691,1. ENGINE & POWERTRAIN,Fuel & Air Induction,Air Filtration,Donaldson,Earth Moving Machinery
AIR PRESSURE SWITCH 2 PIN NORM,1749-1907,SWITCH - AIR PRESSURE - 1749-1907,7. ELECTRICAL & INSTRUMENTATION,Sensors & Instrumentation,Pressure & Temp Switches,,Universal / Fleet
AIR VALVE 23616961,23616961,VALVE - AIR - 23616961,4. BRAKES & PNEUMATICS,Brake Actuation & Control,Air Valves & Governors,volvo,Truck
"AIR VALVE, ENGINE BRAKE 300065",2.14256,VALVE - AIR - ENGINE BRAKE - 2.14256,4. BRAKES & PNEUMATICS,Brake Actuation & Control,Air Valves & Governors,DT,Truck
AIRCON BLOWERS VERSION 3 D13A,2.76016,BLOWER - AIRCON - VERSION 3 D13A - 2.76016,"2. CABIN, BODY & CHASSIS",HVAC & Cabin Comfort,AC Compressors & Evaporators,DT,Truck
AIRCON CONDENSER V4 00350390/2,00350390,CONDENSER - AIRCON - V4 - 00350390,"2. CABIN, BODY & CHASSIS",HVAC & Cabin Comfort,AC Compressors & Evaporators,NRF,Truck
AIRCON CONTROL SWITCH 2.25396,2.25396,SWITCH - AIRCON CONTROL - 2.25396,7. ELECTRICAL & INSTRUMENTATION,Sensors & Instrumentation,Pressure & Temp Switches,DT,Truck
AIRCON FILTER 871390K HILIUX G,871390K,FILTER - AIRCON - 871390K,"2. CABIN, BODY & CHASSIS",HVAC & Cabin Comfort,Cab Trim & Interior Accessories,TOYOTA,LDV
AIRCON FILTER FOR LOADER AP378,AP3781,FILTER - AIRCON - FOR LOADER - AP3781,"2. CABIN, BODY & CHASSIS",HVAC & Cabin Comfort,Cab Trim & Interior Accessories,,Earth Moving Machinery
AIRCON FILTER OLD RAV4 897139-,87139-12010,FILTER - AIRCON - OLD RAV4 - 87139-12010,"2. CABIN, BODY & CHASSIS",HVAC & Cabin Comfort,Cab Trim & Interior Accessories,TOYOTA,LDV
AIRCON FILTER P606090,P606090,FILTER - AIRCON - P606090,"2. CABIN, BODY & CHASSIS",HVAC & Cabin Comfort,Cab Trim & Interior Accessories,Donaldson,Earth Moving Machinery
AIRCON FILTER P618642,P618642/119 3355,FILTER - AIRCON - P618642 - P618642/119 3355,"2. CABIN, BODY & CHASSIS",HVAC & Cabin Comfort,Cab Trim & Interior Accessories,Donaldson,Earth Moving Machinery
AIRCON FILTER PV601035,PV601035,FILTER - AIRCON - PV601035,"2. CABIN, BODY & CHASSIS",HVAC & Cabin Comfort,Cab Trim & Interior Accessories,Panclean,Earth Moving Machinery
AIRCON FILTER SKL46027,SKL46027,FILTER - AIRCON - SKL46027,"2. CABIN, BODY & CHASSIS",HVAC & Cabin Comfort,Cab Trim & Interior Accessories,SF FILTER,Truck
AIRCON FILTER SKL46218,SKL46218,FILTER - AIRCON - SKL46218,"2. CABIN, BODY & CHASSIS",HVAC & Cabin Comfort,Cab Trim & Interior Accessories,SF FILTER,Truck
AIRCON FILTER V8 8713952020,8713952020,FILTER - AIRCON - V8 - 8713952020,"2. CABIN, BODY & CHASSIS",HVAC & Cabin Comfort,Cab Trim & Interior Accessories,TOYOTA,LDV
AIRCON FITTING 125 2796,125 2796,FITTING - AIRCON - 125 2796,"2. CABIN, BODY & CHASSIS",HVAC & Cabin Comfort,AC Compressors & Evaporators,Caterpillar,Earth Moving Machinery
AIRCON HOSE 160 0647,160 0647,HOSE - AIRCON - 160 0647,"2. CABIN, BODY & CHASSIS",HVAC & Cabin Comfort,AC Compressors & Evaporators,Caterpillar,Earth Moving Machinery
ALTERNATOR / BOSCH REGULATOR 3,2.21004,ALTERNATOR - REGULATOR - BOSCH - 2.21004,7. ELECTRICAL & INSTRUMENTATION,Starting & Charging,Alternators,BOSCH,Truck
ALTERNATOR / BOSCH REGULATOR 3,986AE0100/105,,7. ELECTRICAL & INSTRUMENTATION,Starting & Charging,Alternators & Components,BOSCH,Truck
ALTERNATOR 2.21029,2.21029,ALTERNATOR - - 2.21029,7. ELECTRICAL & INSTRUMENTATION,Starting & Charging,Alternators,DT,Truck
ALTERNATOR 24V 110A 2.21039 VO,2.21039,ALTERNATOR - 24V 110A - 2.21039,7. ELECTRICAL & INSTRUMENTATION,Starting & Charging,Alternators,volvo,Truck
ALTERNATOR- 950/ 962 185 5294,185 5294,ALTERNATOR - 950/962 - 185 5294,7. ELECTRICAL & INSTRUMENTATION,Starting & Charging,Alternators,Cat,Earth Moving Machinery
ALTERNATOR FOR LOADERS/D6R 197,197 8820,ALTERNATOR - FOR LOADERS/D6R - 197 8820,7. ELECTRICAL & INSTRUMENTATION,Starting & Charging,Alternators,Cat,Earth Moving Machinery
ALTERNATOR PULLEY 267 7509 D6R,267 7509,PULLEY - ALTERNATOR - D6R - 267 7509,7. ELECTRICAL & INSTRUMENTATION,Starting & Charging,Alternators,Cat,Earth Moving Machinery
"ALTERNATOR PULLEY, 362 4856",362 4856,PULLEY - ALTERNATOR - 362 4856,7. ELECTRICAL & INSTRUMENTATION,Starting & Charging,Alternators,,Truck
ALTERNATOR REGULATOR 1.21314,1.21314,REGULATOR - ALTERNATOR - 1.21314,7. ELECTRICAL & INSTRUMENTATION,Starting & Charging,Alternators,BOSCH,Truck
ANTICORIT G70 PENETRATING -400,1207010018,PENETRATING OIL - ANTICORIT G70 - 1207010018,"6. CONSUMABLES, SERVICE & WEAR",Oils & Lubricants,Greases & Pastes,,Universal Workshop
ANTICORIT G70 PENETRATING -400,1207010018,PENETRATING OIL - ANTICORIT G70 - 1207010018,"6. CONSUMABLES, SERVICE & WEAR",Oils & Lubricants,Greases & Pastes,,Universal Workshop
ANTICORIT G70 PENETRATING -400,1207010021,,"6. CONSUMABLES, SERVICE & WEAR",Paints & Chemicals,Fluids & Aerosols (Cleaners/Sealants),,Universal Workshop
APM RELAY VALVE 23172347 V4,23172347,VALVE - RELAY - APM - 23172347,4. BRAKES & PNEUMATICS,Brake Actuation & Control,Air Valves & Governors,KNORR-BREMSE,Trailer
ARM ASSY SUSPENSION UPPER LH 4,486-300K040,ASSEMBLY - SUSPENSION - UPPER LH - 486-300K040,"3. SUSPENSION, STEERING & AXLES",Suspension Systems,Shock Absorbers & Bushes,TOYOTA,LDV
ARM ASSY SUSPENSION UPPER RH 4,486-100K040,ARM - SUSPENSION - UPPER RH / 486-100K040,"3. SUSPENSION, STEERING & AXLES",Suspension Systems,Shock Absorbers & Bushes,TOYOTA,LDV
AUTO WIRE BLACK 1.5MM AWBLK1.5,AWBLK1.5,WIRE - AUTO - BLACK 1.5MM / AWBLK1.5,7. ELECTRICAL & INSTRUMENTATION,Sensors & Instrumentation,Wiring Harnesses & Relays,,Universal / Fleet
AUTO WIRE BLACK 2.0MM X 30M AW,AWBLK2.0,WIRE - AUTO - BLACK 2.0MM / AWBLK2.0,7. ELECTRICAL & INSTRUMENTATION,Sensors & Instrumentation,Wiring Harnesses & Relays,,Universal / Fleet
AUTO WIRE BLACK/YELLOW 1.5MM X,AWBLK/YLW1.5,WIRE - AUTO - BLACK/YELLOW 1.5MM / AWBLK/YLW1.5,7. ELECTRICAL & INSTRUMENTATION,Sensors & Instrumentation,Wiring Harnesses & Relays,,Universal / Fleet
AUTO WIRE BLUE 1.0MM AWBLU1.0,AWBLU1.0,WIRE - AUTO - BLUE 1.0MM / AWBLU1.0,7. ELECTRICAL & INSTRUMENTATION,Sensors & Instrumentation,Wiring Harnesses & Relays,,Universal / Fleet
AUTO WIRE BLUE 2.0MM X 30M AWB,AWBLU2.0,WIRE - AUTO - BLUE 2.0MM / AWBLU2.0,7. ELECTRICAL & INSTRUMENTATION,Sensors & Instrumentation,Wiring Harnesses & Relays,,Universal / Fleet
AUTO WIRE BROWN 1.5MM AWBRN1.5,AWBRN1.5,WIRE - AUTO - BROWN 1.5MM / AWBRN1.5,7. ELECTRICAL & INSTRUMENTATION,Sensors & Instrumentation,Wiring Harnesses & Relays,,Universal / Fleet
AUTO WIRE GREEN 1.5MM,AWGRN1.5,WIRE - AUTO - GREEN 1.5MM / AWGRN1.5,7. ELECTRICAL & INSTRUMENTATION,Sensors & Instrumentation,Wiring Harnesses & Relays,,Universal / Fleet
AUTO WIRE GREEN 2.0MM,C20WGRE,WIRE - AUTO - GREEN 2.0MM / C20WGRE,7. ELECTRICAL & INSTRUMENTATION,Sensors & Instrumentation,Wiring Harnesses & Relays,,Universal / Fleet
AUTO WIRE GREY 1.5MM AWGRY1.5,AWGRY1.5,WIRE - AUTO - GREY 1.5MM / AWGRY1.5,7. ELECTRICAL & INSTRUMENTATION,Sensors & Instrumentation,Wiring Harnesses & Relays,,Universal / Fleet
AUTO WIRE ORANGE 1.5MM AWORG1.,AWORG1.5,WIRE - AUTO - ORANGE 1.5MM / AWORG1.5,7. ELECTRICAL & INSTRUMENTATION,Sensors & Instrumentation,Wiring Harnesses & Relays,,Universal / Fleet
AUTO WIRE PINK 1.5MM AWPNK1.5,AWPNK1.5,WIRE - AUTO - PINK 1.5MM / AWPNK1.5,7. ELECTRICAL & INSTRUMENTATION,Sensors & Instrumentation,Wiring Harnesses & Relays,,Universal / Fleet
AUTO WIRE PURPLE 1.5MM AWPPL1.,AWPPL1.5,WIRE - AUTO - PURPLE 1.5MM / AWPPL1.5,7. ELECTRICAL & INSTRUMENTATION,Sensors & Instrumentation,Wiring Harnesses & Relays,,Universal / Fleet
AUTO WIRE RED 1.5MM AWRED1.5,AWRED1.5,WIRE - AUTO - RED 1.5MM / AWRED1.5,7. ELECTRICAL & INSTRUMENTATION,Sensors & Instrumentation,Wiring Harnesses & Relays,,Universal / Fleet
AUTO WIRE RED 2.0MM X 30M AWRE,AWRED2.0,WIRE - AUTO - RED 2.0MM / AWRED2.0,7. ELECTRICAL & INSTRUMENTATION,Sensors & Instrumentation,Wiring Harnesses & Relays,,Universal / Fleet
AUTO WIRE RED 8.0MM,AWRED8.0,WIRE - AUTO - RED 8.0MM / AWRED8.0,7. ELECTRICAL & INSTRUMENTATION,Sensors & Instrumentation,Wiring Harnesses & Relays,,Universal / Fleet
AUTO WIRE WHITE 1.5MM AWWHT1.5,AWWHT1.5,WIRE - AUTO - WHITE 1.5MM / AWWHT1.5,7. ELECTRICAL & INSTRUMENTATION,Sensors & Instrumentation,Wiring Harnesses & Relays,,Universal / Fleet
AUTO WIRE WHITE 3.0MM AWWHT3.0,AWWHT3.0,WIRE - AUTO - WHITE 3.0MM / AWWHT3.0,7. ELECTRICAL & INSTRUMENTATION,Sensors & Instrumentation,Wiring Harnesses & Relays,,Universal / Fleet
AUTO WIRE YELLOW 1.5MM AWYLW1,AWYLW1.5,WIRE - AUTO - YELLOW 1.5MM / AWYLW1.5,7. ELECTRICAL & INSTRUMENTATION,Sensors & Instrumentation,Wiring Harnesses & Relays,,Universal / Fleet
AXLE BPW BRAKE SHOE SPRING SHO,24307,SPRING - BRAKE SHOE - BPW / 24307,4. BRAKES & PNEUMATICS,Foundation Brakes,"Brake Shoes, Pads & Linings",BPW,Trailer
AXLE BPW COLLAR WITH SEAL 0537,0537007650,COLLAR - WITH SEAL - BPW / 0537007650,"3. SUSPENSION, STEERING & AXLES",Axles & Hubs,Wheel Bearings & Seals,,Trailer
AXLE BPW DUST SEAL 133/168X15,0537007651,SEAL - DUST - BPW / 0537007651,"3. SUSPENSION, STEERING & AXLES",Axles & Hubs,Wheel Bearings & Seals,,Trailer
AXLE BPW WASHER 53/76X58,445566786,WASHER - BPW - 53/76X58 / 445566786,"3. SUSPENSION, STEERING & AXLES",Axles & Hubs,Wheel Bearings & Seals,,Trailer
AXLE WASHER PROPAR 11000+1500,XW000401,WASHER - AXLE - PROPAR 11000+1500 / XW000401,"3. SUSPENSION, STEERING & AXLES",Axles & Hubs,Wheel Bearings & Seals,,Trailer
B17-127 BEARING,B17-127,BEARING - - B17-127 / B17-127,"3. SUSPENSION, STEERING & AXLES",Axles & Hubs,Wheel Bearings & Seals,PFI,Universal / Fleet
B-33118 TAPERED BEARING SKF/TI,B-33118,BEARING - TAPERED - SKF/TI / B-33118,"3. SUSPENSION, STEERING & AXLES",Axles & Hubs,Wheel Bearings & Seals,,Universal / Fleet
BACK ALARM,10R-058726,ALARM - BACK - / 10R-058726,7. ELECTRICAL & INSTRUMENTATION,Sensors & Instrumentation,Wiring Harnesses & Relays,,Universal / Fleet
"BACK UP ALARM ASSY, 213 9100",213 9100,ALARM - BACK UP - ASSY / 213 9100,7. ELECTRICAL & INSTRUMENTATION,Sensors & Instrumentation,Wiring Harnesses & Relays,Ctp,Earth Moving Machinery
BACK UP ALARM. 370 1485,370 1485,ALARM - BACK UP - / 370 1485,7. ELECTRICAL & INSTRUMENTATION,Sensors & Instrumentation,Wiring Harnesses & Relays,Cat,Earth Moving Machinery
BACK UP RING 325 3781,325 3781,RING - BACK UP - 325 3781,5. HYDRAULICS,Cylinders & Rams,Hydraulic Seal Kits,ITR,Earth Moving Machinery
BACK UP RING 434458 M22,434458,RING - BACK UP - 434458,5. HYDRAULICS,Cylinders & Rams,Hydraulic Seal Kits,,Earth Moving Machinery
BALL BEARING 379 2185,379 2185,BEARING - BALL - 379 2185,"3. SUSPENSION, STEERING & AXLES",Axles & Hubs,Wheel Bearings & Seals,Cat,Earth Moving Machinery
"BALL JOINT LH M30X1.5,L135MM 2",2.53158,"JOINT - BALL - LH M30X1.5,L135MM / 2.53158","3. SUSPENSION, STEERING & AXLES",Steering Components,Tie Rods & Drag Links,GAM,Truck
"BALL JOINT RH M30X1.5,135MM FO",2.53157,"JOINT - BALL - RH M30X1.5,135MM / 2.53157","3. SUSPENSION, STEERING & AXLES",Steering Components,Tie Rods & Drag Links,GAM,Truck
BANJO TAIL 16 X 12,BANJO TAIL 16 X 12,TAIL - BANJO - 16 X 12,4. BRAKES & PNEUMATICS,Air Lines & Fittings,Push-in Fittings & Couplers,,Universal / Fleet
BATTERY 639 RAYLITE 58AH LAWNM,BAT639R,BATTERY - MAIN - RAYLITE 58AH / BAT639R,7. ELECTRICAL & INSTRUMENTATION,Starting & Charging,Batteries & Cables,RAYLITE,Auxillary
BATTERY MAIN SWITCH 2.20061SP,2.20061SP,SWITCH - MAIN - 2.20061SP,7. ELECTRICAL & INSTRUMENTATION,Starting & Charging,Batteries & Cables,DT,Truck
BEAD LUBE,90807068,LUBE - BEAD - 90807068,"6. CONSUMABLES, SERVICE & WEAR",Oils & Lubricants,Greases & Pastes,,Universal Workshop
BEARING 107 7708 962 C7,107 7708,BEARING - 107 - 107 7708,"3. SUSPENSION, STEERING & AXLES",Axles & Hubs,Wheel Bearings & Seals,,Universal / Fleet
BEARING 118 8269,118 8269,BEARING - 118 - 118 8269,"3. SUSPENSION, STEERING & AXLES",Axles & Hubs,Wheel Bearings & Seals,Caterpillar,Earth Moving Machinery
BEARING 129 2380,129 2380,BEARING - 129 - 129 2380,"3. SUSPENSION, STEERING & AXLES",Axles & Hubs,Wheel Bearings & Seals,CTP,Earth Moving Machinery
BEARING 168 2075,168 2075,BEARING - 168 - 168 2075,"3. SUSPENSION, STEERING & AXLES",Axles & Hubs,Wheel Bearings & Seals,NTN,Universal / Fleet
BEARING 189 4718,189 4718,BEARING - 189 - 189 4718,"3. SUSPENSION, STEERING & AXLES",Axles & Hubs,Wheel Bearings & Seals,,Universal / Fleet
BEARING 189 4719,189 4719,BEARING - 189 - 189 4719,"3. SUSPENSION, STEERING & AXLES",Axles & Hubs,Wheel Bearings & Seals,,Universal / Fleet
BEARING 199 0718,199 0718,BEARING - 199 - 199 0718,"3. SUSPENSION, STEERING & AXLES",Axles & Hubs,Wheel Bearings & Seals,Cat,Earth Moving Machinery
BEARING 1T 0043,1T 0043,BEARING - 1T - 1T 0043,"3. SUSPENSION, STEERING & AXLES",Axles & Hubs,Wheel Bearings & Seals,Cat,Earth Moving Machinery
BEARING 204 7311,204 7311,BEARING - 204 - 204 7311,"3. SUSPENSION, STEERING & AXLES",Axles & Hubs,Wheel Bearings & Seals,Cat,Earth Moving Machinery
BEARING 30214-A,30214-A,BEARING - 30214 - 30214-A,"3. SUSPENSION, STEERING & AXLES",Axles & Hubs,Wheel Bearings & Seals,,Universal / Fleet
BEARING 32214-A,32214-A,BEARING - 32214 - 32214-A,"3. SUSPENSION, STEERING & AXLES",Axles & Hubs,Wheel Bearings & Seals,FAG,Universal / Fleet
BEARING 33016,33016,BEARING - 33016 - 33016,"3. SUSPENSION, STEERING & AXLES",Axles & Hubs,Wheel Bearings & Seals,FAG,Universal / Fleet
BEARING 3G 8779,3G 8779,BEARING - 3G - 3G 8779,"3. SUSPENSION, STEERING & AXLES",Axles & Hubs,Wheel Bearings & Seals,Cat,Earth Moving Machinery
BEARING 3V 2333,3V 2333,,"3. SUSPENSION, STEERING & AXLES",Axles & Hubs,Wheel Bearings & Seals,Cat,Earth Moving Machinery
BEARING 518445/518410 KHM,518445/518410 KHM,BEARING - 518445/518410 - 518445/518410 KHM,"3. SUSPENSION, STEERING & AXLES",Axles & Hubs,Wheel Bearings & Seals,TIMKEN,Universal / Fleet
BEARING 6202 2Z-C3,6202 2Z/C3,BEARING - 6202 - 6202 2Z-C3,"3. SUSPENSION, STEERING & AXLES",Axles & Hubs,Wheel Bearings & Seals,VBF,Universal / Fleet
BEARING 6205-2Z/C3,6205-2Z/C3,BEARING - 6205 - 6205-2Z/C3,"3. SUSPENSION, STEERING & AXLES",Axles & Hubs,Wheel Bearings & Seals,skf,Universal / Fleet
BEARING 6208-2C/C3,6208-2Z/C3,BEARING - 6208 - 6208-2C/C3,"3. SUSPENSION, STEERING & AXLES",Axles & Hubs,Wheel Bearings & Seals,SKF,Universal / Fleet
BEARING 6305 2Z/C3,6305 2Z/C3,BEARING - 6305 - 6305 2Z/C3,"3. SUSPENSION, STEERING & AXLES",Axles & Hubs,Wheel Bearings & Seals,C & U,Universal / Fleet
BEARING 6306 RS 2Z/C3 VOLVO CL,6306 2Z/C3,BEARING - 6306 RS - 6306 RS 2Z/C3 VOLVO CL,"3. SUSPENSION, STEERING & AXLES",Axles & Hubs,Wheel Bearings & Seals,KOYO,Truck
BEARING 65212/65500,65212/65500,BEARING - 65212/65500 - 65212/65500,"3. SUSPENSION, STEERING & AXLES",Axles & Hubs,Wheel Bearings & Seals,TIMKEN,Universal / Fleet
BEARING 7D 8348 LOADERS,7D 8348,BEARING - 7D - 7D 8348 LOADERS,"3. SUSPENSION, STEERING & AXLES",Axles & Hubs,Wheel Bearings & Seals,Caterpillar,Earth Moving Machinery
BEARING 8E 5247,8E 5247,BEARING - STANDARD - 8E 5247,"3. SUSPENSION, STEERING & AXLES",Axles & Hubs,Wheel Bearings & Seals,CTP,Earth Moving Machinery
BEARING 962GII 296 4292,296 4292,,"3. SUSPENSION, STEERING & AXLES",Axles & Hubs,Wheel Bearings & Seals,CGR CHINASSI,Earth Moving Machinery
BEARING 9C 7727,9C 7727,BEARING - STANDARD - 9C 7727,"3. SUSPENSION, STEERING & AXLES",Axles & Hubs,Wheel Bearings & Seals,Cat,Earth Moving Machinery
BEARING 9M 1328,9M 1328,BEARING - STANDARD - 9M 1328,"3. SUSPENSION, STEERING & AXLES",Axles & Hubs,Wheel Bearings & Seals,Cat,Earth Moving Machinery
BEARING 9W 7925,9W 7925,BEARING - STANDARD - 9W 7925,"3. SUSPENSION, STEERING & AXLES",Axles & Hubs,Wheel Bearings & Seals,Caterpillar,Earth Moving Machinery
BEARING ASSY 136 2900,136 2900,BEARING - ASSEMBLY - 136 2900,"3. SUSPENSION, STEERING & AXLES",Axles & Hubs,Wheel Bearings & Seals,Caterpillar,Earth Moving Machinery
BEARING B17-99,B17-99TX,BEARING - STANDARD - B17-99TX,"3. SUSPENSION, STEERING & AXLES",Axles & Hubs,Wheel Bearings & Seals,PFI,Universal / Fleet
BEARING BUSHING 3G 7624 LIFTIN,3G 7624,BEARING - BUSHING - 3G 7624,5. HYDRAULICS,Ground Engaging Tools (GET),Loader Pins & Bushes,Cat,Earth Moving Machinery
BEARING BUSHING 5V 1874,5V 1874,BEARING - BUSHING - 5V 1874,5. HYDRAULICS,Ground Engaging Tools (GET),Loader Pins & Bushes,Cat,Earth Moving Machinery
BEARING CONE 1J 4757,1J 4757,BEARING - CONE - 1J 4757,"3. SUSPENSION, STEERING & AXLES",Axles & Hubs,Wheel Bearings & Seals,NTN,Universal / Fleet
BEARING CONE 7D 8349 LOADERS,7D 8349,BEARING - CONE - 7D 8349,"3. SUSPENSION, STEERING & AXLES",Axles & Hubs,Wheel Bearings & Seals,Caterpillar,Earth Moving Machinery
BEARING CONE 8B 6342,8B 6342,BEARING - CONE - 8B 6342,"3. SUSPENSION, STEERING & AXLES",Axles & Hubs,Wheel Bearings & Seals,ITR,Universal / Fleet
BEARING CUP 1B 3925,1B 3925,BEARING - CUP - 1B 3925,"3. SUSPENSION, STEERING & AXLES",Axles & Hubs,Wheel Bearings & Seals,Caterpillar,Earth Moving Machinery
BEARING CUP 1J 2860 ADT740,1J 2860,BEARING - CUP - 1J 2860,"3. SUSPENSION, STEERING & AXLES",Axles & Hubs,Wheel Bearings & Seals,NTN,Earth Moving Machinery
BEARING DEEP GROOVE RUBBER SEA,6304 2RS/C3,BEARING - DEEP GROOVE - 6304 2RS/C3,"3. SUSPENSION, STEERING & AXLES",Axles & Hubs,Wheel Bearings & Seals,,Universal / Fleet
BEARING GE25-DO-2RS,GE25-DO-2RS,BEARING - STANDARD - GE25-DO-2RS,"3. SUSPENSION, STEERING & AXLES",Axles & Hubs,Wheel Bearings & Seals,,Universal / Fleet
BEARING GE90-DO-2RS,GE90-DO-2RS,BEARING - STANDARD - GE90-DO-2RS,"3. SUSPENSION, STEERING & AXLES",Axles & Hubs,Wheel Bearings & Seals,IINAA,Universal / Fleet
BEARING- GEAR FRONT 115 4072,115 4072,BEARING - GEAR - FRONT 115 4072,1. ENGINE & POWERTRAIN,Drivetrain & Transmission,Gearboxes & PTOs,ITR,Earth Moving Machinery
BEARING HM218248-99401,HM218248/HM218210,BEARING - STANDARD - HM218248/HM218210,"3. SUSPENSION, STEERING & AXLES",Axles & Hubs,Wheel Bearings & Seals,zwz,Universal / Fleet
BEARING RACE 154 3060,154 3060,BEARING - RACE - 154 3060,"3. SUSPENSION, STEERING & AXLES",Axles & Hubs,Wheel Bearings & Seals,Caterpillar,Earth Moving Machinery
BEARING RACE 1T 1282,1T 1282,BEARING - RACE - 1T 1282,"3. SUSPENSION, STEERING & AXLES",Axles & Hubs,Wheel Bearings & Seals,Caterpillar,Earth Moving Machinery
BEARING ROD 292 0484,292 0484,BEARING - ROD - 292 0484,1. ENGINE & POWERTRAIN,Engine Mechanicals,"Pistons, Rings & Liners",,Earth Moving Machinery
BEARING ROLLER 128 3935,128 3935,BEARING - ROLLER - 128 3935,"3. SUSPENSION, STEERING & AXLES",Axles & Hubs,Wheel Bearings & Seals,NTN,Universal / Fleet
BEARING SELF ALIGN 207 1738,207 1738,BEARING - SELF ALIGN - 207 1738,"3. SUSPENSION, STEERING & AXLES",Axles & Hubs,Wheel Bearings & Seals,Cat,Earth Moving Machinery
BEARING SL04130-D-PP-2NR,SL04130-D-PP-2NR,BEARING - STANDARD - SL04130-D-PP-2NR,"3. SUSPENSION, STEERING & AXLES",Axles & Hubs,Wheel Bearings & Seals,IINAA,Universal / Fleet
BEARING SL045015-PP-2NR,SL045015-PP-2NR,BEARING - STANDARD - SL045015-PP-2NR,"3. SUSPENSION, STEERING & AXLES",Axles & Hubs,Wheel Bearings & Seals,I.N.A,Universal / Fleet
BEARING SL045020-D-PP-2NR,SL045020-D-PP-2NR,BEARING - STANDARD - SL045020-D-PP-2NR,"3. SUSPENSION, STEERING & AXLES",Axles & Hubs,Wheel Bearings & Seals,I.N.A,Universal / Fleet
BEARING SLEEVE 089 7338,089 7338,BEARING - SLEEVE - 089 7338,5. HYDRAULICS,Ground Engaging Tools (GET),Loader Pins & Bushes,Cat,Earth Moving Machinery
BEARING SLEEVE 105 2659,105 2659,BEARING - SLEEVE - 105 2659,5. HYDRAULICS,Ground Engaging Tools (GET),Loader Pins & Bushes,ITR,Earth Moving Machinery
BEARING SLEEVE 141 3420,141 3420,BEARING - SLEEVE - 141 3420,5. HYDRAULICS,Ground Engaging Tools (GET),Loader Pins & Bushes,CTP,Earth Moving Machinery
BEARING SLEEVE 208 1729,208 1729,BEARING - SLEEVE - 208 1729,5. HYDRAULICS,Ground Engaging Tools (GET),Loader Pins & Bushes,Cat,Earth Moving Machinery
BEARING SLEEVE 210 8895,210 8895,BEARING - SLEEVE - 210 8895,5. HYDRAULICS,Ground Engaging Tools (GET),Loader Pins & Bushes,Cat,Earth Moving Machinery
BEARING SLEEVE 216 5584,216 5584,BEARING - SLEEVE - 216 5584,5. HYDRAULICS,Ground Engaging Tools (GET),Loader Pins & Bushes,I.P.D,Earth Moving Machinery
BEARING SLEEVE 216 5585,216 5585,BEARING - SLEEVE - 216 5585,5. HYDRAULICS,Ground Engaging Tools (GET),Loader Pins & Bushes,I.P.D,Earth Moving Machinery
BEARING SLEEVE 220 6093,220 6093,BEARING - SLEEVE - 220 6093,5. HYDRAULICS,Ground Engaging Tools (GET),Loader Pins & Bushes,Cat,Earth Moving Machinery
BEARING T7FC070 JW7049/JW7010,T7FC070 JW7049/JW7010,BEARING - T7FC070 - T7FC070 JW7049/JW7010,"3. SUSPENSION, STEERING & AXLES",Axles & Hubs,Wheel Bearings & Seals,,Universal / Fleet
"BEARING, ASSY 7Y 0252",7Y 0252,BEARING - ASSY - 7Y 0252,"3. SUSPENSION, STEERING & AXLES",Axles & Hubs,Wheel Bearings & Seals,Caterpillar,Earth Moving Machinery
"BEARING, BALL 6V 9191",6V 9191,BEARING - BALL - 6V 9191,"3. SUSPENSION, STEERING & AXLES",Axles & Hubs,Wheel Bearings & Seals,Caterpillar,Earth Moving Machinery
"BEARING, RACE 172 4311",172 4311,BEARING - RACE - 172 4311,"3. SUSPENSION, STEERING & AXLES",Axles & Hubs,Wheel Bearings & Seals,Caterpillar,Earth Moving Machinery
BEARING. 9W 7926,9W 7926,BEARING - - 9W 7926,"3. SUSPENSION, STEERING & AXLES",Axles & Hubs,Wheel Bearings & Seals,Caterpillar,Earth Moving Machinery
BEARING-ROD 217 0577,217-0577,BEARING - ROD - 217-0577,1. ENGINE & POWERTRAIN,Engine Mechanicals,"Pistons, Rings & Liners",,Earth Moving Machinery
BEL HOUSING SECOND HAND FOR VO,1284532,HOUSING - BEL - 1284532,1. ENGINE & POWERTRAIN,Drivetrain & Transmission,Clutches & Flywheels,volvo,Truck
BELLOW 21288835 OR 7401676687,21288835,BELLOW - - 21288835,1. ENGINE & POWERTRAIN,Fuel & Air Induction,Turbochargers & Manifolds,,Truck
BELLOWS 2.44150,105029/2.44150,BELLOWS - - 105029/2.44150,1. ENGINE & POWERTRAIN,Fuel & Air Induction,Turbochargers & Manifolds,DT,Truck
"BELT TENSIONER 2.15582, 2.1552",2.15582,TENSIONER - BELT - 2.15582,1. ENGINE & POWERTRAIN,Cooling System,Belts & Tensioners,DT,Truck
BELT TENSIONER VERSION 4 6.310,6.31011,TENSIONER - BELT - VERSION 4 6.310,1. ENGINE & POWERTRAIN,Cooling System,Belts & Tensioners,,Truck
"BELT TENSIONER, ALTERNATOR FOR",2.15522,TENSIONER - BELT - ALTERNATOR - 2.15522,1. ENGINE & POWERTRAIN,Cooling System,Belts & Tensioners,DT,Truck
BIG BRAKE ROLLER HNR,HNR00015,ROLLER - BRAKE - BIG HNR / HNR00015,4. BRAKES & PNEUMATICS,Foundation Brakes,"Brake Shoes, Pads & Linings",FRUEHAUF,Trailer
BIG CABLE TIES (IN PCS),20190001,TIES - CABLE - BIG / 20190001,"6. CONSUMABLES, SERVICE & WEAR",Fasteners & Hardware,Workshop Consumables,,Universal Workshop
BIG END BEARING 912/13 STD 213,2137750,BEARING - END - BIG 912/13 STD 213 / 2137750,1. ENGINE & POWERTRAIN,Engine Mechanicals,"Pistons, Rings & Liners",KOLBEN,Earth Moving Machinery
BIG FUSE 10A,10A,FUSE - BIG - 10A,7. ELECTRICAL & INSTRUMENTATION,Starting & Charging,Batteries & Cables,,Universal / Fleet
"BIG SLINDING SLEEVE, VT 2.326",2.32659,SLEEVE - SLIDING - BIG VT 2.326 / 2.32659,1. ENGINE & POWERTRAIN,Drivetrain & Transmission,Gearboxes & PTOs,DT,Truck
BIG SPLIT PIN 8 X 140 MM HENRE,XP000103,PIN - SPLIT - BIG 8 X 140 MM HENRE / XP000103,"6. CONSUMABLES, SERVICE & WEAR",Fasteners & Hardware,Hardware & Brackets (Nuts/Bolts/Raw Steel),,Trailer
BIG SPRING RETURN 420 BRAKE 60,XT000101,SPRING - RETURN - BIG 420 BRAKE 60 / XT000101,4. BRAKES & PNEUMATICS,Foundation Brakes,"Brake Shoes, Pads & Linings",,Trailer
BIG YELLOW RUBBER ROCKER BUSH,XE004802/ 10.46201,BUSH - ROCKER - BIG YELLOW RUBBER / XE004802/ 10.46201,"3. SUSPENSION, STEERING & AXLES",Suspension Systems,Shock Absorbers & Bushes,,Trailer
BIG YELLOW RUBBER ROCKER BUSH,XE004802/ 10.46201,BUSH - ROCKER - BIG YELLOW RUBBER / XE004802/ 10.46201,"3. SUSPENSION, STEERING & AXLES",Suspension Systems,Shock Absorbers & Bushes,,Trailer
BLACK HEAVY DUTY BATTERY CABLE,8367297169,CABLE - BATTERY - BLACK HEAVY DUTY / 8367297169,7. ELECTRICAL & INSTRUMENTATION,Starting & Charging,Batteries & Cables,,Universal / Fleet
BLOCK IDLER 165 6946 D6R,165 6946,BLOCK - IDLER - 165 6946 D6R,5. HYDRAULICS,Ground Engaging Tools (GET),Loader Pins & Bushes,CTP,Earth Moving Machinery
BLOWER 268 8792,268 8792,BLOWER - - 268 8792,5. HYDRAULICS,Cylinders & Rams,High-Pressure Hoses & Fittings,,Earth Moving Machinery
BLOWER 268 8792,268 8792,BLOWER - - 268 8792,5. HYDRAULICS,Cylinders & Rams,High-Pressure Hoses & Fittings,,Earth Moving Machinery
BODY 111 3200 962/950,111 3200,BODY - - 111 3200,5. HYDRAULICS,Cylinders & Rams,High-Pressure Hoses & Fittings,Cat,Earth Moving Machinery
BODY FILLER ULTRA LIGHT 1 KG,1647041128,FILLER - BODY - ULTRA LIGHT 1 KG / 1647041128,"6. CONSUMABLES, SERVICE & WEAR",Paints & Chemicals,Bulk Paint & Thinners,,Universal Workshop
BOLT 190 8494,190 8494,,"6. CONSUMABLES, SERVICE & WEAR",Fasteners & Hardware,Hardware & Brackets (Nuts/Bolts/Raw Steel),Cat,Earth Moving Machinery
BOLT 453 2850,453 2850,BOLT - - 453 2850,"6. CONSUMABLES, SERVICE & WEAR",Fasteners & Hardware,Hardware & Brackets (Nuts/Bolts/Raw Steel),Caterpillar,Earth Moving Machinery
BOLT 5P 7665,5P 7665,BOLT - HARDWARE - 5P 7665,"6. CONSUMABLES, SERVICE & WEAR",Fasteners & Hardware,Hardware & Brackets (Nuts/Bolts/Raw Steel),Cat,Earth Moving Machinery
BOLT 7K 6058,7K 6058,BOLT - HARDWARE - 7K 6058,"6. CONSUMABLES, SERVICE & WEAR",Fasteners & Hardware,Hardware & Brackets (Nuts/Bolts/Raw Steel),Caterpillar,Earth Moving Machinery
BOLT 8T 4136,8T 4136,BOLT - HARDWARE - 8T 4136,"6. CONSUMABLES, SERVICE & WEAR",Fasteners & Hardware,Hardware & Brackets (Nuts/Bolts/Raw Steel),Cat,Earth Moving Machinery
BOLT 8T 4137,8T 4137,BOLT - HARDWARE - 8T 4137,"6. CONSUMABLES, SERVICE & WEAR",Fasteners & Hardware,Hardware & Brackets (Nuts/Bolts/Raw Steel),Cat,Earth Moving Machinery
BOLT 8T 4170,8T 4170,BOLT - HARDWARE - 8T 4170,"6. CONSUMABLES, SERVICE & WEAR",Fasteners & Hardware,Hardware & Brackets (Nuts/Bolts/Raw Steel),Cat,Earth Moving Machinery
BOLT 8T 4835,8T 4835,BOLT - HARDWARE - 8T 4835,"6. CONSUMABLES, SERVICE & WEAR",Fasteners & Hardware,Hardware & Brackets (Nuts/Bolts/Raw Steel),Caterpillar,Earth Moving Machinery
BOLT 9X 6032,9X 6032,BOLT - HARDWARE - 9X 6032,"6. CONSUMABLES, SERVICE & WEAR",Fasteners & Hardware,Hardware & Brackets (Nuts/Bolts/Raw Steel),Cat,Earth Moving Machinery
"BOLT, INJECTOR HOLD DOWN 235 9",235 9651,BOLT - INJECTOR HOLD DOWN - 235 9651,1. ENGINE & POWERTRAIN,Engine Mechanicals,"Blocks, Heads & Valvetrain",volvo,Truck
BOOM CYLINDER 345 EXCAVATOR RE,05241579,CYLINDER - BOOM - 345 EXCAVATOR / 05241579,5. HYDRAULICS,Cylinders & Rams,Cylinder Rods & Barrels,Cat,Earth Moving Machinery
BOOM WIRE ROPE 210T CRANE DPR,FZNR35PK26,ROPE - WIRE - 210T CRANE / FZNR35PK26,5. HYDRAULICS,Heavy Plant Mechanisms,Boom Cables & Rigging,VARIER,Earth Moving Machinery
BORG TURBOCHARGER CARTRIDGE 17,178406,CARTRIDGE - TURBOCHARGER - BORG / 178406,1. ENGINE & POWERTRAIN,Fuel & Air Induction,Turbochargers & Manifolds,,Universal / Fleet
BOSCH INJECTOR V8/V12 MERCEDEZ,0432 231 663,INJECTOR - BOSCH - V8/V12 MERCEDEZ / 0432 231 663,1. ENGINE & POWERTRAIN,Fuel & Air Induction,Fuel Pumps & Injectors,Bosch,Truck
"BOSCH REGULATOR, VOLVO, MERC B",B1986AE0105,REGULATOR - BOSCH - VOLVO MERC B / B1986AE0105,7. ELECTRICAL & INSTRUMENTATION,Starting & Charging,Alternators,,Truck
BOSCH RELAY 5 PIN 24V,GEN0007,RELAY - BOSCH - 5 PIN 24V / GEN0007,7. ELECTRICAL & INSTRUMENTATION,Sensors & Instrumentation,Wiring Harnesses & Relays,Bosch,Truck
BOTTOM PLATE AXLE SEAT ASSY 12,SD011601,PLATE - BOTTOM - AXLE SEAT ASSY / SD011601,"3. SUSPENSION, STEERING & AXLES",Suspension Systems,Leaf Springs & U-Bolts,FRUEHAUF,Trailer
"BOWL, WATER SEPARATOR D12D 2.1",2.12293,BOWL - WATER SEPARATOR - D12D 2.1 / 2.12293,1. ENGINE & POWERTRAIN,Fuel & Air Induction,Air Filtration,DT,Truck
BPW AIR BAG GO AXLES E810/E634,E810/6345,BAG - AIR - BPW / E810/6345,"3. SUSPENSION, STEERING & AXLES",Suspension Systems,Air Springs (Bags),,Trailer
BPW BRAKE SHOES,BPW BRAKE SHOES,SHOES - BRAKE - BPW / BPW BRAKE SHOES,4. BRAKES & PNEUMATICS,Foundation Brakes,"Brake Shoes, Pads & Linings",BPW,Trailer
BPW COMPLETE BRAKE DRUM,0537007652,DRUM - BRAKE - COMPLETE BPW / 0537007652,4. BRAKES & PNEUMATICS,Foundation Brakes,Brake Drums & Rotors,BPW,Trailer
BPW OIL SEAL 117.5 X 158 X 17.,10.1047,SEAL - OIL - BPW 117.5 X 158 X 17. / 10.1047,"3. SUSPENSION, STEERING & AXLES",Axles & Hubs,Wheel Bearings & Seals,GMAX,Trailer
BRAKE BOOSTER DOUBLE 24/30 KB0,KB000901,BOOSTER - BRAKE - DOUBLE 24/30 KB0 / KB000901,4. BRAKES & PNEUMATICS,Brake Actuation & Control,Brake Boosters & Chambers,,Trailer
BRAKE BUSH SINTERED METAL CAM,AU000501,BUSH - BRAKE - SINTERED METAL CAM / AU000501,4. BRAKES & PNEUMATICS,Foundation Brakes,Slack Adjusters & Calipers,,Trailer
BRAKE CALIPPER SEAL KIT344 558,344 5588,KIT - SEAL - BRAKE CALIPPER 344 5588,4. BRAKES & PNEUMATICS,Foundation Brakes,Slack Adjusters & Calipers,,Universal / Fleet
BRAKE DRUM DIFF SBP01-V0009 2.,SBP01VO009,DRUM - BRAKE - DIFF SBP01-V0009 2. / SBP01VO009,4. BRAKES & PNEUMATICS,Foundation Brakes,Brake Drums & Rotors,sbp,Truck
BRAKE DRUM FRONT 2.40321 VOLVO,2.40321,DRUM - BRAKE - FRONT VOLVO 2.40321 / 2.40321,4. BRAKES & PNEUMATICS,Foundation Brakes,Brake Drums & Rotors,volvo,Truck
BRAKE DRUM SBP01VO002,SBP01VO002,DRUM - BRAKE - SBP01VO002,4. BRAKES & PNEUMATICS,Foundation Brakes,Brake Drums & Rotors,GAM,Truck
BRAKE FLUID DOT 4 PER LTR,1207010020,FLUID - BRAKE - DOT 4 PER LTR / 1207010020,"6. CONSUMABLES, SERVICE & WEAR",Oils & Lubricants,Engine & Gear Oils,TITAN CARGO,Universal / Fleet
"BRAKE LIGHT SWITCH, 0.1-0.5BAR",2.27155,SWITCH - BRAKE LIGHT - 0.1-0.5BAR / 2.27155,7. ELECTRICAL & INSTRUMENTATION,Sensors & Instrumentation,Pressure & Temp Switches,FEB,Truck
BRAKE LINNING CHINESE TRAILER,4551,LINING - BRAKE - CHINESE TRAILER / 4551,4. BRAKES & PNEUMATICS,Foundation Brakes,"Brake Shoes, Pads & Linings",,Trailer
BRAKE MASTER CYLINDER 47201-60,47201-60831,CYLINDER - MASTER BRAKE - 47201-60 / 47201-60831,4. BRAKES & PNEUMATICS,Brake Actuation & Control,Brake Boosters & Chambers,Toyota,LDV
BRAKE PAD,A-334K,PAD - BRAKE - A-334K,4. BRAKES & PNEUMATICS,Foundation Brakes,"Brake Shoes, Pads & Linings",TAIPAI,Trailer
BRAKE PAD 244 7302,244 7302,PAD - BRAKE - 244 7302,4. BRAKES & PNEUMATICS,Foundation Brakes,"Brake Shoes, Pads & Linings",,Trailer
BRAKE PAD KIT FOR TOYOTA HILUX,04465-OK360,KIT - BRAKE PAD - TOYOTA HILUX / 04465-OK360,4. BRAKES & PNEUMATICS,Foundation Brakes,"Brake Shoes, Pads & Linings",TOYOTA,LDV
BRAKE PAD LAND CRUISER 04465-Y,04465-YZZF6,,4. BRAKES & PNEUMATICS,Foundation Brakes,"Brake Shoes, Pads & Linings",Toyota,LDV
BRAKE PADS 04465-0K240 HILUX,04465-0K240,PADS - BRAKE - TOYOTA HILUX / 04465-0K240,4. BRAKES & PNEUMATICS,Foundation Brakes,"Brake Shoes, Pads & Linings",TOYOTA,LDV
BRAKE REPAIRING KIT LH Z-CAM C,EMM963633,KIT - BRAKE REPAIR - Z-CAM C / EMM963633,4. BRAKES & PNEUMATICS,Foundation Brakes,Slack Adjusters & Calipers,,Universal / Fleet
BRAKE ROLLER PLATES HNR,HNR00024,PLATES - BRAKE ROLLER - HNR / HNR00024,4. BRAKES & PNEUMATICS,Foundation Brakes,"Brake Shoes, Pads & Linings",,Trailer
BRAKE SHOE 04495-60070 FOR LAN,04495-60070,SHOE - BRAKE - LAN / 04495-60070,4. BRAKES & PNEUMATICS,Foundation Brakes,"Brake Shoes, Pads & Linings",TOYOTA,LDV
BRAKE SHOE KIT 04495-0K120 HIL,04495-0K120,KIT - BRAKE SHOE - HIL / 04495-0K120,4. BRAKES & PNEUMATICS,Foundation Brakes,"Brake Shoes, Pads & Linings",Toyota,LDV
"BRAKE SHOE KIT, 175MM 2.40391",2.40391,KIT - BRAKE SHOE - 175MM / 2.40391,4. BRAKES & PNEUMATICS,Foundation Brakes,"Brake Shoes, Pads & Linings",DT,Trailer
BRAKE SHOE LINNING BC36 BPW,BC36,LINING - BRAKE SHOE - BPW / BC36,4. BRAKES & PNEUMATICS,Foundation Brakes,"Brake Shoes, Pads & Linings",,Trailer
BRAKE SHOE RELINED VOLVO V88,VL88,SHOE - BRAKE RELINED - VOLVO / VL88,4. BRAKES & PNEUMATICS,Foundation Brakes,"Brake Shoes, Pads & Linings",,Trailer
BRAKE SHOES CHINESE,20190042,SHOES - BRAKE - CHINESE / 20190042,4. BRAKES & PNEUMATICS,Foundation Brakes,"Brake Shoes, Pads & Linings",,Trailer
BRAKE SHOES SET FOR TOYOTA HIL,20190041,SET - BRAKE SHOES - TOYOTA HIL / 20190041,4. BRAKES & PNEUMATICS,Foundation Brakes,"Brake Shoes, Pads & Linings",TOYOTA,LDV
BRAKER 6T 3644,6T 3644,BRAKER - 6T - 6T 3644,7. ELECTRICAL & INSTRUMENTATION,Starting & Charging,Batteries & Cables,CTP,Earth Moving Machinery
BRASS FITTING FOR VOLVO,BF000001,FITTING - BRASS - VOLVO / BF000001,4. BRAKES & PNEUMATICS,Air Lines & Fittings,Push-in Fittings & Couplers,,Truck
BRASS SMALL 1 WAY VALVE FUEL P,23509306,VALVE - 1 WAY - FUEL P / 23509306,1. ENGINE & POWERTRAIN,Fuel & Air Induction,Fuel Pumps & Injectors,DT,Truck
BREAKER 171 2210,171 2210,BREAKER - 171 - 171 2210,7. ELECTRICAL & INSTRUMENTATION,Sensors & Instrumentation,Wiring Harnesses & Relays,CTP,Earth Moving Machinery
BREATHER 157 7911,157 7911,BREATHER - 157 - 157 7911,5. HYDRAULICS,Cylinders & Rams,High-Pressure Hoses & Fittings,,Earth Moving Machinery
BREATHER 3222 3456 25,3222 3456 25,BREATHER - 3222 - 3222 3456 25,1. ENGINE & POWERTRAIN,Engine Mechanicals,Engine Seals & Gaskets,,Earth Moving Machinery
BREATHER 9G 5127,9G 5127,BREATHER - 9G - 9G 5127,5. HYDRAULICS,Cylinders & Rams,High-Pressure Hoses & Fittings,CTP,Earth Moving Machinery
"BREATHER, VENT REAR AXLE S-541",S-5416,BREATHER - VENT REAR AXLE - S-541 / S-5416,"3. SUSPENSION, STEERING & AXLES",Axles & Hubs,Hub Assemblies,,Truck
B-SET1051 32021X DIFF CROWN B,32021X / 20582548,CROWN - DIFF - B-SET1051 / 32021X / 20582548,"3. SUSPENSION, STEERING & AXLES",Axles & Hubs,Wheel Bearings & Seals,TIMKEN,Truck
BULB 24V 21W BAY9S INDICATOR,5A5A0097,BULB - INDICATOR - 24V 21W BAY9S / 5A5A0097,7. ELECTRICAL & INSTRUMENTATION,Lighting & Signage,Bulbs & Lenses,,Universal / Fleet
"BULB HOLDER HILUX, H4-12V",446536245,HOLDER - BULB - HILUX H4-12V / 446536245,7. ELECTRICAL & INSTRUMENTATION,Lighting & Signage,Bulbs & Lenses,TOYOTA,LDV
"BULB, 24V 21W BS15S 1.21571",1.21571,BULB - 24V 21W - BS15S / 1.21571,7. ELECTRICAL & INSTRUMENTATION,Lighting & Signage,Bulbs & Lenses,DT,Universal / Fleet
BULBAR FOR VOLVO,BBLV0001,BULBAR - VOLVO / BBLV0001,7. ELECTRICAL & INSTRUMENTATION,Lighting & Signage,Bulbs & Lenses,volvo,Universal / Fleet
BUMP STOP 164900,164900,STOP - BUMP - 164900,"3. SUSPENSION, STEERING & AXLES",Suspension Systems,Shock Absorbers & Bushes,Febi,Universal / Fleet
BUSH 90385 T0004 HILUX,90385 T0004,BUSH - HILUX - 90385 T0004,"3. SUSPENSION, STEERING & AXLES",Suspension Systems,Shock Absorbers & Bushes,TOYOTA,LDV
BUSH BPW/ROR PIVOT METAL 30X60,150445566,BUSH - PIVOT METAL - BPW/ROR 30X60 / 150445566,"3. SUSPENSION, STEERING & AXLES",Suspension Systems,Shock Absorbers & Bushes,BPW,Trailer
BUSH LOWER ARM 486550K040,486550K040,BUSH - LOWER ARM - 486550K040,"3. SUSPENSION, STEERING & AXLES",Suspension Systems,Shock Absorbers & Bushes,TOYOTA,LDV
BUSHING 066 5815,066 5815,BUSHING - 066 - 066 5815,5. HYDRAULICS,Ground Engaging Tools (GET),Loader Pins & Bushes,Cat,Earth Moving Machinery
BUSHING 256 0181,256 0181,BUSHING - STANDARD - 256 0181,5. HYDRAULICS,Ground Engaging Tools (GET),Loader Pins & Bushes,Cat,Earth Moving Machinery
C15 INJECTOR O RING 248 1394,248 1394,O-RING - INJECTOR - C15 / 248 1394,1. ENGINE & POWERTRAIN,Fuel & Air Induction,Fuel Pumps & Injectors,,Earth Moving Machinery
CAB CONTROL D13A UNIT 21318123,21318123,UNIT - CONTROL - CAB D13A / 21318123,7. ELECTRICAL & INSTRUMENTATION,Sensors & Instrumentation,Wiring Harnesses & Relays,volvo,Truck
CABIN AIR FILTER 3222 3253 76,3222 3253 76,FILTER - AIR - CABIN / 3222 3253 76,"2. CABIN, BODY & CHASSIS",HVAC & Cabin Comfort,Cab Trim & Interior Accessories,Atlas copco,Earth Moving Machinery
CABIN AIR FILTER P782811,P782811,FILTER - AIR - CABIN / P782811,"2. CABIN, BODY & CHASSIS",HVAC & Cabin Comfort,Cab Trim & Interior Accessories,Donaldson,Truck
CABIN AIR FILTER SKL46122,SKL46122,FILTER - AIR - CABIN / SKL46122,"2. CABIN, BODY & CHASSIS",HVAC & Cabin Comfort,Cab Trim & Interior Accessories,SF FILTER,Truck
CABIN HARNESS CABLE 266 0128,266 0128,CABLE - HARNESS - CABIN / 266 0128,7. ELECTRICAL & INSTRUMENTATION,Sensors & Instrumentation,Wiring Harnesses & Relays,volvo,Truck
CABIN HOSE ASSEMBLY 1255MM 2.7,2.70925,HOSE - ASSEMBLY - CABIN 1255MM / 2.70925,5. HYDRAULICS,Cylinders & Rams,High-Pressure Hoses & Fittings,DT,Truck
CABIN HOSE ASSEMBLY 3490MM 2.7,2.70931,HOSE - ASSEMBLY - CABIN 3490MM / 2.70931,5. HYDRAULICS,Cylinders & Rams,High-Pressure Hoses & Fittings,DT,Truck
"CABIN HOSE ASSEMBLY, 1800MM 2.",2.70922,HOSE - ASSEMBLY - CABIN 1800MM / 2.70922,5. HYDRAULICS,Cylinders & Rams,High-Pressure Hoses & Fittings,DT,Truck
CABIN HYDRAULIC TILT PUMP FOR,2.70108,PUMP - HYDRAULIC - CABIN TILT / 2.70108,5. HYDRAULICS,Hydraulic Pumps & Motors,Gear & Piston Pumps,DT,Truck
CABIN INNER AIRCON FILTER V4 2,2.76116,FILTER - AIRCON - CABIN INNER V4 / 2.76116,"2. CABIN, BODY & CHASSIS",HVAC & Cabin Comfort,Cab Trim & Interior Accessories,DT,Truck
CABIN REAR SHOCK ABSORBER CB01,CB0175,ABSORBER - SHOCK - CABIN REAR CB01 / CB0175,"3. SUSPENSION, STEERING & AXLES",Suspension Systems,Shock Absorbers & Bushes,MONROE,Truck
CABIN SHOCK ABSORBER 2.61278,2.61278,ABSORBER - SHOCK - CABIN / 2.61278,"3. SUSPENSION, STEERING & AXLES",Suspension Systems,Shock Absorbers & Bushes,DT,Truck
CABIN SHOCK ABSORBER V4 CROSS,2.61277,ABSORBER - SHOCK - CABIN V4 CROSS / 2.61277,"3. SUSPENSION, STEERING & AXLES",Suspension Systems,Shock Absorbers & Bushes,Lua lua,Truck
"CABIN SHOCK ABSORBER, CROSS RE",2.70016,ABSORBER - SHOCK - CABIN CROSS RE / 2.70016,"3. SUSPENSION, STEERING & AXLES",Suspension Systems,Shock Absorbers & Bushes,DT,Truck
CABIN SHOCK ABSORBERS FM440 VO,5.65013,ABSORBER - SHOCK - CABIN FM440 VO / 5.65013,"3. SUSPENSION, STEERING & AXLES",Suspension Systems,Shock Absorbers & Bushes,DT,Truck
CABIN SHOCK REAR LONG 30007403,2.70095,SHOCK - REAR - CABIN LONG / 2.70095,"3. SUSPENSION, STEERING & AXLES",Suspension Systems,Shock Absorbers & Bushes,DT,Truck
"CABIN SHOCK, AIR BELLOW, FRONT",2.61562,BELLOW - AIR - CABIN FRONT SHOCK / 2.61562,"3. SUSPENSION, STEERING & AXLES",Suspension Systems,Shock Absorbers & Bushes,DT,Truck
"CABIN SHOCK, AIR BELLOW, REAR",2.70431,BELLOW - AIR - CABIN REAR SHOCK / 2.70431,"3. SUSPENSION, STEERING & AXLES",Suspension Systems,Shock Absorbers & Bushes,DT,Truck
CABIN SPRING 2.70402,2.70402,SPRING - CABIN - 2.70402,"3. SUSPENSION, STEERING & AXLES",Suspension Systems,Shock Absorbers & Bushes,DT,Truck
"CABIN STABILIZER BRACKET, LH 2",2.70224,BRACKET - STABILIZER - CABIN LH / 2.70224,"3. SUSPENSION, STEERING & AXLES",Suspension Systems,Hardware & Brackets,DT,Truck
"CABIN STABILIZER BRACKET, RH 2",2.70225,BRACKET - STABILIZER - CABIN RH / 2.70225,"3. SUSPENSION, STEERING & AXLES",Suspension Systems,Hardware & Brackets,DT,Truck
CABIN TILT CYLINDER 2.70120SP,2.70120SP,CYLINDER - TILT - CABIN / 2.70120SP,5. HYDRAULICS,Cylinders & Rams,Cylinder Rods & Barrels,DT,Truck
"CABIN TILT CYLINDER, SA2C0022",2.70118,CYLINDER - TILT - CABIN SA2C0022 / 2.70118,5. HYDRAULICS,Cylinders & Rams,Cylinder Rods & Barrels,DT,Truck
CABIN TILT HOSE 030.2131,030.2131,HOSE - TILT - CABIN / 030.2131,5. HYDRAULICS,Cylinders & Rams,High-Pressure Hoses & Fittings,SAMPA,Truck
CABIN TILT PUMP 2.70111 FOR VO,2.70111,PUMP - TILT - CABIN VO / 2.70111,5. HYDRAULICS,Hydraulic Pumps & Motors,Gear & Piston Pumps,DT,Truck
CABIN TILT PUMP V4 2.70161,2.70161,PUMP - TILT - CABIN V4 / 2.70161,5. HYDRAULICS,Hydraulic Pumps & Motors,Gear & Piston Pumps,DT,Truck
CABLE ASSY 283 3367,283 3367,CABLE - ASSEMBLY - 283 3367,"6. CONSUMABLES, SERVICE & WEAR",Fasteners & Hardware,Workshop Consumables,,Earth Moving Machinery
"CABLE, DOOR LOCKS 2.72138",2.72138,CABLE - DOOR LOCKS - CABIN / 2.72138,"2. CABIN, BODY & CHASSIS","Body, Glass & Mirrors","Panels, Doors & Mounts",DT,Truck
CAGE 136 2941,136 2941,CAGE - COMPONENT - 136 2941,"3. SUSPENSION, STEERING & AXLES",Axles & Hubs,Wheel Bearings & Seals,Caterpillar,Earth Moving Machinery
CAMSHAFT BEARING KIT 2.91491/3,2.91491,BEARING - CAMSHAFT - 2.91491,1. ENGINE & POWERTRAIN,Engine Mechanicals,"Blocks, Heads & Valvetrain",KOLBEN,Truck
CAMSHAFT BOLTS VOLVO D13A VOL2,CSBD13A,BOLTS - CAMSHAFT - VOLVO D13A / CSBD13A,1. ENGINE & POWERTRAIN,Engine Mechanicals,"Blocks, Heads & Valvetrain",volvo,Truck
CAMSHAFT CUPS D13A,772940,CUPS - CAMSHAFT - D13A / 772940,1. ENGINE & POWERTRAIN,Engine Mechanicals,"Blocks, Heads & Valvetrain",Volvo,Truck
CAMSHAFT FOR VERSION 4 D13A 2.,2.10809,CAMSHAFT - VERSION 4 - D13A / 2.10809,1. ENGINE & POWERTRAIN,Engine Mechanicals,"Blocks, Heads & Valvetrain",volvo,Truck
CAMSHAFT SENSOR 6.33321,6.33321,SENSOR - CAMSHAFT - 6.33321,7. ELECTRICAL & INSTRUMENTATION,Sensors & Instrumentation,Wiring Harnesses & Relays,DT,Truck
CAMSHAFT VERSION 3 2.10802 VOL,2.10802,CAMSHAFT - VERSION 3 - VOL / 2.10802,1. ENGINE & POWERTRAIN,Engine Mechanicals,"Blocks, Heads & Valvetrain",Volvo,Truck
CAP AS D6R 452 1402,452 1402,CAP - AS - D6R / 452 1402,"6. CONSUMABLES, SERVICE & WEAR",Fasteners & Hardware,Hardware & Brackets (Nuts/Bolts/Raw Steel),CTP,Earth Moving Machinery
CAP AS FUEL 349 7059 / 7X 7700,349 7059,CAP - FUEL - 349 7059,1. ENGINE & POWERTRAIN,Fuel & Air Induction,Fuel Tanks & Lines,CAT,Earth Moving Machinery
CAP ASSY 7X 7700,7X 7700,ASSEMBLY - CAP - 7X 7700,"6. CONSUMABLES, SERVICE & WEAR",Fasteners & Hardware,Hardware & Brackets (Nuts/Bolts/Raw Steel),,Earth Moving Machinery
CAP SCREW 0S 0484,0S 0484,SCREW - CAP - 0S 0484,"6. CONSUMABLES, SERVICE & WEAR",Fasteners & Hardware,Hardware & Brackets (Nuts/Bolts/Raw Steel),Caterpillar,Earth Moving Machinery
CAP. 6G 9333,6G 9333,CAP - COMPONENT - 6G 9333,"6. CONSUMABLES, SERVICE & WEAR",Fasteners & Hardware,Hardware & Brackets (Nuts/Bolts/Raw Steel),CTP,Earth Moving Machinery
CAP.7E 6508,7E 6508,CAP - COMPONENT - 7E 6508,"6. CONSUMABLES, SERVICE & WEAR",Fasteners & Hardware,Hardware & Brackets (Nuts/Bolts/Raw Steel),Cat,Earth Moving Machinery
CARRIER PLANETARY 216 1601,216 1601,CARRIER - PLANETARY - 216 1601,1. ENGINE & POWERTRAIN,Drivetrain & Transmission,Differentials & Final Drives,Cat,Earth Moving Machinery
CATERPILLAR TDTO SAE 30 TRANSM,7X 7855,FLUID - OIL - CATERPILLAR TDTO SAE 30 / 7X 7855,"6. CONSUMABLES, SERVICE & WEAR",Oils & Lubricants,Transmission & Hydraulic Fluids,TITAN CARGO,Universal Workshop
CENTER BROOM,R1300P400Q32,BROOM - CENTER - R1300P400Q32,"6. CONSUMABLES, SERVICE & WEAR",Fasteners & Hardware,Workshop Consumables,,Universal Workshop
CENTRE BEARING TATA 1518/1316,2.57332E+11,,1. ENGINE & POWERTRAIN,Drivetrain & Transmission,Driveshafts & U-Joints,TATA,Truck
CENTRE BOLT M14 X 165MM HENRE,XB000302,BOLT - CENTRE - M14 X 165MM / XB000302,"3. SUSPENSION, STEERING & AXLES",Suspension Systems,Leaf Springs & U-Bolts,FRUEHAUF,Trailer
CENTRE PIECE EXHAUST MANIFOLD,MN 6022,PIECE - CENTRE - EXHAUST MANIFOLD / MN 6022,1. ENGINE & POWERTRAIN,Fuel & Air Induction,Turbochargers & Manifolds,volvo,Truck
CHAN AND AEOLUS TYRS 23.5R25,91807089,TYRE - CHAN AND AEOLUS - 23.5R25 / 91807089,"6. CONSUMABLES, SERVICE & WEAR",Fasteners & Hardware,Tyres & Tyre Accessories,,Earth Moving Machinery
"CHARGE AIR HORSE, 83.0X148.0 2",2.156,HOSE - CHARGE AIR - 83.0X148.0 / 2.156,1. ENGINE & POWERTRAIN,Fuel & Air Induction,Turbochargers & Manifolds,DT,Truck
CHARGE AIR HOSE 2.15602,2.15602,HOSE - CHARGE AIR - 2.15602,1. ENGINE & POWERTRAIN,Fuel & Air Induction,Turbochargers & Manifolds,LEMA,Truck
CHARGE AIR HOSE FOR INTER-COOL,2.15606,HOSE - CHARGE AIR - INTER-COOL / 2.15606,1. ENGINE & POWERTRAIN,Fuel & Air Induction,Turbochargers & Manifolds,,Truck
CHARGE PRESSURE SENSOR 2.27186,2.27186,SENSOR - CHARGE PRESSURE - 2.27186,7. ELECTRICAL & INSTRUMENTATION,Sensors & Instrumentation,Pressure & Temp Switches,DT,Truck
CHECK VALVE GP 281 2725,281 2725,VALVE - CHECK - GP 281 2725,5. HYDRAULICS,Cylinders & Rams,High-Pressure Hoses & Fittings,CTP,Earth Moving Machinery
CHECK VALVE SINGLE M22,57420150B/TQ28893/4340140000,VALVE - CHECK - SINGLE M22 / 57420150B/TQ28893/4340140000,4. BRAKES & PNEUMATICS,Brake Actuation & Control,Air Valves & Governors,,Trailer
CHECKER PLATE 1250X2500X3MM,plate,PLATE - CHECKER - 1250X2500X3MM,"6. CONSUMABLES, SERVICE & WEAR",Fasteners & Hardware,Hardware & Brackets (Nuts/Bolts/Raw Steel),,Universal Workshop
CHECKING AND CALIBRATION V8 BE,93717867,CALIBRATION - CHECKING - V8 BE / 93717867,1. ENGINE & POWERTRAIN,Fuel & Air Induction,Fuel Pumps & Injectors,MERCEDES-BENZ,Truck
CHEVRON METAL HONEY COMB 1800X,EB800501,HONEYCOMB - METAL - CHEVRON 1800X / EB800501,"2. CABIN, BODY & CHASSIS",Structural Chassis & Towing,Bumpers & Bullbars,FRUEHAUF,Trailer
CHINESE BRAKE DRUM,16603,DRUM - BRAKE - CHINESE / 16603,4. BRAKES & PNEUMATICS,Foundation Brakes,Brake Drums & Rotors,,Trailer
CHINESE HUB COMPLETE,15047,HUB - COMPLETE - CHINESE / 15047,"3. SUSPENSION, STEERING & AXLES",Axles & Hubs,Hub Assemblies,,Trailer
CHINESE HUB SEAL -XA0043-1 XS0,XS000302,SEAL - HUB - XS000302 / CHINESE,"3. SUSPENSION, STEERING & AXLES",Axles & Hubs,Wheel Bearings & Seals,,Trailer
CHINESE HUB SEAL -XA0043-1 XS0,XS000302,SEAL - HUB - XS000302 / CHINESE,"3. SUSPENSION, STEERING & AXLES",Axles & Hubs,Wheel Bearings & Seals,,Trailer
CHINESE STUDS,15046,STUD - HARDWARE - 15046 / CHINESE,"3. SUSPENSION, STEERING & AXLES",Axles & Hubs,Wheel Studs & Nuts,,Trailer
CIRCLIP LOCK RING 2.65168 VOLV,2.65168,RING - LOCK - 2.65168 / VOLVO,"6. CONSUMABLES, SERVICE & WEAR",Fasteners & Hardware,Hardware & Brackets (Nuts/Bolts/Raw Steel),volvo,Truck
CJ4515 HENRED BRAKE SHOE,CJ4515,SHOE - BRAKE - CJ4515 / HENRED,4. BRAKES & PNEUMATICS,Foundation Brakes,"Brake Shoes, Pads & Linings",,Trailer
CLAMP 2.15924,2.15924,CLAMP - HARDWARE - 2.15924,"6. CONSUMABLES, SERVICE & WEAR",Fasteners & Hardware,Hardware & Brackets (Nuts/Bolts/Raw Steel),DT,Universal Workshop
CLAMP 214 7458,214 7458,CLAMP - HARDWARE - 214 7458,"6. CONSUMABLES, SERVICE & WEAR",Fasteners & Hardware,Hardware & Brackets (Nuts/Bolts/Raw Steel),Cat,Earth Moving Machinery
CLAMP 2S 3440,2S 3440,CLAMP - HARDWARE - 2S 3440,"6. CONSUMABLES, SERVICE & WEAR",Fasteners & Hardware,Hardware & Brackets (Nuts/Bolts/Raw Steel),Cat,Earth Moving Machinery
CLAMP 5P 0597,5P 0597,CLAMP - HARDWARE - 5P 0597,"6. CONSUMABLES, SERVICE & WEAR",Fasteners & Hardware,Hardware & Brackets (Nuts/Bolts/Raw Steel),Cat,Earth Moving Machinery
CLAMP 5P 2230,5P 2230,CLAMP - HARDWARE - 5P 2230,"6. CONSUMABLES, SERVICE & WEAR",Fasteners & Hardware,Hardware & Brackets (Nuts/Bolts/Raw Steel),Cat,Earth Moving Machinery
CLAMP 9M 2904,0M 2904,CLAMP - HARDWARE - 0M 2904,"6. CONSUMABLES, SERVICE & WEAR",Fasteners & Hardware,Hardware & Brackets (Nuts/Bolts/Raw Steel),Cat,Earth Moving Machinery
CLAMP 9M 7958,9M 7958,CLAMP - HARDWARE - 9M 7958,"6. CONSUMABLES, SERVICE & WEAR",Fasteners & Hardware,Hardware & Brackets (Nuts/Bolts/Raw Steel),Cat,Earth Moving Machinery
CLAMP FOR INTERCOOLER HOSE VOL,2.15202,CLAMP - INTERCOOLER HOSE - 2.15202 / VOLVO,1. ENGINE & POWERTRAIN,Fuel & Air Induction,Turbochargers & Manifolds,DT,Truck
"CLUTCH COVER, 430MM 6.40033 V4",6.40033,COVER - CLUTCH - 6.40033 / V4,1. ENGINE & POWERTRAIN,Drivetrain & Transmission,Clutches & Flywheels,DT,Truck
CLUTCH DISC HILUX 31250-0K205/,31250-0K205,DISC - CLUTCH - 31250-0K205 / HILUX,1. ENGINE & POWERTRAIN,Drivetrain & Transmission,Clutches & Flywheels,TOYOTA,LDV
"CLUTCH DISC, EURO 6. 6.40139 V",6.40139,DISC - CLUTCH - 6.40139 / EURO,1. ENGINE & POWERTRAIN,Drivetrain & Transmission,Clutches & Flywheels,DT,Truck
"CLUTCH KIT, I-SHIT 430MM VOLVO",2.93085,KIT - CLUTCH - 2.93085 / VOLVO,1. ENGINE & POWERTRAIN,Drivetrain & Transmission,Clutches & Flywheels,DT,Truck
CLUTCH MASTER CYLINDER 31410-6,31410-60590,CYLINDER - MASTER CLUTCH - 31410-60590,1. ENGINE & POWERTRAIN,Drivetrain & Transmission,Clutches & Flywheels,Toyota,LDV
CLUTCH PLATE 1878001144 BENZ,1878001144,PLATE - CLUTCH - 1878001144 / BENZ,1. ENGINE & POWERTRAIN,Drivetrain & Transmission,Clutches & Flywheels,MERCEDEZ BENZ,Truck
CLUTCH PLATE FM 2170MP,FM 2170MP,PLATE - CLUTCH - FM 2170MP,1. ENGINE & POWERTRAIN,Drivetrain & Transmission,Clutches & Flywheels,FMC,Truck
CLUTCH PLATE FM 2261,FM 2261,PLATE - CLUTCH - FM 2261,1. ENGINE & POWERTRAIN,Drivetrain & Transmission,Clutches & Flywheels,FMC,Truck
CLUTCH PLATE FM 6476MP,FM 6476MP,PLATE - CLUTCH - FM 6476MP,1. ENGINE & POWERTRAIN,Drivetrain & Transmission,Clutches & Flywheels,FMC,Truck
CLUTH COVER 31210262,31210262,COVER - CLUTCH - 31210262,1. ENGINE & POWERTRAIN,Drivetrain & Transmission,Clutches & Flywheels,TOYOTA,LDV
COIL ASSY EVAPORATOR 189 4680,189 4680,ASSY - COIL EVAPORATOR - 189 4680,"2. CABIN, BODY & CHASSIS",HVAC & Cabin Comfort,AC Compressors & Evaporators,CTP,Earth Moving Machinery
COMPASATOR VALVE GP 349 5918,349 5918,,5. HYDRAULICS,Hydraulic Pumps & Motors,Gear & Piston Pumps,,Earth Moving Machinery
COMPLETE ACCELERATOR CABLE CON,110233450,CABLE - ACCELERATOR - 110233450 / COMPLETE,1. ENGINE & POWERTRAIN,Fuel & Air Induction,Fuel Pumps & Injectors,,Universal / Fleet
COMPLETE MIRROR LEFT SIDE V3 5,5A2I0014,MIRROR - LEFT SIDE - 5A2I0014 / COMPLETE,"2. CABIN, BODY & CHASSIS","Body, Glass & Mirrors",Windshields & Windows,SIEGEL,Truck
COMPRESSION CONTROL VALVE 2.14,2.14254,VALVE - COMPRESSION CONTROL - 2.14254,4. BRAKES & PNEUMATICS,Brake Actuation & Control,Air Valves & Governors,DT,Universal / Fleet
COMPRESSOR 725/730 464 9988,464 9988,COMPRESSOR - AIR - 464 9988 / 725/730,"2. CABIN, BODY & CHASSIS",HVAC & Cabin Comfort,AC Compressors & Evaporators,Cat,Earth Moving Machinery
COMPRESSOR AIR FILTER X770689,X770689,FILTER - AIR - X770689 / COMPRESSOR,4. BRAKES & PNEUMATICS,Brake Actuation & Control,Air Valves & Governors,Donaldson,Truck
COMPRESSOR AIRCON OIL FILLED 2,2.76074,COMPRESSOR - AIRCON - 2.76074,"2. CABIN, BODY & CHASSIS",HVAC & Cabin Comfort,AC Compressors & Evaporators,DT,Truck
COMPRESSOR FH12-FH16 SD 7H15 2,CM129002,COMPRESSOR - AIR - CM129002 / FH12-FH16 SD 7H15,"2. CABIN, BODY & CHASSIS",HVAC & Cabin Comfort,AC Compressors & Evaporators,,Truck
COMPRESSOR OIL 20 LTRS,1615 5948 00,FLUID - OIL - 1615 5948 00,"6. CONSUMABLES, SERVICE & WEAR",Oils & Lubricants,Engine & Gear Oils,EPIROC COPCO,Universal Workshop
COMPRESSOR REPAIR KIT 30007446,6.91412,KIT - REPAIR - 6.91412,4. BRAKES & PNEUMATICS,Brake Actuation & Control,Air Valves & Governors,DT,Truck
"COMPRESSOR V4, 32700",32700,,4. BRAKES & PNEUMATICS,Brake Actuation & Control,Air Valves & Governors,NRF,Truck
CON ROD BEARING 514 4549,514 4549,BEARING - CONNECTING ROD - 514 4549,1. ENGINE & POWERTRAIN,Engine Mechanicals,"Pistons, Rings & Liners",CAT,Earth Moving Machinery
CON ROD BRG/BIG ENDS 9Y 7735G,9Y 7735G,BEARING - CONNECTING ROD - 9Y 7735G,1. ENGINE & POWERTRAIN,Engine Mechanicals,"Pistons, Rings & Liners",I.P.D,Earth Moving Machinery
CONDENSER 7W 8126,7W 8126,CONDENSER - AIR - 7W 8126,"2. CABIN, BODY & CHASSIS",HVAC & Cabin Comfort,AC Compressors & Evaporators,CTP,Earth Moving Machinery
CONDENSER CLEAN & RECON 962/95,950/962,CONDENSER - AIR - 950/962,"2. CABIN, BODY & CHASSIS",HVAC & Cabin Comfort,AC Compressors & Evaporators,,Earth Moving Machinery
CONE 004 9040,004 9040,CONE - DIFF - 004 9040,"3. SUSPENSION, STEERING & AXLES",Axles & Hubs,Wheel Bearings & Seals,NTN,Earth Moving Machinery
CONE 030 0061 DIFF 962G,030 0061,CONE - DIFF - 030 0061,"3. SUSPENSION, STEERING & AXLES",Axles & Hubs,Wheel Bearings & Seals,CTP,Earth Moving Machinery
CONE 2K 9295,2K 9295,CONE - DIFF - 2K 9295,"3. SUSPENSION, STEERING & AXLES",Axles & Hubs,Wheel Bearings & Seals,Ntn,Earth Moving Machinery
CONE 3P 1210,3P 1210,CONE - DIFF - 3P 1210,"3. SUSPENSION, STEERING & AXLES",Axles & Hubs,Wheel Bearings & Seals,,Earth Moving Machinery
CONE 6Y 2539,6Y 2539,CONE - DIFF - 6Y 2539,"3. SUSPENSION, STEERING & AXLES",Axles & Hubs,Wheel Bearings & Seals,CTP,Earth Moving Machinery
CONE 7T 8272,7T 8272,CONE - DIFF - 7T 8272,"3. SUSPENSION, STEERING & AXLES",Axles & Hubs,Wheel Bearings & Seals,NTN,Earth Moving Machinery
CONE 8S 9075 CROWN DIFF 740,8S 9075,CONE - CROWN DIFF - 8S 9075,"3. SUSPENSION, STEERING & AXLES",Axles & Hubs,Wheel Bearings & Seals,NTN,Earth Moving Machinery
CONE BEARING 1L 7518,1L 7518,BEARING - CONE - 1L 7518,"3. SUSPENSION, STEERING & AXLES",Axles & Hubs,Wheel Bearings & Seals,NTN,Earth Moving Machinery
CONE BEARING 3F 5950 3126B,3F 5950,BEARING - CONE - 3F 5950,"3. SUSPENSION, STEERING & AXLES",Axles & Hubs,Wheel Bearings & Seals,Caterpillar,Earth Moving Machinery
CONE RLR BEARING 105 3035,105 3035,BEARING - RLR - 105 3035,"3. SUSPENSION, STEERING & AXLES",Axles & Hubs,Wheel Bearings & Seals,Cat,Earth Moving Machinery
CONE TAPERED ROLLER BEARING 6K,6K 5529,BEARING - TAPERED ROLLER - 6K 5529,"3. SUSPENSION, STEERING & AXLES",Axles & Hubs,Wheel Bearings & Seals,TIMKEN,Earth Moving Machinery
CONNECTING KIT 175 3700,175 3700,KIT - CONNECTING - 175 3700,7. ELECTRICAL & INSTRUMENTATION,Sensors & Instrumentation,Wiring Harnesses & Relays,Cat,Earth Moving Machinery
CONNECTING ROD BEARING KIT BUS,3521608,KIT - CONNECTING ROD BEARING - 3521608,1. ENGINE & POWERTRAIN,Engine Mechanicals,"Pistons, Rings & Liners",,LDV
CONNECTING ROD BEARING KIT U5M,U5ME0034,KIT - CONNECTING ROD BEARING - U5ME0034,1. ENGINE & POWERTRAIN,Engine Mechanicals,"Pistons, Rings & Liners",Perkins,Earth Moving Machinery
CONNECTING ROD BEARING MCDA442,MCDA4420300960,BEARING - CONNECTING ROD - MCDA4420300960,1. ENGINE & POWERTRAIN,Engine Mechanicals,"Pistons, Rings & Liners",MERCEDES-BENZ,Truck
"CONNECTOR ASSY 40PIN, 9X 7148",9X 7148,CONNECTOR - ASSY - 9X 7148,7. ELECTRICAL & INSTRUMENTATION,Sensors & Instrumentation,Wiring Harnesses & Relays,Cat,Earth Moving Machinery
"CONNECTOR PLUG (40PIN), 8T 983",8T 9834,CONNECTOR - PLUG - 8T 9834,7. ELECTRICAL & INSTRUMENTATION,Sensors & Instrumentation,Wiring Harnesses & Relays,Cat,Earth Moving Machinery
"CONNECTOR PLUG (70PIN), 160 76",160 7689,CONNECTOR - PLUG - 160 7689,7. ELECTRICAL & INSTRUMENTATION,Sensors & Instrumentation,Wiring Harnesses & Relays,Cat,Earth Moving Machinery
"CONNECTOR, HYDRAULIC PIPE 2.25",2.25489,CONNECTOR - HYDRAULIC PIPE - 2.25489,5. HYDRAULICS,Cylinders & Rams,High-Pressure Hoses & Fittings,DT,Truck
CONROD BEARING 224 6638 962GII,224 6638,BEARING - CONROD - 224 6638,1. ENGINE & POWERTRAIN,Engine Mechanicals,"Pistons, Rings & Liners",,Truck
CONROD BEARING 500042636 FIAT,500042636,BEARING - CONROD - 500042636,1. ENGINE & POWERTRAIN,Engine Mechanicals,"Pistons, Rings & Liners",IVECO,Truck
"CONROD BEARING KIT, STD VOLVO",2.91473,KIT - CONROD BEARING - 2.91473,1. ENGINE & POWERTRAIN,Engine Mechanicals,"Pistons, Rings & Liners",DT,Truck
CONTACT 21225667,21225667,SWITCH - CONTACT - 21225667,7. ELECTRICAL & INSTRUMENTATION,Sensors & Instrumentation,Wiring Harnesses & Relays,Volvo,Truck
CONTROL ARM 48610-29075,48610-29075,ARM - CONTROL - 48610-29075,"3. SUSPENSION, STEERING & AXLES",Suspension Systems,Shock Absorbers & Bushes,,LDV
CONTROL ARM 48630-29075,48630-29075,ARM - CONTROL - 48630-29075,"3. SUSPENSION, STEERING & AXLES",Suspension Systems,Shock Absorbers & Bushes,,LDV
"CONTROL CABLE, GEAR SHIFT, FH",2.32942,CABLE - CONTROL - 2.32942,1. ENGINE & POWERTRAIN,Drivetrain & Transmission,Gearboxes & PTOs,DT,Truck
"CONTROL CABLE, GEAR SHIFT, FH",2.32943,,1. ENGINE & POWERTRAIN,Drivetrain & Transmission,Gearboxes & PTOs,DT,Truck
CONTROL HOUSING BUFFER STOP 2.,2.32415,HOUSING - CONTROL - 2.32415,1. ENGINE & POWERTRAIN,Drivetrain & Transmission,Gearboxes & PTOs,DT,Truck
CONTROL HOUSING TOP COVER GASK,2.32248,COVER - GASKET - 2.32248,1. ENGINE & POWERTRAIN,Drivetrain & Transmission,Gearboxes & PTOs,DT,Truck
CONTROL PANEL SWITCH V4 VOLVO,22181496,SWITCH - CONTROL PANEL - VOLVO / 22181496,7. ELECTRICAL & INSTRUMENTATION,Sensors & Instrumentation,Wiring Harnesses & Relays,DT,Truck
CONTROL PANEL SWITCH VOLVO 2.2,2.25341,SWITCH - CONTROL PANEL - VOLVO / 2.25341,7. ELECTRICAL & INSTRUMENTATION,Sensors & Instrumentation,Wiring Harnesses & Relays,DT,Truck
"CONTROL PANEL, DOOR, DRIVER SI",2.25455,PANEL - CONTROL - DOOR DRIVER - 2.25455,7. ELECTRICAL & INSTRUMENTATION,Sensors & Instrumentation,Wiring Harnesses & Relays,DT,Truck
"CONTROL PANEL, DOOR, PASSENGER",2.25342,PANEL - CONTROL - DOOR PASSENGER - 2.25342,7. ELECTRICAL & INSTRUMENTATION,Sensors & Instrumentation,Wiring Harnesses & Relays,DT,Truck
"COOLANT PIPE, OUTLET 2.15726 /",2.15726,PIPE - COOLANT - OUTLET - 2.15726,1. ENGINE & POWERTRAIN,Cooling System,Radiators & Coolers,DT,Truck
COP GREASE 3115 3422 00,3115 3422 00,GREASE - COP - 3115 3422 00,"6. CONSUMABLES, SERVICE & WEAR",Oils & Lubricants,Greases & Pastes,,Universal Workshop
COPPER CABLE LUG M12X70MM,836709717,LUG - CABLE - COPPER M12X70MM - 836709717,7. ELECTRICAL & INSTRUMENTATION,Starting & Charging,Batteries & Cables,,Universal / Fleet
"COPPER WASHER, 10X14X1MM 9.010",9.01051,WASHER - COPPER - 10X14X1MM - 9.01051,"6. CONSUMABLES, SERVICE & WEAR",Fasteners & Hardware,Hardware & Brackets (Nuts/Bolts/Raw Steel),DT,Universal Workshop
"COPPER WASHER, 22 X 27 X 1.5MM",9.01003,WASHER - COPPER - 22X27X1.5MM - 9.01003,"6. CONSUMABLES, SERVICE & WEAR",Fasteners & Hardware,Hardware & Brackets (Nuts/Bolts/Raw Steel),DT,Universal Workshop
CORE VALVE FOR TYRES,20190046,VALVE - CORE - 20190046,"6. CONSUMABLES, SERVICE & WEAR",Fasteners & Hardware,Tyres & Tyre Accessories,,Universal Workshop
COTTON TAPE,8367297185,TAPE - COTTON - 8367297185,"6. CONSUMABLES, SERVICE & WEAR",Fasteners & Hardware,Workshop Consumables,,Universal Workshop
COUPLING 5P 3928,5P 3928,COUPLING - 5P - 3928,5. HYDRAULICS,Cylinders & Rams,High-Pressure Hoses & Fittings,Caterpillar,Earth Moving Machinery
COUPLING JOINT CUNA TYPE M G20,G2031000,JOINT - COUPLING - CUNA TYPE M - G20,4. BRAKES & PNEUMATICS,Air Lines & Fittings,Push-in Fittings & Couplers,,Truck
COUPLING JOINTS-CUNA TYPE-PE G,G2060000,JOINT - COUPLING - CUNA TYPE PE - G,4. BRAKES & PNEUMATICS,Air Lines & Fittings,Push-in Fittings & Couplers,,Trailer
COVER 185 4783,185 4783,COVER - 185 - 4783,"6. CONSUMABLES, SERVICE & WEAR",Fasteners & Hardware,Hardware & Brackets (Nuts/Bolts/Raw Steel),CAT,Earth Moving Machinery
COVER CONNECTOR 126 1774,126 1774,CONNECTOR - COVER - 126 - 1774,7. ELECTRICAL & INSTRUMENTATION,Sensors & Instrumentation,Wiring Harnesses & Relays,Cat,Earth Moving Machinery
COVER KIT 4213659262,4213659262,KIT - COVER - 4213659262,4. BRAKES & PNEUMATICS,Brake Actuation & Control,Air Valves & Governors,wabco,Truck
COVER KIT CONTROL HOUSING 4213,4213659242,KIT - COVER - CONTROL HOUSING - 4213,4. BRAKES & PNEUMATICS,Brake Actuation & Control,Air Valves & Governors,DT,Truck
COVER KIT VOL20562631 VOLVO,VOL20562631,KIT - COVER - VOLVO - VOL20562631,4. BRAKES & PNEUMATICS,Brake Actuation & Control,Air Valves & Governors,WABCO,Truck
CRANK SEAL FRONT D6R 245 7339,245 7339,SEAL - CRANK FRONT - D6R - 245 7339,1. ENGINE & POWERTRAIN,Engine Mechanicals,Engine Seals & Gaskets,I.P.D,Earth Moving Machinery
CRANKSHAFT BEARING A4030301340,A4030301340,BEARING - CRANKSHAFT - A4030301340,1. ENGINE & POWERTRAIN,Engine Mechanicals,"Pistons, Rings & Liners",MERCEDES-BENZ,Truck
CRANKSHAFT KIT ZZ90239,ZZ90239,KIT - CRANKSHAFT - ZZ90239,1. ENGINE & POWERTRAIN,Engine Mechanicals,"Pistons, Rings & Liners",Perkins,Earth Moving Machinery
CRANKSHAFT OIL SEAL REAR 2.100,2.10051,SEAL - OIL CRANKSHAFT REAR - 2.10051,1. ENGINE & POWERTRAIN,Engine Mechanicals,Engine Seals & Gaskets,DT,Truck
CREEPER METAL AZ15003,AZ15003,CREEPER - METAL - AZ15003,"6. CONSUMABLES, SERVICE & WEAR",Fasteners & Hardware,Workshop Consumables,,Universal Workshop
CUP 030 0060 DIFF 962G,030 0060,CUP - 030 - 0060 DIFF - 962G,"3. SUSPENSION, STEERING & AXLES",Axles & Hubs,Wheel Bearings & Seals,CTP,Earth Moving Machinery
CUP 1P 6872,1P 6872,CUP - 1P - 6872,"3. SUSPENSION, STEERING & AXLES",Axles & Hubs,Wheel Bearings & Seals,,Earth Moving Machinery
CUP 2D 9454 FRONT AXLE DIFF 96,2D 9454,CUP - AXLE - 2D 9454,"3. SUSPENSION, STEERING & AXLES",Axles & Hubs,Wheel Bearings & Seals,NTN,Earth Moving Machinery
CUP 3B 4124,3B 4124,CUP - AXLE - 3B 4124,"3. SUSPENSION, STEERING & AXLES",Axles & Hubs,Wheel Bearings & Seals,NTN,Earth Moving Machinery
CUP 6Y 2540,6Y 2540,CUP - AXLE - 6Y 2540,"3. SUSPENSION, STEERING & AXLES",Axles & Hubs,Wheel Bearings & Seals,CTP,Earth Moving Machinery
CUP 8J 0412,8J 0412,CUP - AXLE - 8J 0412,"3. SUSPENSION, STEERING & AXLES",Axles & Hubs,Wheel Bearings & Seals,,Earth Moving Machinery
CUP 8S 9076,8S 9076,CUP - AXLE - 8S 9076,"3. SUSPENSION, STEERING & AXLES",Axles & Hubs,Wheel Bearings & Seals,NTN,Earth Moving Machinery
CUP BEARING 2P 1373,2P 1373,BEARING - CUP - 2P 1373,"3. SUSPENSION, STEERING & AXLES",Axles & Hubs,Wheel Bearings & Seals,NTN,Earth Moving Machinery
CUP BEARING 6B 4370,6B 4370,BEARING - CUP - 6B 4370,"3. SUSPENSION, STEERING & AXLES",Axles & Hubs,Wheel Bearings & Seals,NTN,Earth Moving Machinery
CUP BEARING 6K 5528,6K 5528,BEARING - CUP - 6K 5528,"3. SUSPENSION, STEERING & AXLES",Axles & Hubs,Wheel Bearings & Seals,NTN,Earth Moving Machinery
CUP BEARING 6V 0327,6V 0327,BEARING - CUP - 6V 0327,"3. SUSPENSION, STEERING & AXLES",Axles & Hubs,Wheel Bearings & Seals,NTN,Earth Moving Machinery
CUP BEARING 8B 6343,8B 6343,BEARING - CUP - 8B 6343,"3. SUSPENSION, STEERING & AXLES",Axles & Hubs,Wheel Bearings & Seals,BLC,Earth Moving Machinery
CUTTING EDGES 4T 8317 140K,4T 8317,EDGE - CUTTING - 4T 8317,5. HYDRAULICS,Ground Engaging Tools (GET),Blades & Cutting Edges,Cat,Earth Moving Machinery
CUTTING EDGES 7D 1577 140K,7D 1577,EDGE - CUTTING - 7D 1577,5. HYDRAULICS,Ground Engaging Tools (GET),Blades & Cutting Edges,Caterpillar,Earth Moving Machinery
CUTTING EDGES BOLT 5J 4773 140,5J 4773,BOLT - CUTTING EDGE - 5J 4773,5. HYDRAULICS,Ground Engaging Tools (GET),Hardware & Mounts,Caterpillar,Earth Moving Machinery
CUTTING EDGES NUT 140K 2J 3506,2J 3506,NUT - CUTTING EDGE - 2J 3506,5. HYDRAULICS,Ground Engaging Tools (GET),Hardware & Mounts,Caterpillar,Earth Moving Machinery
CUTTING RINGS,CUTTING RINGS,,"6. CONSUMABLES, SERVICE & WEAR",Fasteners & Hardware,Workshop Consumables,,Universal Workshop
CX-20 PATCH,90807066,PATCH - CX-20 - 90807066,"6. CONSUMABLES, SERVICE & WEAR",Fasteners & Hardware,Tyres & Tyre Accessories,,Universal Workshop
CX-22 TYRE PATCH,90817066,PATCH - TYRE CX-22 - 90817066,"6. CONSUMABLES, SERVICE & WEAR",Fasteners & Hardware,Tyres & Tyre Accessories,,Universal Workshop
"CYLINDER ASSY, MASTER L/R 3142",31420-0K080,CYLINDER - MASTER - 31420-0K080,4. BRAKES & PNEUMATICS,Brake Actuation & Control,Brake Boosters & Chambers,TOYOTA,LDV
CYLINDER BARREL MCDA4471300008,MCDA4471300008,BARREL - CYLINDER - MCDA4471300008,5. HYDRAULICS,Cylinders & Rams,Cylinder Rods & Barrels,MERCEDES-BENZ,Truck
"CYLINDER GASKET S.1100 4, U5LB",U5LB0381,GASKET - CYLINDER - U5LB0381,1. ENGINE & POWERTRAIN,Engine Mechanicals,Engine Seals & Gaskets,Perkins,Auxillary
"CYLINDER GROUP MASTER, 217 613",217 6130,GROUP - CYLINDER MASTER - 217 6130,4. BRAKES & PNEUMATICS,Brake Actuation & Control,Brake Boosters & Chambers,Cat,Earth Moving Machinery
CYLINDER HEAD 912 DEUTZ 423061,4230612,HEAD - CYLINDER - DEUTZ 423061,1. ENGINE & POWERTRAIN,Engine Mechanicals,"Blocks, Heads & Valvetrain",,Earth Moving Machinery
CYLINDER HEAD COMPLETE 2.10048,MEC108150,HEAD - CYLINDER COMPLETE - MEC108150,1. ENGINE & POWERTRAIN,Engine Mechanicals,"Blocks, Heads & Valvetrain",MEC,Truck
CYLINDER HEAD GASKET MCDA44201,MCDA4420160420,GASKET - CYLINDER HEAD - MCDA4420160420,1. ENGINE & POWERTRAIN,Engine Mechanicals,Engine Seals & Gaskets,MERCEDES-BENZ,Truck
CYLINDER HEAD GASKET VOLVO 215,21575727,GASKET - CYLINDER HEAD - VOLVO 215,1. ENGINE & POWERTRAIN,Engine Mechanicals,Engine Seals & Gaskets,DT,Truck
CYLINDER HEAD KIT 365 2961,365 2961,KIT - CYLINDER HEAD - 365 2961,1. ENGINE & POWERTRAIN,Engine Mechanicals,"Blocks, Heads & Valvetrain",Cat,Earth Moving Machinery
CYLINDER HEAD MCDA4071300519,MCDA4071300519,HEAD - CYLINDER - MCDA4071300519,1. ENGINE & POWERTRAIN,Engine Mechanicals,"Blocks, Heads & Valvetrain",MERCEDES-BENZ,Truck
CYLINDER HEAD SECOND HAND VOLV,MEC108151,HEAD - CYLINDER - VOLV SECOND HAND - MEC108151,1. ENGINE & POWERTRAIN,Engine Mechanicals,"Blocks, Heads & Valvetrain",Volvo,Truck
CYLINDER HEAD TARPPET COVER VO,20745844,COVER - CYLINDER HEAD TARPPET - VO 20745844,1. ENGINE & POWERTRAIN,Engine Mechanicals,"Blocks, Heads & Valvetrain",volvo,Truck
CYLINDER LINER 469 5315 3176 7,469 5315,LINER - CYLINDER - 469 5315,1. ENGINE & POWERTRAIN,Engine Mechanicals,"Pistons, Rings & Liners",IPD,Earth Moving Machinery
"D13, CYLINDER LINER SLEEVE VOL",2.10461,LINER - CYLINDER - VOLVO / 2.10461,1. ENGINE & POWERTRAIN,Engine Mechanicals,"Pistons, Rings & Liners",DT,Truck
D13A VOLVO INJECTOR 21371672,VOL21371672,INJECTOR - FUEL - VOLVO / 21371672,1. ENGINE & POWERTRAIN,Fuel & Air Induction,Fuel Pumps & Injectors,volvo,Truck
D4D FILTER SERVICE KIT FWIX-S3,FWIX-S30227,KIT - SERVICE FILTER - FWIX / FWIX-S30227,1. ENGINE & POWERTRAIN,Fuel & Air Induction,Air Filtration,WIX,LDV
D4D FRONT WINDSCREEN HILUX,1012888,GLASS - WINDSCREEN - HILUX / 1012888,"2. CABIN, BODY & CHASSIS","Body, Glass & Mirrors",Windshields & Windows,,LDV
DAILY SPARE PARTS MOVEMENT BOO,DSPMB,BOOK - SPARE PARTS MOVEMENT - DAILY / DSPMB,"6. CONSUMABLES, SERVICE & WEAR",Fasteners & Hardware,Workshop Consumables,BM,Universal Workshop
DAYCO V-BELT 10A1100C,10A1100C,BELT - V - DAYCO / 10A1100C,1. ENGINE & POWERTRAIN,Cooling System,Belts & Tensioners,Dayco,Universal / Fleet
DELCO REMMY FORK STARTER 42MT,FRK42MT,STARTER - FORK - DELCO REMMY / 42MT,7. ELECTRICAL & INSTRUMENTATION,Starting & Charging,Starter Motors,,Universal / Fleet
DEWAR 50 LITRES CYLINDER,836709712,CYLINDER - DEWAR - 50 LITRES / 836709712,"6. CONSUMABLES, SERVICE & WEAR",Fasteners & Hardware,Workshop Consumables,,Universal Workshop
DG176221-RMZ BEARING KOYO,DG176221-RMZ,BEARING - KOYO - DG176221-RMZ / DG176221-RMZ,"3. SUSPENSION, STEERING & AXLES",Axles & Hubs,Wheel Bearings & Seals,,Universal / Fleet
DIESEL ENGINE OIL DEO CATERPIL,3E 9848,OIL - DIESEL ENGINE - CATERPILLAR / 3E 9848,"6. CONSUMABLES, SERVICE & WEAR",Oils & Lubricants,Engine & Gear Oils,CAT,Earth Moving Machinery
DIFF DEFLECTOR 20701292 VOLVO,20701292,DEFLECTOR - DIFF - VOLVO / 20701292,"3. SUSPENSION, STEERING & AXLES",Axles & Hubs,Wheel Bearings & Seals,volvo,Truck
DIFF LOCK DIAPHRAM VOLVO 2.32,2.32244,DIAPHRAGM - DIFF LOCK - VOLVO / 2.32244,"3. SUSPENSION, STEERING & AXLES",Axles & Hubs,Hub Assemblies,DT,Truck
"DIFF OIL SEAL FRONT, 90X151X10",2.35061,SEAL - OIL - DIFF FRONT / 2.35061,"3. SUSPENSION, STEERING & AXLES",Axles & Hubs,Wheel Bearings & Seals,DT,Truck
DIFF OIL SEAL REAR FOR VOLVO T,2.3525,SEAL - OIL - DIFF REAR - VOLVO / 2.3525,"3. SUSPENSION, STEERING & AXLES",Axles & Hubs,Wheel Bearings & Seals,DT,Truck
DIFF TO DIFF PROP SHAFT RP1479,RP14799,SHAFT - PROP - DIFF TO DIFF / RP14799,1. ENGINE & POWERTRAIN,Drivetrain & Transmission,Driveshafts & U-Joints,,Truck
DIFF TO DIFF PROP SHAFT RP1479,RP14799,SHAFT - PROP - DIFF TO DIFF / RP14799,1. ENGINE & POWERTRAIN,Drivetrain & Transmission,Driveshafts & U-Joints,,Truck
DIFF WHEEL BOLT M22 X 1.5 X 11,2.65094,BOLT - WHEEL - DIFF M22 X 1.5 X 11 / 2.65094,"3. SUSPENSION, STEERING & AXLES",Axles & Hubs,Wheel Studs & Nuts,DT,Truck
DIFF WHEEL BOLT M22 X 1.5 X 11,2.65094,BOLT - WHEEL - DIFF M22 X 1.5 X 11 / 2.65094,"3. SUSPENSION, STEERING & AXLES",Axles & Hubs,Wheel Studs & Nuts,DT,Truck
DIP STICK HOUSING 21687074,21687074,HOUSING - DIP STICK - 21687074 / 21687074,1. ENGINE & POWERTRAIN,Engine Mechanicals,"Blocks, Heads & Valvetrain",volvo,Truck
DIP STICK OIL 21687087 FOR VOL,21687087,STICK - DIP OIL - VOLVO / 21687087,1. ENGINE & POWERTRAIN,Engine Mechanicals,"Blocks, Heads & Valvetrain",,Truck
DISC FM 4607,FM 4607,DISC - FRICTION - FM / 4607,1. ENGINE & POWERTRAIN,Drivetrain & Transmission,Clutches & Flywheels,FMC,Universal / Fleet
DISC FRACTION 222 5203,222 5203,DISC - FRICTION - 222 / 5203,1. ENGINE & POWERTRAIN,Drivetrain & Transmission,Clutches & Flywheels,Caterpillar,Earth Moving Machinery
DISC FRICTION 334 1034 962G,334 1034,DISC - FRICTION - 334 / 1034,1. ENGINE & POWERTRAIN,Drivetrain & Transmission,Clutches & Flywheels,CTP,Earth Moving Machinery
DISC-FRICTION CAT 3T 9960,3T 9960,DISC - FRICTION - CATERPILLAR / 3T 9960,1. ENGINE & POWERTRAIN,Drivetrain & Transmission,Clutches & Flywheels,FMC,Earth Moving Machinery
"DOOR EXTENSION, RIGHT VERSION",2.72225,EXTENSION - DOOR - RIGHT VERSION / 2.72225,"2. CABIN, BODY & CHASSIS","Body, Glass & Mirrors","Panels, Doors & Mounts",DT,Truck
DOOR GLASS RIGHT VOLVO 2.73123,2.73123SP,GLASS - DOOR RIGHT - VOLVO / 2.73123SP,"2. CABIN, BODY & CHASSIS","Body, Glass & Mirrors","Panels, Doors & Mounts",DT,Truck
"DOOR GLASS, RH V4 2.73125",2.73125,GLASS - DOOR RH - V4 / 2.73125,"2. CABIN, BODY & CHASSIS","Body, Glass & Mirrors","Panels, Doors & Mounts",DT,Truck
DOOR HANDLE LEFT 2.72117,2.72117,HANDLE - DOOR LEFT - 2.72117 / 2.72117,"2. CABIN, BODY & CHASSIS","Body, Glass & Mirrors","Panels, Doors & Mounts",DT,Truck
DOOR HANDLE RIGHT VOLVO 2.7211,2.72118,HANDLE - DOOR RIGHT - VOLVO / 2.72118,"2. CABIN, BODY & CHASSIS","Body, Glass & Mirrors","Panels, Doors & Mounts",DT,Truck
DOOR LINKAGE ROD VOLVO 5A2F003,5A2F0037,ROD - LINKAGE DOOR - VOLVO / 5A2F0037,"2. CABIN, BODY & CHASSIS","Body, Glass & Mirrors","Panels, Doors & Mounts",DT,Truck
DOOR LOCK 5A2E0014,5A2E0014,LOCK - DOOR - 5A2E0014 / 5A2E0014,"2. CABIN, BODY & CHASSIS","Body, Glass & Mirrors","Panels, Doors & Mounts",,Truck
"DOOR LOCK ELECTRICAL, LEFT 2.7",2.72135,LOCK - DOOR ELECTRICAL LEFT - 2.72135 / 2.72135,"2. CABIN, BODY & CHASSIS","Body, Glass & Mirrors","Panels, Doors & Mounts",DT,Truck
"DOOR LOCK ELECTRICAL, RIGHT 2.",2.72136,LOCK - DOOR - RIGHT / 2.72136,"2. CABIN, BODY & CHASSIS","Body, Glass & Mirrors","Panels, Doors & Mounts",DT,Truck
DOOR LOCK RH 21884395,21884395,LOCK - DOOR - RIGHT / 21884395,"2. CABIN, BODY & CHASSIS","Body, Glass & Mirrors","Panels, Doors & Mounts",Volvo,Truck
DOUBLE STAR TYRE 315/80RR22.5-,DSR/DSR188,TYRE - DOUBLE STAR - 315/80RR22.5 / DSR/DSR188,"6. CONSUMABLES, SERVICE & WEAR",Fasteners & Hardware,Tyres & Tyre Accessories,,Truck
DOUBLE STAR TYRE 385/65R22.5-2,DSR/DSR678,TYRE - DOUBLE STAR - 385/65R22.5 / DSR/DSR678,"6. CONSUMABLES, SERVICE & WEAR",Fasteners & Hardware,Tyres & Tyre Accessories,DOUBLE,Truck
DRAG LINK 2.25138 V4,2.25138,LINK - DRAG - V4 / 2.25138,"3. SUSPENSION, STEERING & AXLES",Steering Components,Tie Rods & Drag Links,d,Truck
"DRAG LINK, 863M, I-SHIFT VOLVO",2.53146,LINK - DRAG - I-SHIFT VOLVO / 2.53146,"3. SUSPENSION, STEERING & AXLES",Steering Components,Tie Rods & Drag Links,DT,Truck
DRAIN PLUG MANUAL TILT M22,20849122,PLUG - DRAIN - MANUAL TILT M22 / 20849122,5. HYDRAULICS,Hydraulic Pumps & Motors,Gear & Piston Pumps,,Truck
DRAPER SPRAY GUN HP,8367097180,GUN - SPRAY - DRAPER HP / 8367097180,"6. CONSUMABLES, SERVICE & WEAR",Fasteners & Hardware,Workshop Consumables,,Universal Workshop
DRILL BIT T45 9002 9354,9002 9354,BIT - DRILL - T45 / 9002 9354,5. HYDRAULICS,Ground Engaging Tools (GET),Hardware & Mounts,Epiroc,Earth Moving Machinery
DRILL BIT T51 9002 9419,90029415,BIT - DRILL - T51 / 90029415,5. HYDRAULICS,Ground Engaging Tools (GET),Hardware & Mounts,Epiroc,Earth Moving Machinery
DRILL STEEL SUPPORT-3216,3216 2957 00,SUPPORT - DRILL STEEL - 3216 / 3216 2957 00,5. HYDRAULICS,Ground Engaging Tools (GET),Hardware & Mounts,,Earth Moving Machinery
D-RING KIT 270 1535,270 1535,KIT - D-RING - 270 1535,"6. CONSUMABLES, SERVICE & WEAR",Fasteners & Hardware,Hardware & Brackets (Nuts/Bolts/Raw Steel),,Earth Moving Machinery
DRIVE PLATE CONVERTER HYSTER,39362021/00,PLATE - DRIVE - CONVERTER HYSTER / 39362021/00,1. ENGINE & POWERTRAIN,Drivetrain & Transmission,Clutches & Flywheels,,Auxillary
DROP BOX CONE BEARING 155 6648,155 6648,BEARING - DROP BOX CONE - 155 / 155 6648,1. ENGINE & POWERTRAIN,Drivetrain & Transmission,Gearboxes & PTOs,Cat,Earth Moving Machinery
DUAL VALVE TYRE EXTENTION BRAC,3040169,BRACKET - TYRE EXTENSION DUAL VALVE / 3040169,"6. CONSUMABLES, SERVICE & WEAR",Fasteners & Hardware,Tyres & Tyre Accessories,,Universal Workshop
DUST COVER Z-CAM 2.40120,2.4012,COVER - DUST - Z-CAM / 2.4012,4. BRAKES & PNEUMATICS,Foundation Brakes,Slack Adjusters & Calipers,DT,Truck
DUST COVER Z-CAM 2.40120,2.4012,COVER - DUST - Z-CAM / 2.4012,4. BRAKES & PNEUMATICS,Foundation Brakes,Slack Adjusters & Calipers,DT,Truck
DUST COVER Z-CAM 2.40120 SH,2.4012,COVER - DUST - Z-CAM / 2.4012,4. BRAKES & PNEUMATICS,Foundation Brakes,Slack Adjusters & Calipers,DT,Truck
DUST COVER Z-CAM 2.40120 SH,2.4012,COVER - DUST - Z-CAM / 2.4012,4. BRAKES & PNEUMATICS,Foundation Brakes,Slack Adjusters & Calipers,DT,Truck
"DUST COVER, BRAKE ADJUSTER 030",030.248,COVER - DUST - BRAKE ADJUSTER / 030.248,4. BRAKES & PNEUMATICS,Foundation Brakes,Slack Adjusters & Calipers,SAMPA,Truck
"E6013, 3.2MM WELDING ELECTRODE",E6013 3.2MM,ELECTRODE - WELDING - E6013 3.2MM / E6013 3.2MM,"6. CONSUMABLES, SERVICE & WEAR",Fasteners & Hardware,Workshop Consumables,Chisa,Universal Workshop
"E6013, 4MM WELDING ELECTRODES","E6013, 4MM","ELECTRODE - WELDING - E6013 4MM / E6013, 4MM","6. CONSUMABLES, SERVICE & WEAR",Fasteners & Hardware,Workshop Consumables,,Universal Workshop
EATON FILTERS - POXL-1_PO2HAY-,504153482,FILTER - EATON - POXL-1_PO2HAY / 504153482,1. ENGINE & POWERTRAIN,Fuel & Air Induction,Air Filtration,Donaldson,Universal / Fleet
ECM ENGINE 262 2878,262 2878,ECU - ENGINE - 262 / 262 2878,7. ELECTRICAL & INSTRUMENTATION,Sensors & Instrumentation,Wiring Harnesses & Relays,Cat,Earth Moving Machinery
ECM RUBBER MOUNT 8T 9655,8T 9655,MOUNT - RUBBER - ECM 8T / 8T 9655,1. ENGINE & POWERTRAIN,Engine Mechanicals,Engine Mounts & Dampers,Cat,Earth Moving Machinery
ECO GREASE L1 91 WN1.049,02.1040.52.00,GREASE - ECO - L1 91 WN1.049 / 02.1040.52.00,"6. CONSUMABLES, SERVICE & WEAR",Oils & Lubricants,Greases & Pastes,BPW,Universal Workshop
ECOCOOL 600 NB FC PER LTR,1207010013,FLUID - ECOCOOL - 600 NB FC PER LTR / 1207010013,"6. CONSUMABLES, SERVICE & WEAR",Oils & Lubricants,Transmission & Hydraulic Fluids,TITAN CARGO,Universal Workshop
ELBOW 174 3547 FOR 725/730,174 3547,ELBOW - 174 - FOR 725/730 / 174 3547,5. HYDRAULICS,Cylinders & Rams,High-Pressure Hoses & Fittings,CAT,Earth Moving Machinery
ELBOW 295 6548,295 6548,ELBOW - 295 - / 295 6548,5. HYDRAULICS,Cylinders & Rams,High-Pressure Hoses & Fittings,Cat,Earth Moving Machinery
ELBOW HOSE 269 3085,269 3085,ELBOW - HOSE - 269 / 269 3085,5. HYDRAULICS,Cylinders & Rams,High-Pressure Hoses & Fittings,,Earth Moving Machinery
ELBOW HOSE 361 3770,361 3770,ELBOW - HOSE - 361 / 361 3770,5. HYDRAULICS,Cylinders & Rams,High-Pressure Hoses & Fittings,Caterpillar,Earth Moving Machinery
ELECTRICAL CABIN TILT PUMP 2.,2.70168,PUMP - TILT - ELECTRICAL CABIN / 2.70168,5. HYDRAULICS,Hydraulic Pumps & Motors,Gear & Piston Pumps,DT,Truck
ELECTRICAL CLEANER 500MLS TP13,TP13310,CLEANER - ELECTRICAL - 500MLS TP13 / TP13310,"6. CONSUMABLES, SERVICE & WEAR",Paints & Chemicals,Fluids & Aerosols (Cleaners/Sealants),,Universal Workshop
ELEMENT ASSY FUEL 233900L041,23390-0L041,ELEMENT - FUEL - 23390-0L041,1. ENGINE & POWERTRAIN,Fuel & Air Induction,Air Filtration,GUD,LDV
ELEMENT ASSY FUEL 233900L041,23390-0L041,ELEMENT - FUEL - 23390-0L041,1. ENGINE & POWERTRAIN,Fuel & Air Induction,Air Filtration,GUD,LDV
ELEMENT ASSY FUEL 23390-0L041,23390-0L041,ELEMENT - FUEL - 23390-0L041,1. ENGINE & POWERTRAIN,Fuel & Air Induction,Air Filtration,GUD,LDV
ELEMENT ASSY FUEL 23390-0L041,23390-0L041,ELEMENT - FUEL - 23390-0L041,1. ENGINE & POWERTRAIN,Fuel & Air Induction,Air Filtration,GUD,LDV
ELEMENT HD1258/2,HD1258/2,ELEMENT - HD - HD1258/2,1. ENGINE & POWERTRAIN,Engine Mechanicals,Oil Pumps & Filtration,MANN,Truck
ELEMENT. 328 3655,328 3655,ELEMENT - 328 - 328 3655,1. ENGINE & POWERTRAIN,Fuel & Air Induction,Air Filtration,Caterpillar,Earth Moving Machinery
ENG OIL FILTER LOADERS/DUMPERS,1R 1808,FILTER - OIL - 1R 1808,1. ENGINE & POWERTRAIN,Engine Mechanicals,Oil Pumps & Filtration,,Earth Moving Machinery
ENGAGING RING- I-SHIFT 2.32874,2.32874,RING - ENGAGING - 2.32874,1. ENGINE & POWERTRAIN,Drivetrain & Transmission,Gearboxes & PTOs,DT,Truck
"ENGAGING RING, VT GB 2.32569",2.32569,RING - ENGAGING - 2.32569,1. ENGINE & POWERTRAIN,Drivetrain & Transmission,Gearboxes & PTOs,DT,Truck
ENGINE AIR BRAKE VALVE 2199115,21991154,VALVE - AIR BRAKE - 21991154 / ENGINE,4. BRAKES & PNEUMATICS,Brake Actuation & Control,Air Valves & Governors,,Truck
"ENGINE BRACKET, RH V4 2.10893/",21967909,BRACKET - ENGINE - 21967909 / V4,1. ENGINE & POWERTRAIN,Engine Mechanicals,Engine Mounts & Dampers,volvo,Truck
ENGINE ECM 21248717 P05 V3,21248717,ECM - ENGINE - 21248717 / P05 V3,7. ELECTRICAL & INSTRUMENTATION,Sensors & Instrumentation,Wiring Harnesses & Relays,Volvo,Truck
ENGINE HARNESS 2.25464 FOR VOL,2.25464,HARNESS - ENGINE - 2.25464 / VOL,7. ELECTRICAL & INSTRUMENTATION,Sensors & Instrumentation,Wiring Harnesses & Relays,DT,Truck
ENGINE HARNESS FH VERSION 4 2.,2.76446,HARNESS - ENGINE - 2.76446 / FH VERSION 4,7. ELECTRICAL & INSTRUMENTATION,Sensors & Instrumentation,Wiring Harnesses & Relays,volvo,Truck
ENGINE IDLER COUNTER GEAR D13A,2.10749,GEAR - IDLER COUNTER - 2.10749 / D13A,1. ENGINE & POWERTRAIN,Engine Mechanicals,"Blocks, Heads & Valvetrain",,Truck
ENGINE MOUNT REAR VERSION 4 A-,A-985,MOUNT - ENGINE - A-985 / REAR VERSION 4,1. ENGINE & POWERTRAIN,Engine Mechanicals,Engine Mounts & Dampers,LEMA,Truck
ENGINE MOUNTING RUBBER CUSHION,2.10702,CUSHION - RUBBER - 2.10702 / ENGINE MOUNTING,1. ENGINE & POWERTRAIN,Engine Mechanicals,Engine Mounts & Dampers,DT,Truck
ENGINE OIL FILTER 950/962 GRAD,1R-1807,FILTER - OIL - 1R-1807 / ENGINE,1. ENGINE & POWERTRAIN,Engine Mechanicals,Oil Pumps & Filtration,Cat,Earth Moving Machinery
ENGINE OIL FILTER H12110/2X FO,H12110/2X,FILTER - OIL - H12110/2X / ENGINE,1. ENGINE & POWERTRAIN,Engine Mechanicals,Oil Pumps & Filtration,Mann,Truck
ENGINE OIL FILTERS 950/962 DBL,DBL7483,FILTER - OIL - DBL7483 / ENGINE,1. ENGINE & POWERTRAIN,Engine Mechanicals,Oil Pumps & Filtration,Donaldson,Earth Moving Machinery
ENGINE OIL FILTERS FOR ALL CAT,DBL7405,FILTER - OIL - DBL7405 / ENGINE,1. ENGINE & POWERTRAIN,Engine Mechanicals,Oil Pumps & Filtration,Donaldson,Earth Moving Machinery
ENGINE OIL PUMP 233 5220,233 5220,PUMP - OIL - 233 5220 / ENGINE,1. ENGINE & POWERTRAIN,Engine Mechanicals,Oil Pumps & Filtration,,Earth Moving Machinery
EPIROC COP OIL 3115 3125 01,3115 3125 01,OIL - COP - 3115 3125 01 / EPIROC,"6. CONSUMABLES, SERVICE & WEAR",Oils & Lubricants,Engine & Gear Oils,EPIROC COPCO,Earth Moving Machinery
EW TECHNIC AIR COMPRESSOR 1.26,1.26866,COMPRESSOR - AIR - 1.26866 / EW TECHNIC,4. BRAKES & PNEUMATICS,Brake Actuation & Control,Air Valves & Governors,ew,Truck
EXHAUST CLAMP 2.14563,2.14563,CLAMP - EXHAUST - 2.14563,1. ENGINE & POWERTRAIN,Fuel & Air Induction,Turbochargers & Manifolds,DT,Truck
EXHAUST CLAMP STAINLESS 2.1459,2.14598,CLAMP - EXHAUST - 2.14598 / STAINLESS,1. ENGINE & POWERTRAIN,Fuel & Air Induction,Turbochargers & Manifolds,DT,Truck
EXHAUST MANIFOLD GASKET 2.1024,2.10249,GASKET - EXHAUST MANIFOLD - 2.10249,1. ENGINE & POWERTRAIN,Fuel & Air Induction,Turbochargers & Manifolds,DT,Truck
EXHAUST PIPE - FRONT BOTTOM 2.,2.14356,PIPE - EXHAUST - 2.14356 / FRONT BOTTOM,1. ENGINE & POWERTRAIN,Fuel & Air Induction,Turbochargers & Manifolds,DT,Truck
EXHAUST PIPE - FRONT TOP 2.144,2.14432,PIPE - EXHAUST - 2.14432 / FRONT TOP,1. ENGINE & POWERTRAIN,Fuel & Air Induction,Turbochargers & Manifolds,DT,Truck
EXHAUST PIPE DT2.15723,2.15723,PIPE - EXHAUST - 2.15723 / DT,1. ENGINE & POWERTRAIN,Fuel & Air Induction,Turbochargers & Manifolds,DT,Truck
EXHAUST PORT SLEEVE 194 8124,194 8124,SLEEVE - EXHAUST PORT - 194 8124,1. ENGINE & POWERTRAIN,Fuel & Air Induction,Turbochargers & Manifolds,CTP,Earth Moving Machinery
EXPANSION WATER TANK 2.15093 1,2.15093,TANK - WATER - 2.15093 / EXPANSION,1. ENGINE & POWERTRAIN,Cooling System,Radiators & Coolers,,Truck
EXPANSION WATER TANK 2.15093 1,2.15093,TANK - WATER - 2.15093 / EXPANSION,1. ENGINE & POWERTRAIN,Cooling System,Radiators & Coolers,,Truck
EXPANSION WATER TANK FMX 2.150,2.15098,TANK - WATER - FMX / 2.15098,1. ENGINE & POWERTRAIN,Cooling System,Radiators & Coolers,DT,Truck
EXPANSION WATER TANK V3 2.1509,2.15093,TANK - WATER - V3 / 2.15093,1. ENGINE & POWERTRAIN,Cooling System,Radiators & Coolers,,Truck
EXPANSION WATER TANK V3 2.1509,2.15093,TANK - WATER - V3 / 2.15093,1. ENGINE & POWERTRAIN,Cooling System,Radiators & Coolers,,Truck
FAG BEARING 32013-X-H,32013-X-H,BEARING - ROLLER - FAG / 32013-X-H,"3. SUSPENSION, STEERING & AXLES",Axles & Hubs,Wheel Bearings & Seals,Fag,Universal / Fleet
FAG BEARING 62305-A-2RSR,62305,BEARING - ROLLER - FAG / 62305,"3. SUSPENSION, STEERING & AXLES",Axles & Hubs,Wheel Bearings & Seals,Fag,Universal / Fleet
FAN BELT 10PK 1400 2.15421 610,2.15421,BELT - FAN - 10PK 1400 / 2.15421,1. ENGINE & POWERTRAIN,Cooling System,Belts & Tensioners,DT,Truck
FAN BELT 7PK 1520 TOYOTA HILUX,7PK 1520,BELT - FAN - 7PK 1520 / TOYOTA,1. ENGINE & POWERTRAIN,Cooling System,Belts & Tensioners,,LDV
FAN BELT A-52 YELLOW BUS,A-52,BELT - FAN - A-52 / YELLOW BUS,1. ENGINE & POWERTRAIN,Cooling System,Belts & Tensioners,,Universal / Fleet
FAN BELT VKMV-10PK 1512HD,VKMV-10PK 1512HD,BELT - FAN - VKMV-10PK 1512HD / 1512HD,1. ENGINE & POWERTRAIN,Cooling System,Belts & Tensioners,skf,Truck
FAN BELTS FMX40,FMX40,BELT - FAN - FMX40 / FMX40,1. ENGINE & POWERTRAIN,Cooling System,Belts & Tensioners,,Truck
FAN BLADE FOR TOYOTA FORKLIFT,100200312,BLADE - FAN - TOYOTA / 100200312,1. ENGINE & POWERTRAIN,Cooling System,Radiators & Coolers,,Universal / Fleet
"FAN CLUTCH, V4 FH 2.15535/2.15",2.15535,CLUTCH - FAN - V4 FH / 2.15535,1. ENGINE & POWERTRAIN,Cooling System,Radiators & Coolers,DT,Truck
FAN FOR VOLVO 2.15508/2.15518,2.15508,FAN - COOLING - VOLVO / 2.15508,1. ENGINE & POWERTRAIN,Cooling System,Radiators & Coolers,DT,Truck
FAN MOTOR 311 9550,311 9550,MOTOR - FAN - 311 / 9550,5. HYDRAULICS,Hydraulic Pumps & Motors,Gear & Piston Pumps,Cat,Earth Moving Machinery
"FAN RETAINER, THREADED 2.15297",2.15297,RETAINER - FAN - THREADED / 2.15297,1. ENGINE & POWERTRAIN,Cooling System,Radiators & Coolers,,Truck
FAN RING V4 23754294,23754294,RING - FAN - V4 / 23754294,1. ENGINE & POWERTRAIN,Cooling System,Radiators & Coolers,volvo,Truck
"FAN RING, 750MM 21301237 VOLVO",21301237,RING - FAN - 750MM VOLVO / 21301237,1. ENGINE & POWERTRAIN,Cooling System,Radiators & Coolers,volvo,Truck
FEBI RUBBER BUFFER 21833916/17,2.71012,BUFFER - RUBBER - FEBI / 21833916/17,"3. SUSPENSION, STEERING & AXLES",Suspension Systems,Shock Absorbers & Bushes,,Truck
FEMALE CONNECTOR SOCKET 9X 340,9X 3402,CONNECTOR - SOCKET - FEMALE / 9X 3402,7. ELECTRICAL & INSTRUMENTATION,Sensors & Instrumentation,Wiring Harnesses & Relays,Caterpillar,Universal / Fleet
FEMALE COUPLING CONNECTOR- BIG,101602215,CONNECTOR - COUPLING - FEMALE BIG / 101602215,4. BRAKES & PNEUMATICS,Air Lines & Fittings,Push-in Fittings & Couplers,,Trailer
FEMALE PUSH ON TERMINAL 2.5MM,11162251231,TERMINAL - PUSH ON - FEMALE 2.5MM / 11162251231,7. ELECTRICAL & INSTRUMENTATION,Sensors & Instrumentation,Wiring Harnesses & Relays,,Universal / Fleet
FEMALE PUSH ON TERMINALS,T542,TERMINAL - PUSH ON - FEMALE / T542,7. ELECTRICAL & INSTRUMENTATION,Sensors & Instrumentation,Wiring Harnesses & Relays,,Universal / Fleet
FH13 VOLVO SILICONE TYPE FRONT,22267699,TYPE - SILICONE - FH13 VOLVO / 22267699,"6. CONSUMABLES, SERVICE & WEAR",Paints & Chemicals,Fluids & Aerosols (Cleaners/Sealants),,Universal Workshop
FIBRE GLASS MAT,164726100,MAT - FIBRE GLASS - / 164726100,"6. CONSUMABLES, SERVICE & WEAR",Paints & Chemicals,Bulk Paint & Thinners,,Universal Workshop
FILLER CAP 80MM LOCKABLE SA410,SA4I0004,CAP - FILLER - LOCKABLE 80MM / SA410,1. ENGINE & POWERTRAIN,Fuel & Air Induction,Fuel Tanks & Lines,DT,Truck
"FILTER ( TELESCOP,EX312) 7W 23",7W 2326,FILTER - TELESCOP - EX312 / 7W 23,1. ENGINE & POWERTRAIN,Engine Mechanicals,Oil Pumps & Filtration,Donaldson,Earth Moving Machinery
FILTER CARTRIDGE KNOK096837K50,KNOK096837K50,CARTRIDGE - FILTER - KNOK / 096837K50,4. BRAKES & PNEUMATICS,Brake Actuation & Control,Air Valves & Governors,DT,Truck
"FILTER HEAD,FUEL FILTER, BASE",2.12411,HEAD - FILTER - FUEL / 2.12411,1. ENGINE & POWERTRAIN,Fuel & Air Induction,Fuel Pumps & Injectors,DT,Truck
FINISHING BLACK 2K 1 LTR,1647150221,FINISHING - BLACK - 2K 1 LTR / 1647150221,"6. CONSUMABLES, SERVICE & WEAR",Paints & Chemicals,Bulk Paint & Thinners,Luxor,Universal Workshop
"FISH TAIL BULB HOLDER HILUX, 1",446536246,HOLDER - BULB - FISH TAIL HILUX / 446536246,7. ELECTRICAL & INSTRUMENTATION,Lighting & Signage,Bulbs & Lenses,TOYOTA,LDV
FITTING 2.53241,2.53241,FITTING - - / 2.53241,4. BRAKES & PNEUMATICS,Air Lines & Fittings,Push-in Fittings & Couplers,DT,Truck
FITTING 3B 8485,3B 8485,FITTING - GENERAL - 3B 8485,5. HYDRAULICS,Cylinders & Rams,High-Pressure Hoses & Fittings,Cat,Earth Moving Machinery
FITTING AS 3E 4056,3E 4056,FITTING - GENERAL - 3E 4056,5. HYDRAULICS,Cylinders & Rams,High-Pressure Hoses & Fittings,Cat,Earth Moving Machinery
FIXED SOLID ARM SE000101,SE000101,ARM - FIXED - SE000101,"3. SUSPENSION, STEERING & AXLES",Suspension Systems,Shock Absorbers & Bushes,,Trailer
FLANGE NUT 2.65063/20424598,20424598,NUT - FLANGE - 20424598,"3. SUSPENSION, STEERING & AXLES",Axles & Hubs,Wheel Studs & Nuts,,Truck
FLYWHEEL RING GEAR 2.10073,2.10073,GEAR - FLYWHEEL RING - 2.10073,1. ENGINE & POWERTRAIN,Drivetrain & Transmission,Clutches & Flywheels,DT,Truck
FOOT BRAKE VALVE 300067996 VOL,2.47059,VALVE - BRAKE - FOOT - 300067996 VOL,4. BRAKES & PNEUMATICS,Brake Actuation & Control,Air Valves & Governors,DT,Truck
FOOT BRAKE VALVE FOR FREIGHTLI,TQ-28881,VALVE - BRAKE - FOOT - TQ-28881,4. BRAKES & PNEUMATICS,Brake Actuation & Control,Air Valves & Governors,,Truck
FORK 2.40911,2.40911,FORK - GENERAL - 2.40911,1. ENGINE & POWERTRAIN,Drivetrain & Transmission,Clutches & Flywheels,DT,Truck
FORK 2.40912,2.40912,FORK - GENERAL - 2.40912,1. ENGINE & POWERTRAIN,Drivetrain & Transmission,Clutches & Flywheels,DT,Truck
FRICTION DISC FM 4431,FM 4431,DISC - FRICTION - FM 4431,1. ENGINE & POWERTRAIN,Drivetrain & Transmission,Clutches & Flywheels,FMC,Earth Moving Machinery
FRIMA SERIN SHOCK ABSORBERS TQ,24407,ABSORBER - SHOCK - FRIMA SERIN - 24407,"3. SUSPENSION, STEERING & AXLES",Suspension Systems,Shock Absorbers & Bushes,FRIMA,Trailer
FRONT AXLE SHOCK ABSORBER 2.61,2.6125,ABSORBER - SHOCK - FRONT AXLE - 2.6125,"3. SUSPENSION, STEERING & AXLES",Suspension Systems,Shock Absorbers & Bushes,DT,Truck
FRONT AXLE SHOCK ABSORBERS 2.6,2.61258,ABSORBER - SHOCK - FRONT AXLE - 2.61258,"3. SUSPENSION, STEERING & AXLES",Suspension Systems,Shock Absorbers & Bushes,DT,Truck
FRONT AXLE SPRING V4 VOLVO 211,21140388,SPRING - FRONT AXLE - V4 VOLVO - 21140388,"3. SUSPENSION, STEERING & AXLES",Suspension Systems,Leaf Springs & U-Bolts,volvo,Truck
FRONT AXLE SPRING V4 VOLVO 211,21140388,SPRING - FRONT AXLE - V4 VOLVO - 21140388,"3. SUSPENSION, STEERING & AXLES",Suspension Systems,Leaf Springs & U-Bolts,volvo,Truck
FRONT BLINKER LAMP ASSY LH TAT,264154430145,LAMP - BLINKER - FRONT - LH - TAT / 264154430145,7. ELECTRICAL & INSTRUMENTATION,Lighting & Signage,Lighting Housings & Assemblies,,Truck
FRONT BLINKER LAMP ASSY RH TAT,264154430146,LAMP - BLINKER - FRONT - RH - TAT / 264154430146,7. ELECTRICAL & INSTRUMENTATION,Lighting & Signage,Lighting Housings & Assemblies,,Truck
FRONT BRAKE LINING KIT-175MM V,2.94054SP,KIT - LINING - BRAKE - FRONT - 175MM - 2.94054SP,4. BRAKES & PNEUMATICS,Foundation Brakes,"Brake Shoes, Pads & Linings",EMMERRE,Truck
FRONT BRAKE LINING KIT-175MM V,2.94054,,4. BRAKES & PNEUMATICS,Foundation Brakes,"Brake Shoes, Pads & Linings",EMMERRE,Truck
FRONT BRAKE PADS HILUX GD-6 04,044650K,PAD - BRAKE - FRONT - HILUX GD-6 - 044650K,4. BRAKES & PNEUMATICS,Foundation Brakes,"Brake Shoes, Pads & Linings",TOYOTA,LDV
FRONT CHASSIS MODULE V4 227716,22771625,MODULE - CHASSIS - FRONT - V4 - 22771625,"2. CABIN, BODY & CHASSIS",Structural Chassis & Towing,Chassis Rails & Crossmembers,volvo,Truck
FRONT CRANKSHAFT SEAL 226 4755,226 4755,SEAL - CRANKSHAFT - FRONT - 226 4755,1. ENGINE & POWERTRAIN,Engine Mechanicals,Engine Seals & Gaskets,Cat,Earth Moving Machinery
FRONT HUB BEARING KIT SKF VKBA,VKBA5425,KIT - BEARING - HUB - FRONT - SKF - VKBA5425,"3. SUSPENSION, STEERING & AXLES",Axles & Hubs,Wheel Bearings & Seals,sk,Truck
FRONT LEAF BUSH SPRING 2.61212,2.61212,BUSH - LEAF - FRONT SPRING - 2.61212,"3. SUSPENSION, STEERING & AXLES",Suspension Systems,Shock Absorbers & Bushes,DT,Truck
FRONT NAKED HUB 713648,713648,HUB - NAKED - FRONT - 713648,"3. SUSPENSION, STEERING & AXLES",Axles & Hubs,Hub Assemblies,ERREVI,Truck
FRONT SHOCK FOR COASTER BUS,445068,ABSORBER - SHOCK - FRONT - COASTER BUS - 445068,"3. SUSPENSION, STEERING & AXLES",Suspension Systems,Shock Absorbers & Bushes,SHIED,LDV
FRONT SHOCK HILUX GD-6 485108,485108,ABSORBER - SHOCK - FRONT - HILUX GD-6 - 485108,"3. SUSPENSION, STEERING & AXLES",Suspension Systems,Shock Absorbers & Bushes,TOYOTA,LDV
FRONT SINGLE RIM 22.5 X 11.75,AW600004,RIM - SINGLE - FRONT - 22.5 X 11.75 - AW600004,"6. CONSUMABLES, SERVICE & WEAR",Fasteners & Hardware,Tyres & Tyre Accessories,,Universal / Fleet
FRONT SPRING BUSH SHACKLE TATA,257632103401,BUSH - SPRING - FRONT SHACKLE - TATA - 257632103401,"3. SUSPENSION, STEERING & AXLES",Suspension Systems,Shock Absorbers & Bushes,TATA,Truck
FRONT SPRING BUSHING 6.11296,6.11296,BUSHING - SPRING - FRONT - 6.11296,"3. SUSPENSION, STEERING & AXLES",Suspension Systems,Shock Absorbers & Bushes,DT,Truck
FRONT STABILIZER LINKS RAV4 48,48820-42030,LINK - STABILIZER - FRONT - RAV4 - 48 - 48820-42030,"3. SUSPENSION, STEERING & AXLES",Suspension Systems,Shock Absorbers & Bushes,TOYOTA,LDV
FRONT WHEEL HUB COMPLETE 93142,931422,HUB - WHEEL - FRONT - COMPLETE - 931422,"3. SUSPENSION, STEERING & AXLES",Axles & Hubs,Hub Assemblies,,Trailer
FUCHS RENOLIT COPPER COMPOUND,LFRENOCOPPER-2,COMPOUND - COPPER - FUCHS / LFRENOCOPPER-2,"6. CONSUMABLES, SERVICE & WEAR",Oils & Lubricants,Greases & Pastes,FUCHs,Universal Workshop
FUEL FILTER 1R 0749,1R 0749,FILTER - FUEL - 1R 0749 / 1R 0749,1. ENGINE & POWERTRAIN,Fuel & Air Induction,Fuel Pumps & Injectors,Caterpillar,Earth Moving Machinery
FUEL FILTER 1R 0751,1R 0751,FILTER - FUEL - 1R 0751 / 1R 0751,1. ENGINE & POWERTRAIN,Fuel & Air Induction,Fuel Pumps & Injectors,Caterpillar,Earth Moving Machinery
FUEL FILTER 23390-51070 TOYOTA,23390-51070,FILTER - FUEL - TOYOTA / 23390-51070,1. ENGINE & POWERTRAIN,Fuel & Air Induction,Fuel Pumps & Injectors,TOYOTA,LDV
FUEL FILTER 550 VOLVO 20998367,20998367,FILTER - FUEL - VOLVO / 20998367,1. ENGINE & POWERTRAIN,Fuel & Air Induction,Fuel Pumps & Injectors,,Truck
FUEL FILTER ASTRA MIXER 299266,IVE2992662,FILTER - FUEL - ASTRA MIXER / IVE2992662,1. ENGINE & POWERTRAIN,Fuel & Air Induction,Fuel Pumps & Injectors,IVECO,Truck
FUEL FILTER BFU700X PPM CRANE,BFU700X,FILTER - FUEL - PPM CRANE / BFU700X,1. ENGINE & POWERTRAIN,Fuel & Air Induction,Fuel Pumps & Injectors,MANN FILTER,Earth Moving Machinery
FUEL FILTER BG1605-N-PP-0500-0,BG1605-N-PP-0500-02-E,FILTER - FUEL - BG1605-N-PP-0500-0 / BG1605-N-PP-0500-02-E,1. ENGINE & POWERTRAIN,Fuel & Air Induction,Fuel Pumps & Injectors,Donaldson,Earth Moving Machinery
FUEL FILTER DIESEL FILLING STA,P921319,FILTER - FUEL - DIESEL FILLING STA / P921319,1. ENGINE & POWERTRAIN,Fuel & Air Induction,Fuel Pumps & Injectors,Donaldson,Earth Moving Machinery
FUEL FILTER EX 365 1R 0755/P55,1R 0755/P551316,FILTER - FUEL - EX 365 / 1R 0755/P551316,1. ENGINE & POWERTRAIN,Fuel & Air Induction,Fuel Pumps & Injectors,Donaldson,Earth Moving Machinery
FUEL FILTER FOLKLIFT/JOHN DEER,P550127,FILTER - FUEL - JOHN DEERE / P550127,1. ENGINE & POWERTRAIN,Fuel & Air Induction,Fuel Pumps & Injectors,Donaldson,Auxillary
FUEL FILTER FOR TOYOTA FOLKLIF,Z188,FILTER - FUEL - TOYOTA FOLKLIFT / Z188,1. ENGINE & POWERTRAIN,Fuel & Air Induction,Fuel Pumps & Injectors,Donaldson,Auxillary
FUEL FILTER G1142/IF-15 HAICE,G1142,FILTER - FUEL - HAICE / G1142,1. ENGINE & POWERTRAIN,Fuel & Air Induction,Fuel Pumps & Injectors,GUD,Universal / Fleet
FUEL FILTER G1172 HILUX FEDE/P,G1172,FILTER - FUEL - HILUX / G1172,1. ENGINE & POWERTRAIN,Fuel & Air Induction,Fuel Pumps & Injectors,GUD,LDV
FUEL FILTER IVECO TRUCK 299571,2995711,FILTER - FUEL - IVECO TRUCK / 2995711,1. ENGINE & POWERTRAIN,Fuel & Air Induction,Fuel Pumps & Injectors,IVECO,Truck
"FUEL FILTER LOADERS, D6R 1R 07",1R-0762,FILTER - FUEL - D6R / 1R-0762,1. ENGINE & POWERTRAIN,Fuel & Air Induction,Fuel Pumps & Injectors,Caterpillar,Earth Moving Machinery
FUEL FILTER MOSA GENERATOR P55,P553004,FILTER - FUEL - MOSA GENERATOR / P553004,1. ENGINE & POWERTRAIN,Fuel & Air Induction,Fuel Pumps & Injectors,Donaldson,Auxillary
FUEL FILTER P550120,P550120,FILTER - FUEL - P550120 / P550120,1. ENGINE & POWERTRAIN,Fuel & Air Induction,Fuel Pumps & Injectors,Donaldson,Earth Moving Machinery
FUEL FILTER P551424,P551424,FILTER - FUEL - P551424 / P551424,1. ENGINE & POWERTRAIN,Fuel & Air Induction,Fuel Pumps & Injectors,Donaldson,Earth Moving Machinery
FUEL FILTER P552006,P552006,FILTER - FUEL - P552006 / P552006,1. ENGINE & POWERTRAIN,Fuel & Air Induction,Fuel Pumps & Injectors,Donaldson,Earth Moving Machinery
FUEL FILTER P553261,P553261,FILTER - FUEL - P553261 / P553261,1. ENGINE & POWERTRAIN,Fuel & Air Induction,Fuel Pumps & Injectors,Donaldson,Earth Moving Machinery
FUEL FILTER PPM CRANE P550061,P550061,FILTER - FUEL - PPM CRANE / P550061,1. ENGINE & POWERTRAIN,Fuel & Air Induction,Fuel Pumps & Injectors,Donaldson,Earth Moving Machinery
FUEL FILTER SK3140 GENERATOR S,SK3140,FILTER - FUEL - SK3140 GENERATOR / SK3140,1. ENGINE & POWERTRAIN,Fuel & Air Induction,Fuel Pumps & Injectors,PERKINS,Auxillary
FUEL FILTER VOLVO P550529/2.12,P550529,FILTER - FUEL - VOLVO / P550529,1. ENGINE & POWERTRAIN,Fuel & Air Induction,Fuel Pumps & Injectors,DT,Truck
FUEL FILTER VOLVO P550529/2.12,2.12237,,1. ENGINE & POWERTRAIN,Fuel & Air Induction,Fuel Pumps & Injectors,DT,Truck
FUEL FILTER VOLVO P920683,P920683,FILTER - FUEL - VOLVO / P920683,1. ENGINE & POWERTRAIN,Fuel & Air Induction,Fuel Pumps & Injectors,Donaldson,Truck
FUEL FILTER Z108 / P550587,Z108,FILTER - FUEL - Z108 / Z108,1. ENGINE & POWERTRAIN,Fuel & Air Induction,Fuel Pumps & Injectors,GUD,Earth Moving Machinery
"FUEL FILTERS FOR 950,962GII, E",P550625,"FILTER - FUEL - 950,962GII / P550625",1. ENGINE & POWERTRAIN,Fuel & Air Induction,Fuel Pumps & Injectors,Donaldson,Earth Moving Machinery
FUEL INJECTOR- 10R 078/177 475,10R 0782,INJECTOR - FUEL - 10R 078 / 10R 0782,1. ENGINE & POWERTRAIN,Fuel & Air Induction,Fuel Pumps & Injectors,Cat,Earth Moving Machinery
FUEL INJECTOR 249 0712 / 13 96,249 0712,INJECTOR - FUEL - 249 0712 / 249 0712,1. ENGINE & POWERTRAIN,Fuel & Air Induction,Fuel Pumps & Injectors,Cat,Earth Moving Machinery
FUEL INJECTOR NOZZLE 23670-093,23670-09350,NOZZLE - FUEL INJECTOR - 23670-093 / 23670-09350,1. ENGINE & POWERTRAIN,Fuel & Air Induction,Fuel Pumps & Injectors,TOYOTA,LDV
FUEL PRESSURE SENSOR GP 194 67,194 6725,SENSOR - PRESSURE - 194 6725 / FUEL,7. ELECTRICAL & INSTRUMENTATION,Sensors & Instrumentation,Pressure & Temp Switches,Caterpillar,Earth Moving Machinery
FUEL PUMP 23220-74021 RAV4,23220-74021,PUMP - FUEL - 23220-74021 / RAV4,1. ENGINE & POWERTRAIN,Fuel & Air Induction,Fuel Pumps & Injectors,TOYOTA,LDV
FUEL PUMP FOR SERVO PUMP 2.120,2.12092,PUMP - FUEL - 2.12092 / SERVO,1. ENGINE & POWERTRAIN,Fuel & Air Induction,Fuel Pumps & Injectors,DT,Truck
FUEL SENDER UNIT 2.12284,2.12284,UNIT - SENDER - 2.12284 / FUEL,7. ELECTRICAL & INSTRUMENTATION,Sensors & Instrumentation,Pressure & Temp Switches,DT,Truck
FUEL SHUTOFF VALVE GP FOR LOAD,122 5053,VALVE - SHUTOFF - 122 5053 / FUEL,1. ENGINE & POWERTRAIN,Fuel & Air Induction,Fuel Pumps & Injectors,Cat,Earth Moving Machinery
FUEL TRANSFER PUMP 162 9612,162-9612,PUMP - TRANSFER - 162-9612 / FUEL,1. ENGINE & POWERTRAIN,Fuel & Air Induction,Fuel Pumps & Injectors,Caterpillar,Earth Moving Machinery
FUEL TRANSFER PUMP EX345 384 8,384 8611,PUMP - TRANSFER - 384 8611 / EX345,1. ENGINE & POWERTRAIN,Fuel & Air Induction,Fuel Pumps & Injectors,,Earth Moving Machinery
FUEL WATER SEPARATOR 326 1641,326 1641,SEPARATOR - WATER - 326 1641 / FUEL,1. ENGINE & POWERTRAIN,Fuel & Air Induction,Fuel Pumps & Injectors,Caterpillar,Earth Moving Machinery
FUEL WATER SEPARATOR FOR LOADE,326-1643,SEPARATOR - WATER - 326-1643 / FUEL,1. ENGINE & POWERTRAIN,Fuel & Air Induction,Fuel Pumps & Injectors,Donaldson,Earth Moving Machinery
FUEL WATER SEPARATOR P550900,P550900,SEPARATOR - WATER - P550900 / FUEL,1. ENGINE & POWERTRAIN,Fuel & Air Induction,Fuel Pumps & Injectors,,Earth Moving Machinery
FUEL WATER SEPARATOR Z180 ROSA,Z180,SEPARATOR - WATER - Z180 / ROSA,1. ENGINE & POWERTRAIN,Fuel & Air Induction,Fuel Pumps & Injectors,Donaldson,Universal / Fleet
FUEL WATER SEPERATOR P551855 V,P551855,SEPARATOR - WATER - P551855 / V,1. ENGINE & POWERTRAIN,Fuel & Air Induction,Fuel Pumps & Injectors,Donaldson,Truck
FUEL WATER SEPERATOR VOLVO 2.1,2.12268,SEPARATOR - WATER - 2.12268 / VOLVO,1. ENGINE & POWERTRAIN,Fuel & Air Induction,Fuel Pumps & Injectors,DT,Truck
FUEL/OIL PRESSURE SENSOR 2.124,2.12463,SENSOR - PRESSURE - 2.12463 / FUEL/OIL,7. ELECTRICAL & INSTRUMENTATION,Sensors & Instrumentation,Pressure & Temp Switches,DT,Truck
GAGE ASSY 135 1708,1351708,ASSY - GAGE - 1351708,7. ELECTRICAL & INSTRUMENTATION,Sensors & Instrumentation,Wiring Harnesses & Relays,Cat,Earth Moving Machinery
"GAS SPRING,FRONT VOLVO 2.71007",2.71007,SPRING - GAS - 2.71007 / FRONT VOLVO,"2. CABIN, BODY & CHASSIS","Body, Glass & Mirrors","Panels, Doors & Mounts",DT,Truck
GASKET 139 3526,139 3526,GASKET - 139 3526,1. ENGINE & POWERTRAIN,Engine Mechanicals,Engine Seals & Gaskets,,Truck
GASKET 1S 4295,1S 4295,GASKET - 1S 4295,1. ENGINE & POWERTRAIN,Engine Mechanicals,Engine Seals & Gaskets,,Truck
GASKET 2.15921,2.15921,GASKET - 2.15921,1. ENGINE & POWERTRAIN,Engine Mechanicals,Engine Seals & Gaskets,DT,Truck
GASKET 222 3901,222 3901,GASKET - 222 3901,1. ENGINE & POWERTRAIN,Engine Mechanicals,Engine Seals & Gaskets,Cat,Earth Moving Machinery
GASKET 2N 7007,2N 7007,GASKET - 2N 7007,1. ENGINE & POWERTRAIN,Engine Mechanicals,Engine Seals & Gaskets,Cat,Earth Moving Machinery
GASKET 4H 7869 D6R,4H 7869,GASKET - 4H 7869 / D6R,1. ENGINE & POWERTRAIN,Engine Mechanicals,Engine Seals & Gaskets,I.P.D,Earth Moving Machinery
GASKET 9G 6257,9G 6257,GASKET - 9G 6257,1. ENGINE & POWERTRAIN,Engine Mechanicals,Engine Seals & Gaskets,Cat,Earth Moving Machinery
GASKET ADT730 118 2797,118 2797,GASKET - ADT730 - 118 2797,1. ENGINE & POWERTRAIN,Engine Mechanicals,Engine Seals & Gaskets,Caterpillar,Earth Moving Machinery
GASKET KIT 4.90289,4.90289,KIT - GASKET - 4.90289,1. ENGINE & POWERTRAIN,Engine Mechanicals,Engine Seals & Gaskets,MERCEDES-BENZ,Truck
GASKET KIT U5LT0357,U5LT0357,KIT - GASKET - U5LT0357,1. ENGINE & POWERTRAIN,Engine Mechanicals,Engine Seals & Gaskets,Perkins,Auxillary
"GASKET KIT, CONTROL HOUSING 2",2.93203,KIT - GASKET - 2.93203 / CONTROL HOUSING,1. ENGINE & POWERTRAIN,Drivetrain & Transmission,Gearboxes & PTOs,DT,Truck
GASKET OIL SEPARATOR 2.10855,2.10855,GASKET - OIL SEPARATOR - 2.10855,1. ENGINE & POWERTRAIN,Engine Mechanicals,Engine Seals & Gaskets,DT,Truck
GASKET SEAL FOR TARPET COVER X,X83467-01,SEAL - GASKET - X83467-01 / TARPET COVER,1. ENGINE & POWERTRAIN,Engine Mechanicals,Engine Seals & Gaskets,,Truck
"GASKET SEAL, STOCK VALVE COVER",5P 5678,SEAL - GASKET - 5P 5678 / STOCK VALVE COVER,1. ENGINE & POWERTRAIN,Engine Mechanicals,Engine Seals & Gaskets,,Truck
GASKET SET 288 2549,288 2549,GASKET - SET - 288 2549,1. ENGINE & POWERTRAIN,Engine Mechanicals,Engine Seals & Gaskets,FMC,Earth Moving Machinery
GASKET SET F4L912 COMPLETE 292,2929649,GASKET - SET - F4L912 COMPLETE / 2929649,1. ENGINE & POWERTRAIN,Engine Mechanicals,Engine Seals & Gaskets,,Earth Moving Machinery
"GASKET SET, O/H - 3176 176 021",176 021STRNLS,GASKET - SET - O/H / 176 021STRNLS,1. ENGINE & POWERTRAIN,Engine Mechanicals,Engine Seals & Gaskets,,Earth Moving Machinery
"GASKET SET, O/H C11001NLS",C11001NLS,GASKET - SET - O/H / C11001NLS,1. ENGINE & POWERTRAIN,Engine Mechanicals,Engine Seals & Gaskets,I.P.D,Earth Moving Machinery
"GASKET SET, O/H-3176 176021STR",176021STRNLS,GASKET - SET - O/H / 176021STRNLS,1. ENGINE & POWERTRAIN,Engine Mechanicals,Engine Seals & Gaskets,,Earth Moving Machinery
"GASKET, AIR COMPRESSOR6D 1004",6D 1004,GASKET - AIR COMPRESSOR - 6D 1004,4. BRAKES & PNEUMATICS,Brake Actuation & Control,Air Valves & Governors,,Earth Moving Machinery
"GASKET, CAB HEATER 192 2822",192 2822,GASKET - CAB HEATER - 192 2822,"2. CABIN, BODY & CHASSIS",HVAC & Cabin Comfort,AC Compressors & Evaporators,CAT,Earth Moving Machinery
"GASKET, ENGINE OIL COOLER 300",300 7933,GASKET - ENGINE OIL COOLER - 300 7933,1. ENGINE & POWERTRAIN,Engine Mechanicals,Engine Seals & Gaskets,Ctp,Earth Moving Machinery
"GASKET, EXHAUST MANIFOLD, D16",2.10077,GASKET - EXHAUST MANIFOLD - D16,1. ENGINE & POWERTRAIN,Engine Mechanicals,Engine Seals & Gaskets,DT,Truck
"GASKET, SEALANT 1U 8846",1U 8846,GASKET - SEALANT - 1U 8846,"6. CONSUMABLES, SERVICE & WEAR",Paints & Chemicals,Fluids & Aerosols (Cleaners/Sealants),,Universal Workshop
GASKET239 0583,239 0583,GASKET - 239 - 0583,1. ENGINE & POWERTRAIN,Engine Mechanicals,Engine Seals & Gaskets,CTP,Earth Moving Machinery
GASKET6C 3060,6C 3060,GASKET - 6C - 3060,1. ENGINE & POWERTRAIN,Engine Mechanicals,Engine Seals & Gaskets,CTP,Earth Moving Machinery
GAUGE OIL 725/730 326 8987,326 8987,GAUGE - OIL - 725/730 / 326 8987,7. ELECTRICAL & INSTRUMENTATION,Sensors & Instrumentation,Pressure & Temp Switches,Cat,Earth Moving Machinery
GD6 2.4 FILTER SERVICE KIT FWI,FWIX-S300229,FILTER - SERVICE KIT - GD6 2.4 / FWIX-S300229,1. ENGINE & POWERTRAIN,Fuel & Air Induction,Air Filtration,WIX,LDV
"GEAR 1, I-SHIFT 2.32951/205322",2.32951,GEAR - 1 - I-SHIFT / 2.32951,1. ENGINE & POWERTRAIN,Drivetrain & Transmission,Gearboxes & PTOs,DT,Truck
GEAR 2 2.32954/20532212,2.32954,GEAR - 2 - / 2.32954,1. ENGINE & POWERTRAIN,Drivetrain & Transmission,Gearboxes & PTOs,DT,Truck
GEAR 3 I-SHIFT 2.93410/2053221,2.9341,GEAR - 3 - I-SHIFT / 2.9341,1. ENGINE & POWERTRAIN,Drivetrain & Transmission,Gearboxes & PTOs,DT,Truck
GEAR BOX DISTANCE SENSOR 42136,4213659292/ 2.27095,SENSOR - DISTANCE - GEAR BOX / 4213659292/ 2.27095,7. ELECTRICAL & INSTRUMENTATION,Sensors & Instrumentation,Wiring Harnesses & Relays,,Truck
"GEAR BOX HARNESS REPAIR KIT, S",2.93166,HARNESS - REPAIR KIT - GEAR BOX / 2.93166,1. ENGINE & POWERTRAIN,Drivetrain & Transmission,Gearboxes & PTOs,DT,Truck
GEAR PINION RH Z-CAM VOLVO,34502,PINION - RH - Z-CAM / VOLVO / 34502,4. BRAKES & PNEUMATICS,Foundation Brakes,Slack Adjusters & Calipers,EMMERRE,Truck
GEAR SHIFTING UNIT 2.33309 V4,2.33309,SHIFTING UNIT - GEAR - 2.33309 V4,1. ENGINE & POWERTRAIN,Drivetrain & Transmission,Gearboxes & PTOs,DT,Truck
"GEAR SHIFTING UNIT, I-SHIFT VO",2.32381,SHIFTING UNIT - GEAR - I-SHIFT VO / 2.32381,1. ENGINE & POWERTRAIN,Drivetrain & Transmission,Gearboxes & PTOs,DT,Truck
"GEAR, D13 AIR COMPRESSOR VOLVO",2.10746,GEAR - D13 - AIR COMPRESSOR / VOLVO / 2.10746,4. BRAKES & PNEUMATICS,Brake Actuation & Control,Air Valves & Governors,EURO,Truck
GEARBOX HARNESS 421 367 922 2,421 367 922 2,HARNESS - GEARBOX - 421 367 922 2,1. ENGINE & POWERTRAIN,Drivetrain & Transmission,Gearboxes & PTOs,DT,Truck
GEARBOX HARNESS REPAIR KIT TYP,2.93165,HARNESS - REPAIR KIT - GEARBOX / 2.93165,1. ENGINE & POWERTRAIN,Drivetrain & Transmission,Gearboxes & PTOs,DT,Truck
GEARBOX OIL SEAL 20791305 OR 7,20791305,OIL SEAL - GEARBOX - 20791305 OR 7,1. ENGINE & POWERTRAIN,Drivetrain & Transmission,Gearboxes & PTOs,DT,Truck
GEARBOX REPAIR KIT 21671435/88,21671435,REPAIR KIT - GEARBOX - 21671435,1. ENGINE & POWERTRAIN,Drivetrain & Transmission,Gearboxes & PTOs,EURO,Truck
GEARBOX SOLENIOD VALVE 2261212,2261212,VALVE - SOLENOID - GEARBOX / 2261212,1. ENGINE & POWERTRAIN,Drivetrain & Transmission,Gearboxes & PTOs,COJALI,Truck
GEARBOX SOLENIOD VALVE 2261238,2261238,VALVE - SOLENOID - GEARBOX / 2261238,1. ENGINE & POWERTRAIN,Drivetrain & Transmission,Gearboxes & PTOs,COJALI,Truck
"GEARBOX WIRING HARNESS, I-SHIF",UT-VH-2702,HARNESS - WIRING - GEARBOX I-SHIF / UT-VH-2702,1. ENGINE & POWERTRAIN,Drivetrain & Transmission,Gearboxes & PTOs,UNITRUCK,Truck
GPS TRAKER,836709163,SENSOR - GPS - 836709163,7. ELECTRICAL & INSTRUMENTATION,Sensors & Instrumentation,Wiring Harnesses & Relays,TRACKER,Universal / Fleet
GRILL HILUX,16402547,GRILL - BODY - HILUX / 16402547,"2. CABIN, BODY & CHASSIS","Body, Glass & Mirrors","Panels, Doors & Mounts",TOYOTA HILUX VIGO,LDV
GRILLE LOCK UPPER 20425414/2.7,20425414,LOCK - GRILLE - UPPER / 20425414,"2. CABIN, BODY & CHASSIS","Body, Glass & Mirrors","Panels, Doors & Mounts",SIEGEL,Truck
GRINDING PASTE,8367097177,PASTE - GRINDING - 8367097177,"6. CONSUMABLES, SERVICE & WEAR",Paints & Chemicals,Fluids & Aerosols (Cleaners/Sealants),,Universal Workshop
GROOVED NUT M60X2 88530608/ 81,88530608,NUT - GROOVED - M60X2 / 88530608,"3. SUSPENSION, STEERING & AXLES",Axles & Hubs,Wheel Studs & Nuts,,Truck
GUIDE PIPE 2.11469,2.11469,PIPE - GUIDE - 2.11469,1. ENGINE & POWERTRAIN,Engine Mechanicals,"Blocks, Heads & Valvetrain",DT,Truck
H7 70W 24V BULB 2.27227,2.27227,BULB - HALOGEN - H7 70W 24V / 2.27227,7. ELECTRICAL & INSTRUMENTATION,Lighting & Signage,Bulbs & Lenses,DT,Universal / Fleet
H7 70W 24V BULB 2.27227,2.27227,BULB - HALOGEN - H7 70W 24V / 2.27227,7. ELECTRICAL & INSTRUMENTATION,Lighting & Signage,Bulbs & Lenses,DT,Universal / Fleet
HALOGEN BULB 24V 75/70W H4,24V 75/70W H4,BULB - HALOGEN - 24V 75/70W H4,7. ELECTRICAL & INSTRUMENTATION,Lighting & Signage,Bulbs & Lenses,NARVA,Universal / Fleet
"HALOGEN BULB H1 24V 70W, P14 5",1.21581,BULB - HALOGEN - H1 24V 70W / 1.21581,7. ELECTRICAL & INSTRUMENTATION,Lighting & Signage,Bulbs & Lenses,DT,Universal / Fleet
HALOGEN BULB H3 24V 70W,24V 70W H3,BULB - HALOGEN - H3 24V 70W,7. ELECTRICAL & INSTRUMENTATION,Lighting & Signage,Bulbs & Lenses,,Universal / Fleet
HALOGEN BULB H4 12V,H4 12V,BULB - HALOGEN - H4 12V,7. ELECTRICAL & INSTRUMENTATION,Lighting & Signage,Bulbs & Lenses,,LDV
HALOGEN BULB H4 24V 100W/90,24V 100/90W H4,BULB - HALOGEN - H4 24V 100W/90,7. ELECTRICAL & INSTRUMENTATION,Lighting & Signage,Bulbs & Lenses,,Universal / Fleet
"HALOGEN BULB H7, 70W 24V 2.272",2.27227,BULB - HALOGEN - H7 70W 24V / 2.27227,7. ELECTRICAL & INSTRUMENTATION,Lighting & Signage,Bulbs & Lenses,DT,Universal / Fleet
"HALOGEN BULB H7, 70W 24V 2.272",2.27227,BULB - HALOGEN - H7 70W 24V / 2.27227,7. ELECTRICAL & INSTRUMENTATION,Lighting & Signage,Bulbs & Lenses,DT,Universal / Fleet
HAND BRAKE CABLE 46410-60850,46410-60850,CABLE - HAND BRAKE - 46410-60850,4. BRAKES & PNEUMATICS,Brake Actuation & Control,Air Valves & Governors,Toyota,LDV
HAND BRAKE UNIT 2.43012 VOL,2.43012,UNIT - HAND BRAKE - 2.43012,4. BRAKES & PNEUMATICS,Brake Actuation & Control,Air Valves & Governors,DT,Truck
HAND BRAKE VALVE 9617011000,9617011000,VALVE - HAND BRAKE - 9617011000,4. BRAKES & PNEUMATICS,Brake Actuation & Control,Air Valves & Governors,wabco,Truck
HANDLE CABIN 174 1064,174 1064,HANDLE - CABIN - 174 1064,"2. CABIN, BODY & CHASSIS","Body, Glass & Mirrors","Panels, Doors & Mounts",Cat,Earth Moving Machinery
HANGER ASSY REAR SH000201,SH000201,ASSEMBLY - HANGER - REAR / SH000201,"3. SUSPENSION, STEERING & AXLES",Suspension Systems,Hardware & Brackets,FRUEHAUF,Trailer
HANGER FRONT F-SUSP. TAPERED,SH000101,HANGER - FRONT - F-SUSP. TAPERED / SH000101,"3. SUSPENSION, STEERING & AXLES",Suspension Systems,Hardware & Brackets,FRUEHAUF,Trailer
HARD FACING ELECTRODES PER KG,602HARDFACING,ELECTRODE - HARD FACING - 602HARDFACING,"6. CONSUMABLES, SERVICE & WEAR",Fasteners & Hardware,Workshop Consumables,40,Universal Workshop
HARNESS AS 3126B 153 8920,153-8920,HARNESS - AS - 3126B 153 8920,7. ELECTRICAL & INSTRUMENTATION,Sensors & Instrumentation,Wiring Harnesses & Relays,Cat,Earth Moving Machinery
HARNESS ASSY 422 1761,422 1761,HARNESS - ASSY - 422 1761,7. ELECTRICAL & INSTRUMENTATION,Sensors & Instrumentation,Wiring Harnesses & Relays,Cat,Earth Moving Machinery
HC 14 GROZ GREASE COUPLERS,8467197279,COUPLER - GREASE - HC 14 GROZ / 8467197279,"6. CONSUMABLES, SERVICE & WEAR",Fasteners & Hardware,Workshop Consumables,Fat,Universal Workshop
HEAD LAMP LEFT FOR TOYOTA HILU,2347,LAMP - HEAD - LEFT FOR TOYOTA HILU / 2347,7. ELECTRICAL & INSTRUMENTATION,Lighting & Signage,Lighting Housings & Assemblies,Toyota,LDV
HEAD LAMP RIGHT FOR TOYOTA HIL,1752,LAMP - HEAD - RIGHT FOR TOYOTA HIL / 1752,7. ELECTRICAL & INSTRUMENTATION,Lighting & Signage,Lighting Housings & Assemblies,Toyota,LDV
"HEADLAMP HOUSING RIGHT, V3 2.2",2.24531,HOUSING - HEADLAMP - RIGHT V3 2.2 / 2.24531,"2. CABIN, BODY & CHASSIS","Body, Glass & Mirrors","Panels, Doors & Mounts",DT,Truck
"HEADLAMP HOUSING, LEFT, V3 2.2",2.2453,HOUSING - HEADLAMP - LEFT V3 2.2 / 2.2453,"2. CABIN, BODY & CHASSIS","Body, Glass & Mirrors","Panels, Doors & Mounts",DT,Truck
HEADLAMP LEFT ASTRA SUP613009,SUP613009,HEADLAMP - LEFT - ASTRA / SUP613009,7. ELECTRICAL & INSTRUMENTATION,Lighting & Signage,Lighting Housings & Assemblies,IVECO,Truck
HEADLAMP RIGHT ASTRA SUP613008,SUP613008,HEADLAMP - RIGHT - ASTRA / SUP613008,7. ELECTRICAL & INSTRUMENTATION,Lighting & Signage,Lighting Housings & Assemblies,IVECO,Truck
"HEADLAMP, FRONT LEFT, V3 VOLVO",2.24624,HEADLAMP - FRONT LEFT - V3 VOLVO / 2.24624,7. ELECTRICAL & INSTRUMENTATION,Lighting & Signage,Lighting Housings & Assemblies,DT,Truck
"HEADLAMP, RIGHT, V3 VOLVO 2.24",2.24625,LAMP - HEAD - VOLVO / 2.24625,7. ELECTRICAL & INSTRUMENTATION,Lighting & Signage,Lighting Housings & Assemblies,DT,Truck
HEADLIGHT 12V LED BULB,2348,BULB - LED - 12V / 2348,7. ELECTRICAL & INSTRUMENTATION,Lighting & Signage,Bulbs & Lenses,,Universal / Fleet
"HEADLIGHT BAZEL, LEFT, V2 5A2D",5A2D0081,BAZEL - HEADLIGHT - LEFT / 5A2D0081,"2. CABIN, BODY & CHASSIS","Body, Glass & Mirrors","Panels, Doors & Mounts",DT,Truck
HEADLIGHT RIGHT V4 CSP16021380,CSP160213800,,7. ELECTRICAL & INSTRUMENTATION,Lighting & Signage,Headlights & Worklights,,Truck
HEAVY DUTY 41MT DELCO BRUSH HO,E1988121,HOUSING - BRUSH - DELCO / E1988121,7. ELECTRICAL & INSTRUMENTATION,Starting & Charging,Starter Motors,,Universal / Fleet
HEAVY DUTY RESPIRATOR,8467098181,RESPIRATOR - HEAVY DUTY - / 8467098181,"6. CONSUMABLES, SERVICE & WEAR",Fasteners & Hardware,Workshop Consumables,pride,Universal Workshop
HENRED /CHINESE HUB SEAL -XA00,XS000302,SEAL - HUB - HENRED / XS000302,"3. SUSPENSION, STEERING & AXLES",Axles & Hubs,Wheel Bearings & Seals,,Trailer
HENRED /CHINESE HUB SEAL -XA00,XS000302,SEAL - HUB - HENRED / XS000302,"3. SUSPENSION, STEERING & AXLES",Axles & Hubs,Wheel Bearings & Seals,,Trailer
HENRED 8 BLADES HEAVY DUTY SPR,SS003701,SPRING - HEAVY DUTY - HENRED / SS003701,"3. SUSPENSION, STEERING & AXLES",Suspension Systems,Leaf Springs & U-Bolts,FRUEHAUF,Trailer
HENRED AXLE 127HR X 1910 10ST,AA001903550,AXLE - HENRED - 127HR X 1910 / AA001903550,"3. SUSPENSION, STEERING & AXLES",Axles & Hubs,Hub Assemblies,FRUEHAUF,Trailer
HENRED BRAKE DRUM 420X180 10S,AV000201T,DRUM - BRAKE - HENRED / AV000201T,4. BRAKES & PNEUMATICS,Foundation Brakes,Brake Drums & Rotors,FRUEHAUF,Trailer
HENRED BRAKE LINING 4515 AR000,AR000 101AT,LINING - BRAKE - HENRED / AR000 101AT,4. BRAKES & PNEUMATICS,Foundation Brakes,"Brake Shoes, Pads & Linings",,Trailer
HENRED MIDDLE ROCKER HANGER F-,SH000301,HANGER - ROCKER - HENRED / SH000301,"3. SUSPENSION, STEERING & AXLES",Suspension Systems,Hardware & Brackets,FRUEHAUF,Trailer
HENRED ROCKER BOX SR000101F,SR000101F,BOX - ROCKER - HENRED / SR000101F,"3. SUSPENSION, STEERING & AXLES",Suspension Systems,Hardware & Brackets,FRUEHAUF,Trailer
HENRED SLACK ADJUSTER 37 SPLIN,AQ000103,ADJUSTER - SLACK - HENRED / AQ000103,4. BRAKES & PNEUMATICS,Foundation Brakes,Slack Adjusters & Calipers,FRUEHAUF,Trailer
HENRED TRAILER HUB SEAL XS0002,XS000201,SEAL - HUB - HENRED / XS000201,"3. SUSPENSION, STEERING & AXLES",Axles & Hubs,Wheel Bearings & Seals,,Trailer
"HERSCHELL 500H SILICONE PASTE,",SSSG500,PASTE - SILICONE - HERSCHELL / SSSG500,"6. CONSUMABLES, SERVICE & WEAR",Paints & Chemicals,Fluids & Aerosols (Cleaners/Sealants),,Universal Workshop
HIGH PRESSURE GUN 350 BAR PIST,547651,GUN - PRESSURE - HIGH / 547651,"6. CONSUMABLES, SERVICE & WEAR",Fasteners & Hardware,Workshop Consumables,DYNAJET,Universal Workshop
HIGH PRESSURE WATER PUMP 42959,429591,PUMP - WATER - HIGH PRESSURE / 429591,"6. CONSUMABLES, SERVICE & WEAR",Fasteners & Hardware,Workshop Consumables,,Universal Workshop
HM220149 / VKHB 2053 BEARING,HM220149,BEARING - VKHB 2053 - / HM220149,"3. SUSPENSION, STEERING & AXLES",Axles & Hubs,Wheel Bearings & Seals,,Trailer
HM518445 / BTI-1954 BEARING XA,XA000301,BEARING - BTI-1954 - / XA000301,"3. SUSPENSION, STEERING & AXLES",Axles & Hubs,Wheel Bearings & Seals,skf,Trailer
HOIST PUMP SEAL KIT 457 9067,457 9067,KIT - SEAL - HOIST PUMP / 457 9067,5. HYDRAULICS,Hydraulic Pumps & Motors,Gear & Piston Pumps,Cat,Earth Moving Machinery
"HOLLOW SPRING, DIFF SPRING SUS",2.62045,SPRING - DIFF - HOLLOW / 2.62045,"3. SUSPENSION, STEERING & AXLES",Suspension Systems,Shock Absorbers & Bushes,DT,Truck
HORN,ULM-1,HORN - - / ULM-1,7. ELECTRICAL & INSTRUMENTATION,Sensors & Instrumentation,Wiring Harnesses & Relays,,Universal / Fleet
HORN AIR 2.25401 VOLVO,2.25401,HORN - AIR - VOLVO / 2.25401,7. ELECTRICAL & INSTRUMENTATION,Sensors & Instrumentation,Wiring Harnesses & Relays,,Truck
HOSE 100 6423,100 6423,HOSE - - / 100 6423,5. HYDRAULICS,Cylinders & Rams,High-Pressure Hoses & Fittings,CAT,Earth Moving Machinery
HOSE 191 2343,191 2343,HOSE - - / 191 2343,5. HYDRAULICS,Cylinders & Rams,High-Pressure Hoses & Fittings,,Earth Moving Machinery
HOSE 191 2344,191 2344,HOSE - - / 191 2344,5. HYDRAULICS,Cylinders & Rams,High-Pressure Hoses & Fittings,Michigan Cat,Earth Moving Machinery
HOSE 198 4871,198 4871,HOSE - - / 198 4871,5. HYDRAULICS,Cylinders & Rams,High-Pressure Hoses & Fittings,Caterpillar,Earth Moving Machinery
HOSE 371 8946,371 8946,HOSE - - / 371 8946,5. HYDRAULICS,Cylinders & Rams,High-Pressure Hoses & Fittings,Caterpillar,Earth Moving Machinery
HOSE 4N 6749,4N 6749,HOSE - - / 4N 6749,5. HYDRAULICS,Cylinders & Rams,High-Pressure Hoses & Fittings,,Earth Moving Machinery
HOSE 526 7731 REPLACES 342 629,342 6298,HOSE - - / 342 6298,5. HYDRAULICS,Cylinders & Rams,High-Pressure Hoses & Fittings,Caterpillar,Earth Moving Machinery
HOSE 5P 1293,5P 1293,HOSE - GENERAL - 5P 1293,5. HYDRAULICS,Cylinders & Rams,High-Pressure Hoses & Fittings,Cat,Earth Moving Machinery
HOSE 9Y 5281,9Y 5281,HOSE - GENERAL - 9Y 5281,5. HYDRAULICS,Cylinders & Rams,High-Pressure Hoses & Fittings,Cat,Earth Moving Machinery
HOSE ASSY 110 3802,110 3802,HOSE - ASSEMBLY - 110 3802,5. HYDRAULICS,Cylinders & Rams,High-Pressure Hoses & Fittings,Michigan Cat,Earth Moving Machinery
HOSE ASSY 205 1280,205 1280,HOSE - ASSEMBLY - 205 1280,5. HYDRAULICS,Cylinders & Rams,High-Pressure Hoses & Fittings,Cat,Earth Moving Machinery
HOSE ASSY 220 4170,220 4170,HOSE - ASSEMBLY - 220 4170,5. HYDRAULICS,Cylinders & Rams,High-Pressure Hoses & Fittings,Michigan Cat,Earth Moving Machinery
HOSE CLAMP 23-35MM 1.11238,1.11238,CLAMP - HOSE - 23-35MM / 1.11238,"6. CONSUMABLES, SERVICE & WEAR",Fasteners & Hardware,Hardware & Brackets (Nuts/Bolts/Raw Steel),DT,Universal Workshop
HOSE CLAMP 30-45MM 1.11239,1.11239,CLAMP - HOSE - 30-45MM / 1.11239,"6. CONSUMABLES, SERVICE & WEAR",Fasteners & Hardware,Hardware & Brackets (Nuts/Bolts/Raw Steel),Dt,Universal Workshop
HOSE CLAMP 60-80MM 2.15203,2.15203,CLAMP - HOSE - 60-80MM / 2.15203,"6. CONSUMABLES, SERVICE & WEAR",Fasteners & Hardware,Hardware & Brackets (Nuts/Bolts/Raw Steel),,Universal Workshop
"HOSE DISPOSAL FUMES, 202 6569",202 6569,HOSE - DISPOSAL FUMES - 202 6569,1. ENGINE & POWERTRAIN,Fuel & Air Induction,Turbochargers & Manifolds,Cat,Earth Moving Machinery
HOSE INLET 216 0064,216 0064,HOSE - INLET - 216 0064,1. ENGINE & POWERTRAIN,Fuel & Air Induction,Turbochargers & Manifolds,Cat,Earth Moving Machinery
HOSE INTAKE 202 7935,202 7935,HOSE - INTAKE - 202 7935,1. ENGINE & POWERTRAIN,Fuel & Air Induction,Turbochargers & Manifolds,Ctp,Earth Moving Machinery
"HOSE LINE, CABIN TILT 2.70961",2.70961,HOSE - LINE - CABIN TILT / 2.70961,5. HYDRAULICS,Cylinders & Rams,High-Pressure Hoses & Fittings,DT,Truck
"HOSE LINE, CABIN TILT V4 2.709",2.70953,HOSE - LINE - CABIN TILT V4 / 2.70953,5. HYDRAULICS,Cylinders & Rams,High-Pressure Hoses & Fittings,DT,Truck
HOSE LOADERS 132 7370,132 7370,HOSE - LOADERS - 132 7370,5. HYDRAULICS,Cylinders & Rams,High-Pressure Hoses & Fittings,CTP,Earth Moving Machinery
HOSE LOWER 124 1756,124 1756,HOSE - LOWER - 124 1756,1. ENGINE & POWERTRAIN,Fuel & Air Induction,Turbochargers & Manifolds,Caterpillar,Earth Moving Machinery
"HOSE,OIL DRIAN 462 7085",462 7085,HOSE - OIL DRAIN - 462 7085,1. ENGINE & POWERTRAIN,Engine Mechanicals,Oil Pumps & Filtration,Cat,Earth Moving Machinery
HOSE-HUMP 5267670 REPLACES 34,342 6299,HOSE - HUMP - 5267670 / 342 6299,1. ENGINE & POWERTRAIN,Fuel & Air Induction,Turbochargers & Manifolds,Caterpillar,Earth Moving Machinery
HT BOLT M14X80MM,60331450006,BOLT - HT - M14X80MM / 60331450006,"6. CONSUMABLES, SERVICE & WEAR",Fasteners & Hardware,Hardware & Brackets (Nuts/Bolts/Raw Steel),,Universal Workshop
HUB ASSMBLY AH00160T,AH00160T,ASSEMBLY - HUB - AH00160T,"3. SUSPENSION, STEERING & AXLES",Axles & Hubs,Hub Assemblies,FRUEHAUF,Trailer
"HUB BEARING KIT, REAR, 94 MM 2",2.96207,KIT - BEARING - REAR 94MM / 2.96207,"3. SUSPENSION, STEERING & AXLES",Axles & Hubs,Wheel Bearings & Seals,DT,Truck
"HUB BEARING KIT, REAR, 94 MM 2",2.96207,KIT - BEARING - REAR 94MM / 2.96207,"3. SUSPENSION, STEERING & AXLES",Axles & Hubs,Wheel Bearings & Seals,DT,Truck
"HUB BEARING KIT, REAR, 94 MM 2",2.96207,KIT - BEARING - REAR 94MM / 2.96207,"3. SUSPENSION, STEERING & AXLES",Axles & Hubs,Wheel Bearings & Seals,DT,Truck
HUB CAP GASKET XA000101,XA000101,GASKET - HUB CAP - XA000101,"3. SUSPENSION, STEERING & AXLES",Axles & Hubs,Wheel Bearings & Seals,,Trailer
HUB COVER 2.65069,2.65069,COVER - HUB - 2.65069,"3. SUSPENSION, STEERING & AXLES",Axles & Hubs,Hub Assemblies,DFT,Truck
HUB CUP FOR CHINESE TRAILER,15045,CUP - HUB - FOR CHINESE TRAILER / 15045,"3. SUSPENSION, STEERING & AXLES",Axles & Hubs,Hub Assemblies,,Trailer
HUB PROPAR 10ST SPIGOT MOUNT A,AH001602T,MOUNT - HUB SPIGOT - 10ST A / AH001602T,"3. SUSPENSION, STEERING & AXLES",Axles & Hubs,Hub Assemblies,SORL,Trailer
HUB SEAL FOR HENRED,HNR006,SEAL - HUB - FOR HENRED / HNR006,"3. SUSPENSION, STEERING & AXLES",Axles & Hubs,Wheel Bearings & Seals,,Trailer
HUBODOMETER 650 0532,650 0532,HUBODOMETER - GENERAL - 650 0532,"3. SUSPENSION, STEERING & AXLES",Axles & Hubs,Hub Assemblies,,Trailer
HUBODOMETER 650 0532,650 0532,HUBODOMETER - GENERAL - 650 0532,"3. SUSPENSION, STEERING & AXLES",Axles & Hubs,Hub Assemblies,,Trailer
HUBODOMETER STEMCO 650 0532,650 0532,HUBODOMETER - STEMCO - 650 0532,"3. SUSPENSION, STEERING & AXLES",Axles & Hubs,Hub Assemblies,,Trailer
HUBODOMETER STEMCO 650 0532,650 0532,HUBODOMETER - STEMCO - 650 0532,"3. SUSPENSION, STEERING & AXLES",Axles & Hubs,Hub Assemblies,,Trailer
HUMP HOSE 5S 3919,5S 3919,HOSE - HUMP - 5S 3919,1. ENGINE & POWERTRAIN,Fuel & Air Induction,Turbochargers & Manifolds,,Truck
HUMP HOSE 7E 8630,7E 8630,HOSE - HUMP - 7E 8630,1. ENGINE & POWERTRAIN,Fuel & Air Induction,Turbochargers & Manifolds,,Truck
HYD OIL FILTER 126 1818,126 1818,FILTER - OIL - HYDRAULIC / 126 1818,5. HYDRAULICS,Hydraulic Pumps & Motors,Hydraulic Filtration,,Earth Moving Machinery
HYDRAULIC CYLINDER SEAL KIT 22,228 1779,SEAL KIT - HYDRAULIC CYLINDER - 228 1779,5. HYDRAULICS,Cylinders & Rams,Hydraulic Seal Kits,CTP,Earth Moving Machinery
HYDRAULIC CYLINDER SEAL KIT 43,439 5351,SEAL KIT - HYDRAULIC CYLINDER - 439 5351,5. HYDRAULICS,Cylinders & Rams,Hydraulic Seal Kits,Ctp,Earth Moving Machinery
HYDRAULIC FILTER 1G 8878,1G 8878,FILTER - HYDRAULIC - 1G 8878,5. HYDRAULICS,Hydraulic Pumps & Motors,Hydraulic Filtration,Donaldson,Earth Moving Machinery
HYDRAULIC FILTER CARTRIDGE ADT,P165239,FILTER - HYDRAULIC CARTRIDGE - P165239,5. HYDRAULICS,Hydraulic Pumps & Motors,Hydraulic Filtration,,Earth Moving Machinery
HYDRAULIC FILTER D6R/730 P5509,P550921,FILTER - HYDRAULIC - P550921,5. HYDRAULICS,Hydraulic Pumps & Motors,Hydraulic Filtration,Donaldson,Earth Moving Machinery
HYDRAULIC FILTER EX 345 126 18,126 1813,FILTER - HYDRAULIC - 126 1813,5. HYDRAULICS,Hydraulic Pumps & Motors,Hydraulic Filtration,Donaldson,Earth Moving Machinery
HYDRAULIC FILTER FOR LOADER P1,P165185,FILTER - HYDRAULIC - P165185,5. HYDRAULICS,Hydraulic Pumps & Motors,Hydraulic Filtration,Donaldson,Earth Moving Machinery
HYDRAULIC FILTER GRADER 139 15,139 1536,FILTER - HYDRAULIC - 139 1536,5. HYDRAULICS,Hydraulic Pumps & Motors,Hydraulic Filtration,Caterpillar,Earth Moving Machinery
HYDRAULIC FILTER P165238,P165238,FILTER - HYDRAULIC - P165238,5. HYDRAULICS,Hydraulic Pumps & Motors,Hydraulic Filtration,,Earth Moving Machinery
HYDRAULIC FILTER P167162,P167162,FILTER - HYDRAULIC - P167162,5. HYDRAULICS,Hydraulic Pumps & Motors,Hydraulic Filtration,Donaldson,Earth Moving Machinery
HYDRAULIC FILTER P550222,P550222,FILTER - HYDRAULIC - P550222,5. HYDRAULICS,Hydraulic Pumps & Motors,Hydraulic Filtration,Donaldson,Earth Moving Machinery
HYDRAULIC FILTER P550230,P550230,FILTER - HYDRAULIC - P550230,5. HYDRAULICS,Hydraulic Pumps & Motors,Hydraulic Filtration,Donaldson,Earth Moving Machinery
HYDRAULIC FILTER P550922,P550922,FILTER - HYDRAULIC - P550922,5. HYDRAULICS,Hydraulic Pumps & Motors,Hydraulic Filtration,Donaldson,Earth Moving Machinery
HYDRAULIC FILTER P551348,P551348,FILTER - HYDRAULIC - P551348,5. HYDRAULICS,Hydraulic Pumps & Motors,Hydraulic Filtration,Donaldson,Earth Moving Machinery
HYDRAULIC FILTER P571271 EX345,P571271,FILTER - HYDRAULIC - P571271,5. HYDRAULICS,Hydraulic Pumps & Motors,Hydraulic Filtration,Donaldson,Earth Moving Machinery
HYDRAULIC FILTER PPM CRANE P16,P165659/HF6587,FILTER - HYDRAULIC - P165659/HF6587,5. HYDRAULICS,Hydraulic Pumps & Motors,Hydraulic Filtration,,Earth Moving Machinery
HYDRAULIC GEAR PUMP SNPS/147DO,SNP2/147DO01,PUMP - HYDRAULIC GEAR - SNP2/147DO01,5. HYDRAULICS,Hydraulic Pumps & Motors,Gear & Piston Pumps,,Truck
HYDRAULIC JACK 30 - 32 TON GK0,GK002401,JACK - HYDRAULIC - GK002401,"6. CONSUMABLES, SERVICE & WEAR",Fasteners & Hardware,Workshop Consumables,FRUEHAUF,Universal Workshop
HYDRAULIC JACK 30 - 32 TON GK0,GK002501,,"6. CONSUMABLES, SERVICE & WEAR",Fasteners & Hardware,Workshop Consumables,,Universal Workshop
HYDRAULIC POWER STEERING FILTE,P550309,FILTER - HYDRAULIC POWER STEERING - P550309,"3. SUSPENSION, STEERING & AXLES",Steering Components,Power Steering Pumps & Reservoirs,Donaldson,Truck
HYDRAULIC PUMP SEAL KIT 177 25,177 2546,SEAL KIT - HYDRAULIC PUMP - 177 2546,5. HYDRAULICS,Hydraulic Pumps & Motors,Hydraulic Seal Kits,Caterpillar,Earth Moving Machinery
HYDRAULIC SPIN ON FILTER P1653,P165354,FILTER - HYDRAULIC SPIN ON - P165354,5. HYDRAULICS,Hydraulic Pumps & Motors,Hydraulic Filtration,,Earth Moving Machinery
IGNITION KEY CAT 5P 8500,5P 8500,KEY - IGNITION - CAT 5P 8500,7. ELECTRICAL & INSTRUMENTATION,Sensors & Instrumentation,Wiring Harnesses & Relays,,Earth Moving Machinery
IGNITION START SWITCH 255 2752,255 2752,SWITCH - IGNITION START - 255 2752,7. ELECTRICAL & INSTRUMENTATION,Sensors & Instrumentation,Wiring Harnesses & Relays,CAT,Earth Moving Machinery
IGNITION SWITCH 2.25052,2.25052,SWITCH - IGNITION - 2.25052,7. ELECTRICAL & INSTRUMENTATION,Sensors & Instrumentation,Wiring Harnesses & Relays,,Universal / Fleet
IMPLEMENT PUMP 231 6587/ 10R 7,231 6587,PUMP - IMPLEMENT - 231 6587,5. HYDRAULICS,Hydraulic Pumps & Motors,Gear & Piston Pumps,Cat,Earth Moving Machinery
IMPLEMENT PUMP D6R 20R 1850,20R 1850,PUMP - IMPLEMENT - 20R 1850,5. HYDRAULICS,Hydraulic Pumps & Motors,Gear & Piston Pumps,Cat,Earth Moving Machinery
INDUCTIVE SENSOR PLUG 23637092,23637092,SENSOR - INDUCTIVE - 23637092,7. ELECTRICAL & INSTRUMENTATION,Sensors & Instrumentation,Wiring Harnesses & Relays,,Universal / Fleet
INJECTION SLEEVE 227 2911 D6R,227 2911,SLEEVE - INJECTION - 227 2911,1. ENGINE & POWERTRAIN,Fuel & Air Induction,Fuel Pumps & Injectors,I.P.D,Earth Moving Machinery
INJECTION SLEEVE HOLDER VOLVO,2.9128,HOLDER - INJECTION SLEEVE - VOLVO / 2.9128,1. ENGINE & POWERTRAIN,Fuel & Air Induction,Fuel Pumps & Injectors,,Truck
INJECTOR- 730/725/ 966/345 REC,350 7555,INJECTOR - REMANUFACTURED - 3507555,1. ENGINE & POWERTRAIN,Fuel & Air Induction,Fuel Pumps & Injectors,Caterpillar,Earth Moving Machinery
"INJECTOR GP, FUEL REMAN 20R 00",20R 0056,INJECTOR - FUEL - 20R 0056,1. ENGINE & POWERTRAIN,Fuel & Air Induction,Fuel Pumps & Injectors,,Truck
INJECTOR HARNESS 222 5917,222 5917,HARNESS - INJECTOR - 2225917,7. ELECTRICAL & INSTRUMENTATION,Sensors & Instrumentation,Wiring Harnesses & Relays,Cat,Earth Moving Machinery
INJECTOR HOLDER BOLTS D13A 819,8192804,BOLTS - INJECTOR HOLDER - 8192804,1. ENGINE & POWERTRAIN,Fuel & Air Induction,Fuel Pumps & Injectors,Volvo,Truck
INJECTOR HOLDER YOKE D13A 2465,24653064,YOKE - INJECTOR HOLDER - 24653064,1. ENGINE & POWERTRAIN,Fuel & Air Induction,Fuel Pumps & Injectors,Volvo,Truck
INJECTOR SEAL RING KIT NOZZLE,2.91226,KIT - SEAL RING - 2.91226,1. ENGINE & POWERTRAIN,Fuel & Air Induction,Fuel Pumps & Injectors,,Truck
"INJECTOR, REMAN-3176, 20R 0055",20R 0055,INJECTOR - REMANUFACTURED - 20R0055,1. ENGINE & POWERTRAIN,Fuel & Air Induction,Fuel Pumps & Injectors,Caterpillar,Earth Moving Machinery
INJECTORS 178 0199,178 0199,INJECTOR - STANDARD - 1780199,1. ENGINE & POWERTRAIN,Fuel & Air Induction,Fuel Pumps & Injectors,Cat,Earth Moving Machinery
INNER DOOR HANDLE RH LAND CRUI,DH-LC-RH,HANDLE - DOOR INNER - RH - DH-LC-RH,"2. CABIN, BODY & CHASSIS","Body, Glass & Mirrors","Panels, Doors & Mounts",,LDV
INNER HANDLE LH TATA 269872300,269872300149,HANDLE - DOOR INNER - LH - 269872300149,"2. CABIN, BODY & CHASSIS","Body, Glass & Mirrors","Panels, Doors & Mounts",,Truck
"INPUT PLATE, TORQUE CONVERTER",FD20-30/CPCD10-35,PLATE - INPUT - FD20-30/CPCD10-35,1. ENGINE & POWERTRAIN,Drivetrain & Transmission,Clutches & Flywheels,,Universal / Fleet
INSERT 10MM,2260110010,INSERT - 10MM - 2260110010,"6. CONSUMABLES, SERVICE & WEAR",Fasteners & Hardware,Hardware & Brackets (Nuts/Bolts/Raw Steel),,Universal Workshop
INSERT 12MM,2260110012,INSERT - 12MM - 2260110012,"6. CONSUMABLES, SERVICE & WEAR",Fasteners & Hardware,Hardware & Brackets (Nuts/Bolts/Raw Steel),,Universal Workshop
INSERT 12MM 9.87009,9.87009,INSERT - 12MM - 9.87009,"6. CONSUMABLES, SERVICE & WEAR",Fasteners & Hardware,Hardware & Brackets (Nuts/Bolts/Raw Steel),,Universal Workshop
INSPECTION OF TWO 3T FORKLIFT,233445573,INSPECTION - FORKLIFT - 233445573,"6. CONSUMABLES, SERVICE & WEAR",Fasteners & Hardware,Workshop Consumables,,Universal / Fleet
"INTAKE VALVE, D13 2.10575",2.10575,VALVE - INTAKE - D13 - 2.10575,1. ENGINE & POWERTRAIN,Engine Mechanicals,"Blocks, Heads & Valvetrain",DT,Truck
INTERCOOLER HOSE 230 2895,230 2895,HOSE - INTERCOOLER - 2302895,1. ENGINE & POWERTRAIN,Fuel & Air Induction,Turbochargers & Manifolds,DFT,Truck
INTERCOOLER REPAIR & RECON 962,962/950,REPAIR - INTERCOOLER - 962/950,1. ENGINE & POWERTRAIN,Fuel & Air Induction,Turbochargers & Manifolds,,Earth Moving Machinery
INTERCOOLER V3 87089993/ NRF30,NRF309304,INTERCOOLER - V3 - NRF30 - 87089993,1. ENGINE & POWERTRAIN,Fuel & Air Induction,Turbochargers & Manifolds,,Truck
INTERMEDIATE PISTON RING 109 5,109-5319,RING - PISTON - INTERMEDIATE - 109-5319,1. ENGINE & POWERTRAIN,Engine Mechanicals,"Pistons, Rings & Liners",,Earth Moving Machinery
J650/198 EM VALVE 5629675,5629675,VALVE - EM - J650/198 - 5629675,1. ENGINE & POWERTRAIN,Engine Mechanicals,"Blocks, Heads & Valvetrain",Cat,Earth Moving Machinery
JOINT ASSY LOWER BALL 43330095,4333009510,JOINT - LOWER BALL ASSEMBLY - 4333009510,"3. SUSPENSION, STEERING & AXLES",Suspension Systems,Shock Absorbers & Bushes,TOYOTA,LDV
"JOINT CROSS, 52.0 X 147.0MM 3.",3.59004,JOINT - CROSS - 52.0X147.0MM - 3.59004,1. ENGINE & POWERTRAIN,Drivetrain & Transmission,Driveshafts & U-Joints,DT,Truck
"JOINT CROSS, 57X152.5MM 4.6039",4.6039,JOINT - CROSS - 57X152.5MM - 4.6039,1. ENGINE & POWERTRAIN,Drivetrain & Transmission,Driveshafts & U-Joints,DFT,Truck
"JOINT CROSS, 59.0 X 167.0MM 2.",2.34008,JOINT - CROSS - 59.0X167.0MM - 2.34008,1. ENGINE & POWERTRAIN,Drivetrain & Transmission,Driveshafts & U-Joints,DT,Truck
JOINT SET FRONT UPPET BALL 433,4331009017,SET - JOINT FRONT UPPER BALL - 4331009017,"3. SUSPENSION, STEERING & AXLES",Suspension Systems,Shock Absorbers & Bushes,TOYOTA,LDV
KEY 8H 5306,8H 5306,KEY - STANDARD - 8H5306,"6. CONSUMABLES, SERVICE & WEAR",Fasteners & Hardware,Hardware & Brackets (Nuts/Bolts/Raw Steel),,Universal Workshop
KING PIN 2' FLANGE TYPE 8MM YK,YK003303F,PIN - KING - 2' FLANGE TYPE 8MM - YK003303F,"2. CABIN, BODY & CHASSIS",Structural Chassis & Towing,Fifth Wheels & Tow Hitches,FRUEHAUF,Trailer
KING PIN 50 X 194 YK000101,YK000101,PIN - KING - 50X194 - YK000101,"2. CABIN, BODY & CHASSIS",Structural Chassis & Towing,Fifth Wheels & Tow Hitches,FRUEHAUF,Trailer
KING PIN KIT WITH BEARING 2.95,2.9502,KIT - KING PIN WITH BEARING - 2.9502,"3. SUSPENSION, STEERING & AXLES",Steering Components,Steering Linkages & Kingpins,DT,Truck
KIT 199 0707,199 0707,KIT - STANDARD - 1990707,"6. CONSUMABLES, SERVICE & WEAR",Fasteners & Hardware,Hardware & Brackets (Nuts/Bolts/Raw Steel),Cat,Earth Moving Machinery
KIT 3126B INJECTOR O-RING 962,242 1539,O-RING - INJECTOR - 3126B / 242 1539,1. ENGINE & POWERTRAIN,Fuel & Air Induction,Fuel Pumps & Injectors,,Earth Moving Machinery
KIT A VALVES 42676,42676,VALVE - A - 42676 / 42676,"6. CONSUMABLES, SERVICE & WEAR",Fasteners & Hardware,Workshop Consumables,DYNAJET,Universal Workshop
"KIT C12 INJECTOR O-RING 730, 3",224 5797,O-RING - INJECTOR - C12 / 224 5797,1. ENGINE & POWERTRAIN,Fuel & Air Induction,Fuel Pumps & Injectors,Cat,Earth Moving Machinery
KIT PCS. DIAPHRAGM VALVE MCDA4,MCDA4421300720,VALVE - DIAPHRAGM - MCDA4 / MCDA4421300720,4. BRAKES & PNEUMATICS,Brake Actuation & Control,Air Valves & Governors,MERCEDES-BENZ,Truck
KIT SERVICE METER 366 4622,366 4622,METER - SERVICE - 366 / 366 4622,7. ELECTRICAL & INSTRUMENTATION,Sensors & Instrumentation,Wiring Harnesses & Relays,Caterpillar,Earth Moving Machinery
"KIT, C9 INJECTOR O-RING 297 48",297 4841,O-RING - INJECTOR - C9 / 297 4841,1. ENGINE & POWERTRAIN,Fuel & Air Induction,Fuel Pumps & Injectors,Caterpillar,Earth Moving Machinery
"KIT, GASKET-RADIATOR 509 1077",509 1077,GASKET - RADIATOR - 509 / 509 1077,1. ENGINE & POWERTRAIN,Cooling System,Radiators & Coolers,Caterpillar,Earth Moving Machinery
LACQUER THINNER 5L,1647020450,THINNER - LACQUER - 5L / 1647020450,"6. CONSUMABLES, SERVICE & WEAR",Paints & Chemicals,Bulk Paint & Thinners,LUXOR,Universal Workshop
LAMINATED GLASSES LOADER #04,226 7696,GLASS - LAMINATED - LOADER #04 / 226 7696,"2. CABIN, BODY & CHASSIS","Body, Glass & Mirrors",Windshields & Windows,,Earth Moving Machinery
LAMINATED GLASS-LOCATELLI,LGLOCR,GLASS - LAMINATED - LOCATELLI / LGLOCR,"2. CABIN, BODY & CHASSIS","Body, Glass & Mirrors",Windshields & Windows,,Universal / Fleet
LANDING LEG FOR TRAILER,TRLSPJE7,LEG - LANDING - TRAILER / TRLSPJE7,"2. CABIN, BODY & CHASSIS",Structural Chassis & Towing,Chassis Rails & Crossmembers,FRUEHAUF,Trailer
LANVIGATOR 7.50R16 S600 TTF,90807074,TYRE - LANVIGATOR - 7.50R16 S600 TTF / 90807074,"6. CONSUMABLES, SERVICE & WEAR",Fasteners & Hardware,Tyres & Tyre Accessories,LANVIGATOR,Truck
LEAF SPRING BUSH 30X57X102 043,043.115-00A,BUSH - LEAF SPRING - 30X57X102 / 043.115-00A,"3. SUSPENSION, STEERING & AXLES",Suspension Systems,Shock Absorbers & Bushes,BPW,Trailer
LEAF SPRING HENRED 2ND 76X16MM,02S P215 F107C,SPRING - LEAF - HENRED 76X16MM / 02S P215 F107C,"3. SUSPENSION, STEERING & AXLES",Suspension Systems,Leaf Springs & U-Bolts,FRUEHAUF,Trailer
LED TAIL LAMP AMBER FOR TRAILE,LED002,LAMP - TAIL - AMBER / LED002,7. ELECTRICAL & INSTRUMENTATION,Lighting & Signage,Lighting Housings & Assemblies,TRUCK LAMP,Trailer
LED TAIL LAMP RED FOR TRAILER,28108,LAMP - TAIL - RED / 28108,7. ELECTRICAL & INSTRUMENTATION,Lighting & Signage,Lighting Housings & Assemblies,TRUCK LAMP,Trailer
LEFT BUMPER LIGHT BULB 230.592,230.5928,BULB - LIGHT - LEFT BUMPER / 230.5928,7. ELECTRICAL & INSTRUMENTATION,Lighting & Signage,Bulbs & Lenses,GAM,Truck
LEFT SIDE MIRROR VOLVO V3 0361,036154,MIRROR - SIDE - LEFT VOLVO V3 / 036154,"2. CABIN, BODY & CHASSIS","Body, Glass & Mirrors",Windshields & Windows,volvo,Truck
LEM2595.00 CONTROL ARM-/BUSH S,LEM2595.00,ARM - CONTROL - LEM2595.00 / LEM2595.00,"3. SUSPENSION, STEERING & AXLES",Suspension Systems,Shock Absorbers & Bushes,SKFPCMF161812E,Trailer
LEMA REAR ENGINE MOUNTING 1385,1385.54,MOUNTING - ENGINE - REAR LEMA / 1385.54,1. ENGINE & POWERTRAIN,Engine Mechanicals,Engine Mounts & Dampers,LEMA,Truck
LEVEL SENSOR 2.15012 FOR COOLA,2.15012,SENSOR - LEVEL - 2.15012 / 2.15012,7. ELECTRICAL & INSTRUMENTATION,Sensors & Instrumentation,Pressure & Temp Switches,DT,Truck
LH DOOR PANEL EXTENSION V4 2.7,2.72224,PANEL - DOOR - LH EXTENSION V4 / 2.72224,"2. CABIN, BODY & CHASSIS","Body, Glass & Mirrors","Panels, Doors & Mounts",volvo,Truck
LH SIDE MIRROR V4 SM70.1047.01,SM70.1047.01,MIRROR - SIDE - LH V4 / SM70.1047.01,"2. CABIN, BODY & CHASSIS","Body, Glass & Mirrors",Windshields & Windows,,Truck
"LH, TURN SIGNAL LAMP V4 2.2455",2.24553SP,,7. ELECTRICAL & INSTRUMENTATION,Lighting & Signage,Beacons & Tail Lights,DT,Truck
LIGHT CONTROL MODULE S FOR VOL,20514900-02,MODULE - CONTROL - LIGHT S VOL / 20514900-02,7. ELECTRICAL & INSTRUMENTATION,Sensors & Instrumentation,Wiring Harnesses & Relays,volvo,Truck
LIGHT CONTROL MODULE S FOR VOL,20514900-02,MODULE - CONTROL - LIGHT S VOL / 20514900-02,7. ELECTRICAL & INSTRUMENTATION,Sensors & Instrumentation,Wiring Harnesses & Relays,volvo,Truck
LIGHT CONTROL MODULE S LCM FOR,20514900-02,MODULE - CONTROL - LIGHT S LCM / 20514900-02,7. ELECTRICAL & INSTRUMENTATION,Sensors & Instrumentation,Wiring Harnesses & Relays,volvo,Truck
LIGHT CONTROL MODULE S LCM FOR,20514900-02,MODULE - CONTROL - LIGHT S LCM / 20514900-02,7. ELECTRICAL & INSTRUMENTATION,Sensors & Instrumentation,Wiring Harnesses & Relays,volvo,Truck
LIGHT NUMBER PLATE LED EF00220,EF002205,PLATE - NUMBER LIGHT - LED / EF002205,7. ELECTRICAL & INSTRUMENTATION,Lighting & Signage,Lighting Housings & Assemblies,SMART LAMP,Trailer
LINE CONNECTOR 10MM,2260100010,CONNECTOR - LINE - 10MM / 2260100010,4. BRAKES & PNEUMATICS,Air Lines & Fittings,Push-in Fittings & Couplers,,Universal / Fleet
LING LONG 315/80 R22.5,LLA08,TYRE - LING LONG - 315/80 R22.5 / LLA08,"6. CONSUMABLES, SERVICE & WEAR",Fasteners & Hardware,Tyres & Tyre Accessories,,Truck
LINGLONG 29.5R25 TYRE 40MM,9125296,TYRE - LINGLONG - 29.5R25 40MM / 9125296,"6. CONSUMABLES, SERVICE & WEAR",Fasteners & Hardware,Tyres & Tyre Accessories,,Earth Moving Machinery
LINK 189 1551,189 1551,LINK - 189 - 1551 / 189 1551,5. HYDRAULICS,Ground Engaging Tools (GET),Hardware & Mounts,Cat,Earth Moving Machinery
LINK ASSY POWER STEERING 44200,44200-0K-440,LINK - ASSY - 44200 / 44200-0K-440,"3. SUSPENSION, STEERING & AXLES",Steering Components,Tie Rods & Drag Links,Toyota,LDV
LIP SEAL ADT 740 173 7715,173 7715,SEAL - LIP - ADT / 173 7715,"3. SUSPENSION, STEERING & AXLES",Axles & Hubs,Wheel Bearings & Seals,Cat,Earth Moving Machinery
LIP- SEAL ADT CAT MACHINES 9X,9X 7743,SEAL - LIP - ADT / 9X 7743,"3. SUSPENSION, STEERING & AXLES",Axles & Hubs,Wheel Bearings & Seals,Bulldog,Earth Moving Machinery
LOAD SENSITIVE VALVE 2.47039,2.47039,VALVE - LOAD SENSITIVE - 2.47039 / 2.47039,4. BRAKES & PNEUMATICS,Brake Actuation & Control,Air Valves & Governors,DT,Truck
LOCK CYLINDER KIT 2.72130,2.7213,CYLINDER - LOCK - 2.72130 / 2.7213,"2. CABIN, BODY & CHASSIS","Body, Glass & Mirrors","Panels, Doors & Mounts",DT,Truck
LOCK WASHER 2.65174,2.65174,WASHER - LOCK - 2.65174 / 2.65174,"6. CONSUMABLES, SERVICE & WEAR",Fasteners & Hardware,Hardware & Brackets (Nuts/Bolts/Raw Steel),DT,Universal Workshop
LOCKING PIN SA2E0015 / 2041098,SA2E0015,PIN - LOCKING - SA2E0015 / SA2E0015,"6. CONSUMABLES, SERVICE & WEAR",Fasteners & Hardware,Hardware & Brackets (Nuts/Bolts/Raw Steel),,Universal Workshop
LOCTITE THREAD LOCK 641.270/1,641.270/1,LOCK - THREAD - LOCTITE / 641.270/1,"6. CONSUMABLES, SERVICE & WEAR",Paints & Chemicals,Fluids & Aerosols (Cleaners/Sealants),,Universal Workshop
LOWER BALL JOINT 43330-29125,43330-29125,JOINT - BALL - LOWER / 43330-29125,"3. SUSPENSION, STEERING & AXLES",Suspension Systems,Shock Absorbers & Bushes,,Truck
LOWER BALL JOINT FOR HILUX,BJ-L01,JOINT - BALL - LOWER / BJ-L01,"3. SUSPENSION, STEERING & AXLES",Suspension Systems,Shock Absorbers & Bushes,TOYOTA,LDV
LOWER RADIATOR HOSE 2.15127,2.15127,HOSE - RADIATOR - LOWER / 2.15127,1. ENGINE & POWERTRAIN,Cooling System,Radiators & Coolers,DT,Truck
LUK CLUTCH KIT V3 643 345 533,643 345 533,KIT - CLUTCH - LUK V3 / 643 345 533,1. ENGINE & POWERTRAIN,Drivetrain & Transmission,Clutches & Flywheels,LUK,Truck
LUK CLUTCH KIT V3 643345533,643345533,KIT - CLUTCH - LUK V3 / 643345533,1. ENGINE & POWERTRAIN,Drivetrain & Transmission,Clutches & Flywheels,LUK,Truck
LUK CLUTCH KIT V4 643342409,643342409,KIT - CLUTCH - LUK V4 / 643342409,1. ENGINE & POWERTRAIN,Drivetrain & Transmission,Clutches & Flywheels,LUK,Truck
LUK CLUTCH KIT V4 643342433,643342433,KIT - CLUTCH - LUK V4 / 643342433,1. ENGINE & POWERTRAIN,Drivetrain & Transmission,Clutches & Flywheels,LUK,Truck
LUK RELEASE BEARING 510037010,510037010,BEARING - RELEASE - LUK / 510037010,1. ENGINE & POWERTRAIN,Drivetrain & Transmission,Clutches & Flywheels,LUK,Truck
LUXOR BLUE 2K 1L,1647120215,PAINT - BLUE - LUXOR 2K / 1647120215,"6. CONSUMABLES, SERVICE & WEAR",Paints & Chemicals,Bulk Paint & Thinners,LUXOR,Universal Workshop
LUXOR CATERPILLAR YELLOW,1647120217,PAINT - CATERPILLAR YELLOW - LUXOR / 1647120217,"6. CONSUMABLES, SERVICE & WEAR",Paints & Chemicals,Bulk Paint & Thinners,LUXOR,Universal Workshop
LUXOR CLEAR 1L,1647180248,PAINT - CLEAR - LUXOR / 1647180248,"6. CONSUMABLES, SERVICE & WEAR",Paints & Chemicals,Bulk Paint & Thinners,Luxor,Universal Workshop
LUXOR FAST HARDNER 1L,1647070245,HARDENER - FAST - LUXOR / 1647070245,"6. CONSUMABLES, SERVICE & WEAR",Paints & Chemicals,Bulk Paint & Thinners,Luxor,Universal Workshop
LUXOR FINE SILVER,164729101,PAINT - FINE SILVER - LUXOR / 164729101,"6. CONSUMABLES, SERVICE & WEAR",Paints & Chemicals,Bulk Paint & Thinners,LUXOR,Universal Workshop
LUXOR M.S PRIMER,1647261029,PRIMER - M.S - LUXOR / 1647261029,"6. CONSUMABLES, SERVICE & WEAR",Paints & Chemicals,Bulk Paint & Thinners,,Universal Workshop
LUXOR MAT BLACK 2 K,1647170339,PAINT - MAT BLACK - LUXOR 2K / 1647170339,"6. CONSUMABLES, SERVICE & WEAR",Paints & Chemicals,Bulk Paint & Thinners,Luxor,Universal Workshop
LUXOR MATT BLACK ORDINARY 1L,1647120220,PAINT - MATT BLACK ORDINARY - LUXOR / 1647120220,"6. CONSUMABLES, SERVICE & WEAR",Paints & Chemicals,Bulk Paint & Thinners,LUXOR,Universal Workshop
LUXOR MID CHROME 2K,164728200,PAINT - MID CHROME - LUXOR 2K / 164728200,"6. CONSUMABLES, SERVICE & WEAR",Paints & Chemicals,Bulk Paint & Thinners,,Universal Workshop
LUXOR PAINT WHITE 2K 1L,1647130217,PAINT - WHITE - LUXOR 2K / 1647130217,"6. CONSUMABLES, SERVICE & WEAR",Paints & Chemicals,Bulk Paint & Thinners,Luxor,Universal Workshop
LUXOR PRIMER GREY 1L,1647120218,PRIMER - GREY - LUXOR / 1647120218,"6. CONSUMABLES, SERVICE & WEAR",Paints & Chemicals,Bulk Paint & Thinners,LUXOR,Universal Workshop
LUXOR RESIN FIBRE GLASS 1L,1647090270,RESIN - FIBRE GLASS - LUXOR / 1647090270,"6. CONSUMABLES, SERVICE & WEAR",Paints & Chemicals,Bulk Paint & Thinners,LUXOR,Universal Workshop
M10 X 8MM BULK HEAD PUSH ON,M10BH,CONNECTOR - BULK HEAD - M10 X 8MM / M10BH,4. BRAKES & PNEUMATICS,Air Lines & Fittings,Push-in Fittings & Couplers,,Universal / Fleet
M12 X 1.75 HOLLOW SPRING SCREW,2.62927,SCREW - HOLLOW SPRING - M12 X 1.75 / 2.62927,"3. SUSPENSION, STEERING & AXLES",Suspension Systems,Leaf Springs & U-Bolts,DT,Truck
M12 X 79/24 STUD BOLT,STM12,BOLT - STUD - STM12,"6. CONSUMABLES, SERVICE & WEAR",Fasteners & Hardware,Hardware & Brackets (Nuts/Bolts/Raw Steel),,Universal Workshop
M14X200MM CENTRE BOLTS 1189,1189,BOLT - CENTRE - 1189,"3. SUSPENSION, STEERING & AXLES",Suspension Systems,Leaf Springs & U-Bolts,,Trailer
M16 COPPER WASHER,GEN1061,WASHER - COPPER - GEN1061,"6. CONSUMABLES, SERVICE & WEAR",Fasteners & Hardware,Hardware & Brackets (Nuts/Bolts/Raw Steel),,Universal Workshop
M16 SOLID PLUGS,M16,PLUG - SOLID - M16,"6. CONSUMABLES, SERVICE & WEAR",Fasteners & Hardware,Workshop Consumables,,Universal Workshop
M16 X 1.5 - 12MM UNION ASSENB,1.26127,ASSEMBLY - UNION - 1.26127,4. BRAKES & PNEUMATICS,Air Lines & Fittings,Push-in Fittings & Couplers,,Universal / Fleet
M16 X 12MM ELBOW FITTING,E00M1612MM,FITTING - ELBOW - E00M1612MM,4. BRAKES & PNEUMATICS,Air Lines & Fittings,Push-in Fittings & Couplers,,Universal / Fleet
M16 X 12MM PUSH ON BRASS FITTI,BFM16,FITTING - PUSH ON BRASS - BFM16,4. BRAKES & PNEUMATICS,Air Lines & Fittings,Push-in Fittings & Couplers,,Universal / Fleet
M16 X 12MM REDUCED STEEL CONNE,2260041221,CONNECTOR - REDUCED STEEL - 2260041221,4. BRAKES & PNEUMATICS,Air Lines & Fittings,Push-in Fittings & Couplers,,Universal / Fleet
M16 X 2 CYLINDER HEAD BOLTS 2.,2.10119,BOLT - CYLINDER HEAD - 2.10119,1. ENGINE & POWERTRAIN,Engine Mechanicals,"Blocks, Heads & Valvetrain",,Truck
M16X8MM BANJO TAIL,2260042214,TAIL - BANJO - 2260042214,4. BRAKES & PNEUMATICS,Air Lines & Fittings,Push-in Fittings & Couplers,,Universal / Fleet
M22 SHUTTLE VALVE COCK RVI7181,RVI718112,VALVE - SHUTTLE - RVI718112,4. BRAKES & PNEUMATICS,Air Lines & Fittings,Push-in Fittings & Couplers,,Trailer
M22 X 12MM BANJO TAILS,2260041214,TAIL - BANJO - 2260041214,4. BRAKES & PNEUMATICS,Air Lines & Fittings,Push-in Fittings & Couplers,,Universal / Fleet
M22 X 12MM ELBOW FITTING,E00M2212MM,FITTING - ELBOW - E00M2212MM,4. BRAKES & PNEUMATICS,Air Lines & Fittings,Push-in Fittings & Couplers,,Universal / Fleet
M22 X 16MM REDUCER,2260041217,REDUCER - 16MM - 2260041217,4. BRAKES & PNEUMATICS,Air Lines & Fittings,Push-in Fittings & Couplers,,Universal / Fleet
M22X12MM BRASS BULK HEAD,2260131313,BULKHEAD - BRASS - 2260131313,4. BRAKES & PNEUMATICS,Air Lines & Fittings,Push-in Fittings & Couplers,,Universal / Fleet
M22X16MM REDUCER NIPPLES,2260110024,NIPPLE - REDUCER - 2260110024,4. BRAKES & PNEUMATICS,Air Lines & Fittings,Push-in Fittings & Couplers,,Universal / Fleet
MAHLE BRAND PISTON RING KIT VO,03890N0/2.90125,KIT - PISTON RING - MAHLE / 03890N0/2.90125,1. ENGINE & POWERTRAIN,Engine Mechanicals,"Pistons, Rings & Liners",DT,Truck
MAHLE PISTON RING SET. D13 M03,M03873N0,SET - PISTON RING - MAHLE / M03873N0,1. ENGINE & POWERTRAIN,Engine Mechanicals,"Pistons, Rings & Liners",MAHLE,Truck
MAIN BEARING 366 STD MB25366/7,MB YELLOW,BEARING - MAIN - MB25366/7 / MB YELLOW,1. ENGINE & POWERTRAIN,Engine Mechanicals,"Pistons, Rings & Liners",,Earth Moving Machinery
MAIN BEARING 500042637 LOCATEL,500042637,BEARING - MAIN - LOCATEL / 500042637,1. ENGINE & POWERTRAIN,Engine Mechanicals,"Pistons, Rings & Liners",IVECO,Earth Moving Machinery
MAIN BEARING 912 STD DEUTZ 336,3362379,BEARING - MAIN - DEUTZ 336 / 3362379,1. ENGINE & POWERTRAIN,Engine Mechanicals,"Pistons, Rings & Liners",KOLBEN,Auxillary
MAIN BEARING ADT 725/730 211 0,211 0588,BEARING - MAIN - ADT 725/730 / 211 0588,1. ENGINE & POWERTRAIN,Engine Mechanicals,"Pistons, Rings & Liners",,Earth Moving Machinery
MAIN BEARING ADT 725/730 211 0,211 0587,,1. ENGINE & POWERTRAIN,Engine Mechanicals,"Blocks, Heads & Valvetrain",,Earth Moving Machinery
MAIN BEARING KIT 2.91630/KS777,20578851/ 2.91630,KIT - MAIN BEARING - 2.91630/KS777 / 20578851,1. ENGINE & POWERTRAIN,Engine Mechanicals,"Pistons, Rings & Liners",KOLBEN,Truck
MAIN BEARING T427334,T427334,BEARING - MAIN - T427334,1. ENGINE & POWERTRAIN,Engine Mechanicals,"Pistons, Rings & Liners",Perkins,Auxillary
"MAIN, STD BEARING 3406E 317 87",317 8766,BEARING - MAIN - 3406E STD / 317 8766,1. ENGINE & POWERTRAIN,Engine Mechanicals,"Pistons, Rings & Liners",I.P.D,Earth Moving Machinery
MANIFOLD GAUGE SERVICE KIT CT-,CT-8A,,"6. CONSUMABLES, SERVICE & WEAR",Fasteners & Hardware,Workshop Consumables,,Universal Workshop
MANITOWOC GROVE SLINDIND PASTE,03329071,PASTE - SLINDIND - MANITOWOC GROVE / 03329071,"6. CONSUMABLES, SERVICE & WEAR",Oils & Lubricants,Greases & Pastes,Manitowoc,Earth Moving Machinery
MARC 150 TWO PIECE ASYMETRIC I,9W 9915,ASYMETRIC - TWO PIECE - MARC 150 / 9W 9915,"3. SUSPENSION, STEERING & AXLES",Axles & Hubs,Wheel Bearings & Seals,Caterpillar,Earth Moving Machinery
MASKING TAPE,1647261032,TAPE - MASKING - 1647261032,"6. CONSUMABLES, SERVICE & WEAR",Paints & Chemicals,Bulk Paint & Thinners,,Universal Workshop
MASTER SWITCH 7N 0718,7N 0718,SWITCH - MASTER - 7N 0718,7. ELECTRICAL & INSTRUMENTATION,Starting & Charging,Batteries & Cables,Caterpillar,Earth Moving Machinery
MASTER SWITCH 7N 0718,7N 0718,SWITCH - MASTER - 7N 0718,7. ELECTRICAL & INSTRUMENTATION,Starting & Charging,Batteries & Cables,Caterpillar,Earth Moving Machinery
MASTER SWITCH 7N 0718/ 595 300,7N 0718,SWITCH - MASTER - 7N 0718,7. ELECTRICAL & INSTRUMENTATION,Starting & Charging,Batteries & Cables,Caterpillar,Earth Moving Machinery
MASTER SWITCH 7N 0718/ 595 300,7N 0718,SWITCH - MASTER - 7N 0718,7. ELECTRICAL & INSTRUMENTATION,Starting & Charging,Batteries & Cables,Caterpillar,Earth Moving Machinery
MATTRESS COVER MC10001,MC10001,COVER - MATTRESS - MC10001,"2. CABIN, BODY & CHASSIS",HVAC & Cabin Comfort,Cab Trim & Interior Accessories,,Truck
MAXAM 29.5R25 L-5 89MM TYRE,9125295,TYRE - RIM - MAXAM / 9125295,"6. CONSUMABLES, SERVICE & WEAR",Fasteners & Hardware,Tyres & Tyre Accessories,,Earth Moving Machinery
MECHANICAL STEERING PUMP KS000,KS00000384,PUMP - STEERING - MECHANICAL / KS00000384,"3. SUSPENSION, STEERING & AXLES",Steering Components,Power Steering Pumps & Reservoirs,BOSCH,Truck
MEDIUM BRAKE SPRING HNR/ SLACK,HNR00018,SPRING - BRAKE - MEDIUM / HNR00018,4. BRAKES & PNEUMATICS,Foundation Brakes,"Brake Shoes, Pads & Linings",,Trailer
METAL DOME VALVE CAPS,90807083,CAP - VALVE - METAL / 90807083,"6. CONSUMABLES, SERVICE & WEAR",Fasteners & Hardware,Tyres & Tyre Accessories,,Universal Workshop
METERING PUMP 395 4148,395 4148,PUMP - METERING - 395 / 4148,"3. SUSPENSION, STEERING & AXLES",Steering Components,Power Steering Pumps & Reservoirs,Cat,Earth Moving Machinery
METERING PUMP KIT SEAL. REPAIR,258 8411,KIT - REPAIR - METERING PUMP / 258 8411,"3. SUSPENSION, STEERING & AXLES",Steering Components,Power Steering Pumps & Reservoirs,Cat,Earth Moving Machinery
MICHELLIN 23.5R25 56MM TYRES,91252942,TYRE - RIM - MICHELLIN / 91252942,"6. CONSUMABLES, SERVICE & WEAR",Fasteners & Hardware,Tyres & Tyre Accessories,,Earth Moving Machinery
MICHELLIN 23.5R25 56MM TYRES,91252942,TYRE - RIM - MICHELLIN / 91252942,"6. CONSUMABLES, SERVICE & WEAR",Fasteners & Hardware,Tyres & Tyre Accessories,,Earth Moving Machinery
MID223 GEAR SELECTOR CONTROL M,7421715161,CONTROL - GEAR SELECTOR - MID223 / 7421715161,7. ELECTRICAL & INSTRUMENTATION,Sensors & Instrumentation,Wiring Harnesses & Relays,volvo,Truck
MIRROR 5P 6879,5P 6879,MIRROR - STANDARD - 5P / 6879,"2. CABIN, BODY & CHASSIS","Body, Glass & Mirrors",Windshields & Windows,Cat,Earth Moving Machinery
"MIRROR AS, LH 348 5709",348 5709,MIRROR - LEFT HAND - AS / 3485709,"2. CABIN, BODY & CHASSIS","Body, Glass & Mirrors",Windshields & Windows,Ctp,Earth Moving Machinery
MIRROR SMALL 220 4050,220 4050,MIRROR - SMALL - 220 / 4050,"2. CABIN, BODY & CHASSIS","Body, Glass & Mirrors",Windshields & Windows,Cat,Earth Moving Machinery
MITSUBISHI CANTER: ENGINE SUPP,ME011832,SUPPORT - ENGINE - MITSUBISHI CANTER / ME011832,1. ENGINE & POWERTRAIN,Engine Mechanicals,Engine Mounts & Dampers,,LDV
MNF JC126433 2.5MM WINCH SPRIN,JC126433,SPRING - WINCH - 2.5MM / JC126433,5. HYDRAULICS,Heavy Plant Mechanisms,Winches & Rigging,,Universal / Fleet
MODULATING VALVE GP 244 3114,244 3114,VALVE - MODULATING - GP / 2443114,1. ENGINE & POWERTRAIN,Drivetrain & Transmission,Gearboxes & PTOs,Cat,Earth Moving Machinery
"MOTOR, WINDOW REGULATOR, LEFT",2.72154,MOTOR - WINDOW REGULATOR - LEFT / 2.72154,"2. CABIN, BODY & CHASSIS","Body, Glass & Mirrors",Windshields & Windows,DT,Truck
"MOTOR, WINDOW REGULATOR, RIGHT",2.72155,MOTOR - WINDOW REGULATOR - RIGHT / 2.72155,"2. CABIN, BODY & CHASSIS","Body, Glass & Mirrors",Windshields & Windows,DT,Truck
MOUNT 9W 9930,9W 9930,MOUNT - STANDARD - 9W / 9930,1. ENGINE & POWERTRAIN,Engine Mechanicals,Engine Mounts & Dampers,Cat,Earth Moving Machinery
MOUNT 9W 9941,9W 9941,MOUNT - STANDARD - 9W / 9941,1. ENGINE & POWERTRAIN,Engine Mechanicals,Engine Mounts & Dampers,Caterpillar,Earth Moving Machinery
"MOUNTING, ENGINE RADIATOR 6Y 9",6Y 9915,MOUNTING - ENGINE RADIATOR - 6Y / 9915,1. ENGINE & POWERTRAIN,Cooling System,Radiators & Coolers,CTP,Earth Moving Machinery
MPM PS 103-188 HALF SHAFT LOCA,937570023,LOCATOR - HALF SHAFT - MPM PS 103-188 / 937570023,"3. SUSPENSION, STEERING & AXLES",Axles & Hubs,Axle Shafts & Housings,,Truck
N/C PRESSURE SENSOR 2.27158/FE,2.27158,SENSOR - PRESSURE - N/C / 2.27158,7. ELECTRICAL & INSTRUMENTATION,Sensors & Instrumentation,Pressure & Temp Switches,DT,Truck
N/O PRESSURE SENSOR VOLVO 2.27,2.27138,SENSOR - PRESSURE - N/O - VOLVO / 2.27138,7. ELECTRICAL & INSTRUMENTATION,Sensors & Instrumentation,Pressure & Temp Switches,,Truck
NAKED WHEEL HUB REAR RVI713310,RVI713310,HUB - WHEEL - REAR - NAKED / RVI713310,"3. SUSPENSION, STEERING & AXLES",Axles & Hubs,Hub Assemblies,ERREVI,Truck
NECK FILLER 8N 8846 ALL MACHIN,8N 8846,FILLER - NECK - ALL MACHIN / 8N 8846,1. ENGINE & POWERTRAIN,Fuel & Air Induction,Fuel Tanks & Lines,Caterpillar,Earth Moving Machinery
NEEDLE BEARING VO 181632,VO 181632,BEARING - NEEDLE - VO / 181632,1. ENGINE & POWERTRAIN,Drivetrain & Transmission,Gearboxes & PTOs,DT,Truck
NEEDLE BEARING VOLVO 2.35221,2.35221,BEARING - NEEDLE - VOLVO / 2.35221,1. ENGINE & POWERTRAIN,Drivetrain & Transmission,Gearboxes & PTOs,EURO,Truck
NEGATIVE BATTERY TERMINALS,20190012,TERMINAL - BATTERY - NEGATIVE / 20190012,7. ELECTRICAL & INSTRUMENTATION,Starting & Charging,Batteries & Cables,,Universal / Fleet
NON RETURN VALVE,224715223,VALVE - NON RETURN - STANDARD / 224715223,4. BRAKES & PNEUMATICS,Brake Actuation & Control,Air Valves & Governors,,Truck
NORDEX TYRE PRIME 315/80R22.5,NDR2000,TYRE - RIM - NORDEX / NDR2000,"6. CONSUMABLES, SERVICE & WEAR",Fasteners & Hardware,Tyres & Tyre Accessories,,Truck
NORDEX TYRE PRIME 315/80R22.5,NSR1000,,"6. CONSUMABLES, SERVICE & WEAR",Fasteners & Hardware,Tyres & Tyre Accessories,,Universal Workshop
NORDEX TYRE PRIME 315/80R22.5,NDR/NCR4000,,"6. CONSUMABLES, SERVICE & WEAR",Fasteners & Hardware,Tyres & Tyre Accessories,,Universal Workshop
NORDEX TYRE PRIME 385/65R22.5,NTR3000,TYRE - PRIME - 385/65R22.5 / NORDEX,"6. CONSUMABLES, SERVICE & WEAR",Fasteners & Hardware,Tyres & Tyre Accessories,,Trailer
NOVITA 24V FLASHER UNITY EG23,3047001123,FLASHER - UNITY - 24V / NOVITA,7. ELECTRICAL & INSTRUMENTATION,Lighting & Signage,Bulbs & Lenses,,Universal / Fleet
NOVITA 24V FLASHER UNITY EG23,3047001123,FLASHER - UNITY - 24V / NOVITA,7. ELECTRICAL & INSTRUMENTATION,Lighting & Signage,Bulbs & Lenses,,Universal / Fleet
NOVITA 24V FLASHER UNITY EG23,3047001123,FLASHER - UNITY - 24V / NOVITA,7. ELECTRICAL & INSTRUMENTATION,Lighting & Signage,Bulbs & Lenses,,Universal / Fleet
NOXAL WIRE ROPE DRESSING 5R SU,1207010024,DRESSING - WIRE ROPE - 5R SU / NOXAL,"6. CONSUMABLES, SERVICE & WEAR",Oils & Lubricants,Greases & Pastes,TITAN CARGO,Universal Workshop
NUT,2.32891,NUT - STANDARD - 2.32891,"6. CONSUMABLES, SERVICE & WEAR",Fasteners & Hardware,Hardware & Brackets (Nuts/Bolts/Raw Steel),DT,Universal Workshop
NUT 7H 3608,7H 3608,NUT - STANDARD - 7H 3608,"6. CONSUMABLES, SERVICE & WEAR",Fasteners & Hardware,Hardware & Brackets (Nuts/Bolts/Raw Steel),Cat,Earth Moving Machinery
NUT SELF WASHER FINE 22X1.5 BP,445566788,NUT - SELF WASHER - 22X1.5 BP,"3. SUSPENSION, STEERING & AXLES",Axles & Hubs,Wheel Studs & Nuts,,Trailer
"NUT, M24, 10.9 2.62914",2.62914,NUT - M24 - 10.9,"6. CONSUMABLES, SERVICE & WEAR",Fasteners & Hardware,Hardware & Brackets (Nuts/Bolts/Raw Steel),DT,Universal Workshop
NUT/M22X1.5 WHEEL NUTS,XN00120,NUT - WHEEL - M22X1.5 / XN00120,"3. SUSPENSION, STEERING & AXLES",Axles & Hubs,Wheel Studs & Nuts,FRUEHAUF,Trailer
NUT/M22X1.5 WHEEL NUTS XN00120,XN001201,NUT - WHEEL - M22X1.5 / XN001201,"3. SUSPENSION, STEERING & AXLES",Axles & Hubs,Wheel Studs & Nuts,FRUEHAUF,Trailer
NUT/M22X1.5 WHEEL NUTS XN00120,XN001201,NUT - WHEEL - M22X1.5 / XN001201,"3. SUSPENSION, STEERING & AXLES",Axles & Hubs,Wheel Studs & Nuts,FRUEHAUF,Trailer
"NYLON PIPE, 12 X 1.5MM X 25M 9",9.86012,PIPE - NYLON - 12X1.5MM X 25M,4. BRAKES & PNEUMATICS,Air Lines & Fittings,Push-in Fittings & Couplers,DFT,Universal / Fleet
"NYLON PIPE, 12 X 1.5MM X 25M 9",9.86012,PIPE - NYLON - 12X1.5MM X 25M,4. BRAKES & PNEUMATICS,Air Lines & Fittings,Push-in Fittings & Couplers,DFT,Universal / Fleet
"NYLON PIPE, 6 X 1.0MM X 25M 9.",9.86006,PIPE - NYLON - 6X1.0MM X 25M,4. BRAKES & PNEUMATICS,Air Lines & Fittings,Push-in Fittings & Couplers,DT,Universal / Fleet
"NYLON PIPE, 8 X 1.0MM X 25M 9.",9.86008,PIPE - NYLON - 8X1.0MM X 25M,4. BRAKES & PNEUMATICS,Air Lines & Fittings,Push-in Fittings & Couplers,,Universal / Fleet
OIL COOLER 2.11472/20505537,2.11472/20505537,COOLER - OIL - 2.11472/20505537,1. ENGINE & POWERTRAIN,Engine Mechanicals,Oil Pumps & Filtration,DT,Truck
OIL COOLER CLEAN & RECONDITION,2600309,COOLER - OIL - CLEAN & RECONDITION,1. ENGINE & POWERTRAIN,Engine Mechanicals,Oil Pumps & Filtration,,Truck
OIL COOLER GASKET 105 8901 725,105 8901,GASKET - OIL COOLER - 105 8901,1. ENGINE & POWERTRAIN,Engine Mechanicals,Oil Pumps & Filtration,Caterpillar,Earth Moving Machinery
OIL FILER CONNECTION 2.11351 V,2.11351,CONNECTION - OIL FILLER - 2.11351 V,1. ENGINE & POWERTRAIN,Engine Mechanicals,"Blocks, Heads & Valvetrain",DT,Truck
OIL FILLER CONNECTOR PIPE LOWE,5A6E0014,PIPE - OIL FILLER CONNECTOR - LOWE,1. ENGINE & POWERTRAIN,Engine Mechanicals,"Blocks, Heads & Valvetrain",volvo,Truck
OIL FILLER CONNECTOR PIPE UPPE,2.11342,PIPE - OIL FILLER CONNECTOR - UPPE,1. ENGINE & POWERTRAIN,Engine Mechanicals,"Blocks, Heads & Valvetrain",volvo,Truck
OIL FILTER 1000424655A CHINESE,1000424655A,FILTER - OIL - 1000424655A / CHINESE,1. ENGINE & POWERTRAIN,Engine Mechanicals,Oil Pumps & Filtration,Weichai,Truck
OIL FILTER 1613 610590,1613610590,FILTER - OIL - 1613 610590,1. ENGINE & POWERTRAIN,Engine Mechanicals,Oil Pumps & Filtration,Atlas copco,Earth Moving Machinery
OIL FILTER 252518130139 TATA,252518130139,FILTER - OIL - 252518130139 / TATA,1. ENGINE & POWERTRAIN,Engine Mechanicals,Oil Pumps & Filtration,,Truck
OIL FILTER 2994057 GOTTWALD,2994057,FILTER - OIL - 2994057 / GOTTWALD,1. ENGINE & POWERTRAIN,Engine Mechanicals,Oil Pumps & Filtration,IVECO,Truck
OIL FILTER 90915YZZD2,90915YZZD2,FILTER - OIL - 90915YZZD2,1. ENGINE & POWERTRAIN,Engine Mechanicals,Oil Pumps & Filtration,TOYOTA,LDV
OIL FILTER BY-PASS 2.11036,2.11036,FILTER - OIL BY-PASS - 2.11036,1. ENGINE & POWERTRAIN,Engine Mechanicals,Oil Pumps & Filtration,DT,Truck
OIL FILTER FOR COASTER P550597,P550597,FILTER - OIL - FOR COASTER / P550597,1. ENGINE & POWERTRAIN,Engine Mechanicals,Oil Pumps & Filtration,Donaldson,Universal / Fleet
OIL FILTER FOR THE GENERATOR P,P550939,FILTER - OIL - FOR GENERATOR / P550939,1. ENGINE & POWERTRAIN,Engine Mechanicals,Oil Pumps & Filtration,Donaldson,Auxillary
OIL FILTER FOR V8 04152-38020,04152-38020,FILTER - OIL - FOR V8 / 04152-38020,1. ENGINE & POWERTRAIN,Engine Mechanicals,Oil Pumps & Filtration,TOYOTA,LDV
OIL FILTER GENERATOR P554403,P554403,FILTER - OIL - P554403 / GENERATOR,1. ENGINE & POWERTRAIN,Engine Mechanicals,Oil Pumps & Filtration,Donaldson,Auxillary
"OIL FILTER KIT, GEARBOX 2.3242",2.3242,FILTER - OIL - 2.3242 / GEARBOX,1. ENGINE & POWERTRAIN,Drivetrain & Transmission,Gearboxes & PTOs,DT,Truck
OIL FILTER MAXIMUM FOLKLIFT Z1,Z136,FILTER - OIL - Z136 / MAXIMUM FOLKLIFT,1. ENGINE & POWERTRAIN,Engine Mechanicals,Oil Pumps & Filtration,Donaldson,Auxillary
OIL FILTER P502016 HILUX FEDE/,P502016 / 90915YZZD2,FILTER - OIL - P502016 / HILUX FEDE,1. ENGINE & POWERTRAIN,Engine Mechanicals,Oil Pumps & Filtration,TOYOTA,LDV
OIL FILTER P552819,P552819,FILTER - OIL - P552819 / P552819,1. ENGINE & POWERTRAIN,Engine Mechanicals,Oil Pumps & Filtration,,Earth Moving Machinery
OIL FILTER RAV4/COROLLA JOHN D,P502024/Z212,FILTER - OIL - P502024 / RAV4/COROLLA JOHN D,1. ENGINE & POWERTRAIN,Engine Mechanicals,Oil Pumps & Filtration,DT,LDV
OIL FILTER Z226,Z226,FILTER - OIL - Z226 / Z226,1. ENGINE & POWERTRAIN,Engine Mechanicals,Oil Pumps & Filtration,GUD,Universal / Fleet
OIL FILTER Z91C MOSA GENSET,Z91C,FILTER - OIL - Z91C / MOSA GENSET,1. ENGINE & POWERTRAIN,Engine Mechanicals,Oil Pumps & Filtration,GUD,Auxillary
"OIL FILTER, LONG LIFE 2.11037",2.11037,FILTER - OIL - 2.11037 / LONG LIFE,1. ENGINE & POWERTRAIN,Engine Mechanicals,Oil Pumps & Filtration,DT,Truck
OIL GAUGE ASSY ADT 740 334 527,334 5274,GAUGE - OIL - 334 5274 / ADT 740,7. ELECTRICAL & INSTRUMENTATION,Sensors & Instrumentation,Pressure & Temp Switches,CTP,Earth Moving Machinery
OIL PAN PIPE VOLVO 21523327,21523327,PIPE - OIL PAN - 21523327 / VOLVO,1. ENGINE & POWERTRAIN,Engine Mechanicals,Oil Pumps & Filtration,Volvo,Truck
OIL PIPE 744733,744733,PIPE - OIL - 744733 / 744733,1. ENGINE & POWERTRAIN,Engine Mechanicals,Oil Pumps & Filtration,EVVERI,Truck
OIL PISTON RING 189 9771 3406,189 9771,RING - PISTON - 189 9771 / 3406,1. ENGINE & POWERTRAIN,Engine Mechanicals,"Pistons, Rings & Liners",Cat,Earth Moving Machinery
OIL PRESSURE SENSOR 161 1705,161 1705,SENSOR - OIL PRESSURE - 161 1705 / 161 1705,7. ELECTRICAL & INSTRUMENTATION,Sensors & Instrumentation,Pressure & Temp Switches,Caterpillar,Earth Moving Machinery
OIL PRESSURE SENSORS 2.12461/2,2.12461,SENSOR - OIL PRESSURE - 2.12461 / 2,7. ELECTRICAL & INSTRUMENTATION,Sensors & Instrumentation,Pressure & Temp Switches,DT,Truck
OIL PRESSURE SWITCH 330004 FIA,330004,SWITCH - OIL PRESSURE - 330004 / FIA,7. ELECTRICAL & INSTRUMENTATION,Sensors & Instrumentation,Pressure & Temp Switches,IVECO,Truck
OIL PUMP 4132F071,4132F071,PUMP - OIL - 4132F071 / 4132F071,1. ENGINE & POWERTRAIN,Engine Mechanicals,Oil Pumps & Filtration,Perkins,Auxillary
OIL PUMP F3/4L912 DEUTZ 423414,4234145KS,PUMP - OIL - 4234145KS / DEUTZ F3/4L912,1. ENGINE & POWERTRAIN,Engine Mechanicals,Oil Pumps & Filtration,DEUTZ,Earth Moving Machinery
OIL PUMP GP 189 8777,189 8777,PUMP - OIL - 189 8777 / GP,1. ENGINE & POWERTRAIN,Engine Mechanicals,Oil Pumps & Filtration,,Earth Moving Machinery
OIL PUMP GP 189 8777,189 8777,PUMP - OIL - 189 8777 / GP,1. ENGINE & POWERTRAIN,Engine Mechanicals,Oil Pumps & Filtration,,Earth Moving Machinery
OIL PUMP GP 189 8777/496 4800,189 8777,PUMP - OIL - 189 8777 / GP,1. ENGINE & POWERTRAIN,Engine Mechanicals,Oil Pumps & Filtration,,Earth Moving Machinery
OIL PUMP GP 189 8777/496 4800,189 8777,PUMP - OIL - 189 8777 / GP,1. ENGINE & POWERTRAIN,Engine Mechanicals,Oil Pumps & Filtration,,Earth Moving Machinery
OIL PUMP VOLVO 2.11121/OMP5670,2.11121,PUMP - OIL - 2.11121 / VOLVO,1. ENGINE & POWERTRAIN,Engine Mechanicals,Oil Pumps & Filtration,,Truck
OIL SAMPLE BOTTLES,1207016011,BOTTLES - OIL SAMPLE - 1207016011 / OIL SAMPLE,"6. CONSUMABLES, SERVICE & WEAR",Fasteners & Hardware,Workshop Consumables,We,Universal Workshop
OIL SEAL 2.10795,2.10795,SEAL - OIL - 2.10795 / 2.10795,1. ENGINE & POWERTRAIN,Engine Mechanicals,Engine Seals & Gaskets,DT,Truck
OIL SEAL 2.32216,2.32216,SEAL - OIL - 2.32216 / 2.32216,"3. SUSPENSION, STEERING & AXLES",Axles & Hubs,Wheel Bearings & Seals,DT,Truck
OIL SEAL 90312-T0001 HILUX,90312-T0001,SEAL - OIL - 90312-T0001 / HILUX,"3. SUSPENSION, STEERING & AXLES",Axles & Hubs,Wheel Bearings & Seals,TOYOTA,LDV
OIL SEAL MCDA013997144764,MCDA013997144764,SEAL - OIL - MCDA013997144764 / MCDA013997144764,1. ENGINE & POWERTRAIN,Engine Mechanicals,Engine Seals & Gaskets,MERCEDES-BENZ,Truck
"OIL SEAL, 90 X 151 X11/17 REAR",2.32207,SEAL - OIL - 2.32207 / 90 X 151 X11/17 REAR,"3. SUSPENSION, STEERING & AXLES",Axles & Hubs,Wheel Bearings & Seals,Corteco,Truck
"OIL SEAL, DIFF OUTPUT FLANGE",2.35037,SEAL - OIL - 2.35037 / DIFF OUTPUT FLANGE,"3. SUSPENSION, STEERING & AXLES",Axles & Hubs,Wheel Bearings & Seals,DT,Truck
"OIL SEAL,94,0X145X10,0MM 2.322",2.32217,"SEAL - OIL - 2.32217 / 94,0X145X10,0MM","3. SUSPENSION, STEERING & AXLES",Axles & Hubs,Wheel Bearings & Seals,Volvo,Truck
"OIL SUMP GASKET, D13A VOLVO 2.",2.11442,GASKET - OIL SUMP - 2.11442 / D13A VOLVO,1. ENGINE & POWERTRAIN,Engine Mechanicals,Engine Seals & Gaskets,DT,Truck
OIL SUMP REPAIR V4 VOLVO 21496,21496277,KIT - GASKET - VOLVO / 21496277,1. ENGINE & POWERTRAIN,Engine Mechanicals,Engine Seals & Gaskets,volvo,Truck
ORANGE SOLIDE PAINT,1647020452,PAINT - SOLID - ORANGE / 1647020452,"6. CONSUMABLES, SERVICE & WEAR",Paints & Chemicals,Bulk Paint & Thinners,,Universal Workshop
O-RING 2.10226,2.10226,O-RING - STANDARD - 2.10226,1. ENGINE & POWERTRAIN,Engine Mechanicals,Engine Seals & Gaskets,DT,Truck
O-RING 471538 M22,471538,O-RING - M22 - 471538,4. BRAKES & PNEUMATICS,Air Lines & Fittings,Push-in Fittings & Couplers,,Universal / Fleet
O-RING KIT 270 1528 ALL MACHIN,270 1528,O-RING KIT - ALL MACHIN - 270 1528,"6. CONSUMABLES, SERVICE & WEAR",Fasteners & Hardware,Hardware & Brackets (Nuts/Bolts/Raw Steel),CAT,Earth Moving Machinery
OTR 100MM TUBELESS VALVE STERM,90807105,VALVE - TUBELESS - OTR / 90807105,"6. CONSUMABLES, SERVICE & WEAR",Fasteners & Hardware,Tyres & Tyre Accessories,,Universal Workshop
OTR CAP VALVES SHR-1450,SHR-1450,VALVE - CAP - OTR / SHR-1450,"6. CONSUMABLES, SERVICE & WEAR",Fasteners & Hardware,Workshop Consumables,,Universal Workshop
"OUT OF FRAME SET, 3126B 950/9",312 6012A,SET - FRAME - OUT OF / 312 6012A,1. ENGINE & POWERTRAIN,Engine Mechanicals,Engine Seals & Gaskets,CTP,Earth Moving Machinery
OUTER AIRCON FILTER V4 2.76115,2.76115,FILTER - AIR CONDITIONING - OUTER / 2.76115,"2. CABIN, BODY & CHASSIS",HVAC & Cabin Comfort,Cab Trim & Interior Accessories,DT,Truck
OUTER DOOR HANDLE ASSY LH TATA,265472300124,HANDLE - DOOR - OUTER LH - TATA / 265472300124,"2. CABIN, BODY & CHASSIS","Body, Glass & Mirrors","Panels, Doors & Mounts",,Truck
OUTER DOOR HANDLE ASSY RH TATA,265472300125,HANDLE - DOOR - OUTER RH - TATA / 265472300125,"2. CABIN, BODY & CHASSIS","Body, Glass & Mirrors","Panels, Doors & Mounts",,Truck
OUTER DOOR HANDLE RH LAND CRUI,ODH-LC-RH,HANDLE - DOOR - OUTER RH - LAND CRUISER / ODH-LC-RH,"2. CABIN, BODY & CHASSIS","Body, Glass & Mirrors","Panels, Doors & Mounts",,LDV
OUTER O-RING 199 0700,199 0700,O-RING - OUTER - / 199 0700,1. ENGINE & POWERTRAIN,Engine Mechanicals,Engine Seals & Gaskets,Cat,Earth Moving Machinery
"OUTER RING, SPRING SADDLE 2.62",2.62072,RING - OUTER - SPRING SADDLE / 2.62072,"3. SUSPENSION, STEERING & AXLES",Suspension Systems,Hardware & Brackets,DT,Truck
OUTLINE MARKER LAMP TATA,400119,LAMP - MARKER - OUTLINE - TATA / 400119,7. ELECTRICAL & INSTRUMENTATION,Lighting & Signage,Lighting Housings & Assemblies,,Truck
OUTTRIGER CYLINDER SEAL KIT T8,T8149676,KIT - SEAL - OUTTRIGGER CYLINDER - T8 / T8149676,5. HYDRAULICS,Cylinders & Rams,Hydraulic Seal Kits,,Earth Moving Machinery
"OVERFLOW VALVE, M14X1.5 2.1247",2.12473,VALVE - OVERFLOW - M14X1.5 / 2.12473,4. BRAKES & PNEUMATICS,Brake Actuation & Control,Air Valves & Governors,,Truck
"OVERFLOW VALVE, M16 X 1.5 2.12",2.1237,VALVE - OVERFLOW - M16X1.5 / 2.1237,4. BRAKES & PNEUMATICS,Brake Actuation & Control,Air Valves & Governors,KTK,Truck
"OVERFLOW VALVE, M16X1.5 2.1237",2.12371,VALVE - OVERFLOW - M16X1.5 / 2.12371,4. BRAKES & PNEUMATICS,Brake Actuation & Control,Air Valves & Governors,DT,Truck
OVERHAUL GASKET KIT 2.91972,2.91972,KIT - GASKET - OVERHAUL / 2.91972,1. ENGINE & POWERTRAIN,Engine Mechanicals,Engine Seals & Gaskets,DT,Truck
OVERHAUL GASKET KIT 776.778 YE,776.778,KIT - GASKET - OVERHAUL / 776.778,1. ENGINE & POWERTRAIN,Engine Mechanicals,Engine Seals & Gaskets,,Truck
OVERHAUL GASKET KIT DECARBONIZ,MEG5105452/ 2.91960,KIT - GASKET - OVERHAUL - DECARBONIZE / MEG5105452/ 2.91960,1. ENGINE & POWERTRAIN,Engine Mechanicals,Engine Seals & Gaskets,DT,Truck
P.O RED PAINT 2K 1LTR,1647210353,PAINT - 2K - RED / 1647210353,"6. CONSUMABLES, SERVICE & WEAR",Paints & Chemicals,Bulk Paint & Thinners,LUXOR,Universal Workshop
P/SEAL 19X32MM LOCATELLI CRANE,937570026,SEAL - P - LOCATELLI CRANE / 937570026,5. HYDRAULICS,Cylinders & Rams,Hydraulic Seal Kits,,Earth Moving Machinery
P04-K03 IDLER SUB-ASSY FOR TOY,13505 67042,SUB-ASSEMBLY - IDLER - P04-K03 - TOY / 13505 67042,1. ENGINE & POWERTRAIN,Cooling System,Belts & Tensioners,SNG,LDV
P180 SAND PAPER,1647261027,PAPER - SAND - P180 / 1647261027,"6. CONSUMABLES, SERVICE & WEAR",Fasteners & Hardware,Workshop Consumables,Indasa,Universal Workshop
P180 SANDING DISC,20190040,DISC - SANDING - P180 / 20190040,"6. CONSUMABLES, SERVICE & WEAR",Fasteners & Hardware,Workshop Consumables,,Universal Workshop
P180 SANDING DISC,1647261031,,"6. CONSUMABLES, SERVICE & WEAR",Fasteners & Hardware,Workshop Consumables,,Universal Workshop
P320 SAND PAPER,P320,PAPER - SAND - P320 / P320,"6. CONSUMABLES, SERVICE & WEAR",Fasteners & Hardware,Workshop Consumables,Indasa,Universal Workshop
P360 SAND PAPER,P360,PAPER - SAND - P360 / P360,"6. CONSUMABLES, SERVICE & WEAR",Fasteners & Hardware,Workshop Consumables,,Universal Workshop
PAD 203 9487,203 9487,PAD - 203 - / 203 9487,5. HYDRAULICS,Ground Engaging Tools (GET),Hardware & Mounts,Cat,Earth Moving Machinery
PAD 218 3076,218 3076,PAD - 218 - / 218 3076,5. HYDRAULICS,Ground Engaging Tools (GET),Hardware & Mounts,Ctp,Earth Moving Machinery
PAD ASSY 216 0072,216 0072,ASSY - PAD - 216 - / 216 0072,5. HYDRAULICS,Ground Engaging Tools (GET),Hardware & Mounts,Cat,Earth Moving Machinery
PAD ASSY 220 3279,220 3279,ASSY - PAD - 220 - / 220 3279,5. HYDRAULICS,Ground Engaging Tools (GET),Hardware & Mounts,Cat,Earth Moving Machinery
PAD ASSY 233 2154,233 2154,PAD - ASSY - 233 2154,5. HYDRAULICS,Ground Engaging Tools (GET),Hardware & Mounts,Cat,Earth Moving Machinery
PE REAR AXLE VOLVO BEARING KIT,94148135,KIT - BEARING - VOLVO / 94148135,"3. SUSPENSION, STEERING & AXLES",Axles & Hubs,Wheel Bearings & Seals,PE,Truck
PEARE,071,UNKNOWN - UNKNOWN - 071,"6. CONSUMABLES, SERVICE & WEAR",Fasteners & Hardware,Workshop Consumables,,Universal Workshop
"PEDAL ACCELERATOR PEDAL, I-SHI",2.16143,PEDAL - ACCELERATOR - I-SHI / 2.16143,7. ELECTRICAL & INSTRUMENTATION,Sensors & Instrumentation,Wiring Harnesses & Relays,DT,Truck
PEDAL. 306 7582,306 7582,PEDAL - ACCELERATOR - 306 7582,7. ELECTRICAL & INSTRUMENTATION,Sensors & Instrumentation,Wiring Harnesses & Relays,Caterpillar,Earth Moving Machinery
PERKINS ENGINE BLOCK RESLEEVE,87089994,BLOCK - ENGINE - PERKINS / 87089994,1. ENGINE & POWERTRAIN,Engine Mechanicals,"Blocks, Heads & Valvetrain",Perkins,Auxillary
PERKINS FRONT TIMING COVER SEA,2418F437A,COVER - TIMING - PERKINS / 2418F437A,1. ENGINE & POWERTRAIN,Engine Mechanicals,Engine Seals & Gaskets,Perkins,Auxillary
PIN 118 8271,118 8271,PIN - UNKNOWN - 118 8271,5. HYDRAULICS,Ground Engaging Tools (GET),Loader Pins & Bushes,Cgr chinassi,Earth Moving Machinery
PIN ASSY 138 6674,138 6674,PIN - ASSY - 138 6674,5. HYDRAULICS,Ground Engaging Tools (GET),Loader Pins & Bushes,Caterpillar,Earth Moving Machinery
PIN ASSY 203 8884,203 8884,PIN - ASSY - 203 8884,5. HYDRAULICS,Ground Engaging Tools (GET),Loader Pins & Bushes,Cat,Earth Moving Machinery
PIN ASSY 209 3113,209 3113,PIN - ASSY - 209 3113,5. HYDRAULICS,Ground Engaging Tools (GET),Loader Pins & Bushes,Cat,Earth Moving Machinery
PIN ASSY 950GII 5V 1511,5V 1511,PIN - ASSY - 5V 1511,5. HYDRAULICS,Ground Engaging Tools (GET),Loader Pins & Bushes,Caterpillar,Earth Moving Machinery
PIN HOIST 150 6553,150 6553,PIN - HOIST - 150 6553,5. HYDRAULICS,Ground Engaging Tools (GET),Loader Pins & Bushes,Cat,Earth Moving Machinery
PIN LINKAGE 206 7689,206 7689,PIN - LINKAGE - 206 7689,5. HYDRAULICS,Ground Engaging Tools (GET),Loader Pins & Bushes,Cat,Earth Moving Machinery
PIN RETURN SPRING 605066 XP013,XP013201,PIN - RETURN SPRING - XP013201,4. BRAKES & PNEUMATICS,Foundation Brakes,"Brake Shoes, Pads & Linings",,Trailer
PIN TAPPED 174 5578 740ADT,174 5578,PIN - TAPPED - 174 5578,5. HYDRAULICS,Ground Engaging Tools (GET),Loader Pins & Bushes,,Earth Moving Machinery
"PIN, SPRING 095 0891",095 0891,PIN - SPRING - 095 0891,"6. CONSUMABLES, SERVICE & WEAR",Fasteners & Hardware,Hardware & Brackets (Nuts/Bolts/Raw Steel),Caterpillar,Earth Moving Machinery
PISTION RING KIT 08.178207.10,08.178207.10,KIT - PISTON RING - 08.178207.10,1. ENGINE & POWERTRAIN,Engine Mechanicals,"Pistons, Rings & Liners",,Earth Moving Machinery
PISTON RING 197 9277 962,197 9277,RING - PISTON - 197 9277,1. ENGINE & POWERTRAIN,Engine Mechanicals,"Pistons, Rings & Liners",,Earth Moving Machinery
PISTON RING KIT 50MM 4115P012,4115P012,KIT - PISTON RING - 50MM 4115P012,1. ENGINE & POWERTRAIN,Engine Mechanicals,"Pistons, Rings & Liners",Perkins,Auxillary
"PISTON RING SET VOLVO 131,000",800075710000,SET - PISTON RING - VOLVO / 800075710000,1. ENGINE & POWERTRAIN,Engine Mechanicals,"Pistons, Rings & Liners",KOLBEN,Truck
PISTON ROD 88530830 3/4 2.3239,88530830,ROD - PISTON - 88530830,1. ENGINE & POWERTRAIN,Drivetrain & Transmission,Gearboxes & PTOs,DT,Truck
PISTON ROD GEARBOX SWITCH 2.3,2.32394,ROD - PISTON - GEARBOX SWITCH 2.3 / 2.32394,1. ENGINE & POWERTRAIN,Drivetrain & Transmission,Gearboxes & PTOs,DT,Truck
PISTON ROD GEARBOX SWITCH 2.32,2.3239,ROD - PISTON - GEARBOX SWITCH 2.32 / 2.3239,1. ENGINE & POWERTRAIN,Drivetrain & Transmission,Gearboxes & PTOs,DT,Truck
PLANETARY GEAR Z-17 LOCATELLI,937570024,GEAR - PLANETARY - LOCATELLI / 937570024,5. HYDRAULICS,Heavy Plant Mechanisms,Slewing Rings & Gearboxes,,Earth Moving Machinery
PLATE 9T 1633,9T 1633,PLATE - UNKNOWN - 9T 1633,1. ENGINE & POWERTRAIN,Drivetrain & Transmission,Clutches & Flywheels,Cat,Earth Moving Machinery
PLATE CLUTCH 8E 9846,8E 9846,PLATE - CLUTCH - 8E 9846,1. ENGINE & POWERTRAIN,Drivetrain & Transmission,Clutches & Flywheels,FMC,Earth Moving Machinery
"PLATE, CLUTCH 134 8361",134 8361,PLATE - CLUTCH - 134 8361,1. ENGINE & POWERTRAIN,Drivetrain & Transmission,Clutches & Flywheels,Caterpillar,Earth Moving Machinery
"PLUG IN RELAY HARMONY RELAY, R",RHK412B,RELAY - PLUG IN - HARMONY / RHK412B,7. ELECTRICAL & INSTRUMENTATION,Sensors & Instrumentation,Wiring Harnesses & Relays,,Universal Workshop
"PLUNGER KIT, I-SHIFT T-ECU (4P",UT-VH-2713,KIT - PLUNGER - I-SHIFT T-ECU / UT-VH-2713,1. ENGINE & POWERTRAIN,Drivetrain & Transmission,Gearboxes & PTOs,tecu,Truck
"PLUNGER KIT, I-SHIFT T-ECU (5P",UT-VH-2714,KIT - PLUNGER - UT-VH-2714,1. ENGINE & POWERTRAIN,Drivetrain & Transmission,Gearboxes & PTOs,tecu,Truck
POP RIVERTS FLANGED 4.8X20,4820,RIVET - POP - 4820,"6. CONSUMABLES, SERVICE & WEAR",Fasteners & Hardware,Hardware & Brackets (Nuts/Bolts/Raw Steel),,Universal Workshop
POSITIVE BATTERY TERMINAL,20190014,TERMINAL - BATTERY - 20190014,7. ELECTRICAL & INSTRUMENTATION,Starting & Charging,Batteries & Cables,,Universal / Fleet
POWER STEERING PUMP 44310-0K04,44310-0K040,PUMP - STEERING - 44310-0K040,"3. SUSPENSION, STEERING & AXLES",Steering Components,Power Steering Pumps & Reservoirs,TOYOTA,LDV
PPM CRANE CURTAIN,CTPPM,CURTAIN - CRANE - CTPPM,"2. CABIN, BODY & CHASSIS",HVAC & Cabin Comfort,Cab Trim & Interior Accessories,,Earth Moving Machinery
PRE CLEANER TOPSPIN H002438,H002438,FILTER - AIR - H002438,5. HYDRAULICS,Ground Engaging Tools (GET),Loader Pins & Bushes,Donaldson,Earth Moving Machinery
PRE CLEANER TOPSPIN H002439,H002439,FILTER - AIR - H002439,5. HYDRAULICS,Ground Engaging Tools (GET),Loader Pins & Bushes,Donaldson,Earth Moving Machinery
PRE-SHIFT OPERATORS BOOK,BOOK1,BOOK - OPERATORS - BOOK1,"6. CONSUMABLES, SERVICE & WEAR",Fasteners & Hardware,Workshop Consumables,,Universal / Fleet
"PRESSURE LIMITING VALVE, PRESS",20382312,VALVE - PRESSURE LIMITING - 20382312,4. BRAKES & PNEUMATICS,Brake Actuation & Control,Air Valves & Governors,WABCO,Truck
PRESSURE PLATE 135004J25/C BEN,135004J25/C,PLATE - PRESSURE - 135004J25/C,1. ENGINE & POWERTRAIN,Drivetrain & Transmission,Clutches & Flywheels,MERCEDEZ BENZ,Truck
PRIMARY AIR ELEMENT- GRADER 24,245 6375,ELEMENT - AIR - 245 6375,1. ENGINE & POWERTRAIN,Fuel & Air Induction,Air Filtration,Caterpillar,Earth Moving Machinery
PRIMARY AIR FILTER DBA 5216 96,DBA5216,FILTER - AIR - DBA5216,1. ENGINE & POWERTRAIN,Fuel & Air Induction,Air Filtration,Donaldson,Earth Moving Machinery
PRIMARY AIR FILTER FOR D6R DBA,DBA5217,FILTER - AIR - DBA5217,1. ENGINE & POWERTRAIN,Fuel & Air Induction,Air Filtration,Donaldson,Earth Moving Machinery
PRIMARY AIR FILTER P780522 TH4,P780522,FILTER - AIR - P780522,1. ENGINE & POWERTRAIN,Fuel & Air Induction,Air Filtration,Donaldson,Earth Moving Machinery
PRIMARY AIR FILTER P785589,P785589,FILTER - AIR - P785589,1. ENGINE & POWERTRAIN,Fuel & Air Induction,Air Filtration,,Earth Moving Machinery
PRIMARY AIR FILTER SMALL ADT 7,DBA5221,FILTER - AIR - DBA5221,1. ENGINE & POWERTRAIN,Fuel & Air Induction,Air Filtration,Donaldson,Earth Moving Machinery
PRIME BOND SET,20190033,SET - BOND - 20190033,"6. CONSUMABLES, SERVICE & WEAR",Paints & Chemicals,Fluids & Aerosols (Cleaners/Sealants),,Universal Workshop
PRIMER PUMP 4.61250 VOLVO,4.6125,PUMP - PRIMER - VOLVO / 4.6125,1. ENGINE & POWERTRAIN,Fuel & Air Induction,Fuel Pumps & Injectors,DT,Truck
"PROP SHAFT NUT, M14 2.34118",2.34118,NUT - SHAFT - 2.34118,1. ENGINE & POWERTRAIN,Drivetrain & Transmission,Driveshafts & U-Joints,DT,Truck
PROP-SHAFT DFT UNIVERSAL CROSS,81391266020,CROSS - UNIVERSAL - 81391266020,1. ENGINE & POWERTRAIN,Drivetrain & Transmission,Driveshafts & U-Joints,DFT,Truck
PROP-SHAFT UNIVERSAL CROSS JO,UJ68745,CROSS - UNIVERSAL - UJ68745,1. ENGINE & POWERTRAIN,Drivetrain & Transmission,Driveshafts & U-Joints,Spicer,Truck
PROP-SHAFT UNIVERSAL CROSS JOI,UJ68760I,CROSS - UNIVERSAL - UJ68760I,1. ENGINE & POWERTRAIN,Drivetrain & Transmission,Driveshafts & U-Joints,cardan,Truck
"PROSHFT BOLT & NUT, M14 X 47 K",2.9345,BOLT - SHAFT - 2.9345,1. ENGINE & POWERTRAIN,Drivetrain & Transmission,Driveshafts & U-Joints,DT,Truck
PT04-K01 TIMING BELT FOR TOYOT,13568 39016,BELT - TIMING - TOYOT / 13568 39016,1. ENGINE & POWERTRAIN,Engine Mechanicals,"Blocks, Heads & Valvetrain",TOYOTA,LDV
PULL ROPE 3128 0784 11,3128 0784 11,ROPE - PULL - 3128 0784 11,"6. CONSUMABLES, SERVICE & WEAR",Fasteners & Hardware,Workshop Consumables,Epiroc,Earth Moving Machinery
PULLEY 133 7023,133 7023,PULLEY - - 133 7023,1. ENGINE & POWERTRAIN,Cooling System,Belts & Tensioners,,Truck
PULLEY BOOM 208 0709,208 0709,PULLEY - BOOM - 208 0709,5. HYDRAULICS,Heavy Plant Mechanisms,Winches & Rigging,Cat,Earth Moving Machinery
"PULLEY, COMPLETE WITH BRACKET",2.15452,PULLEY - COMPLETE - 2.15452,1. ENGINE & POWERTRAIN,Cooling System,Belts & Tensioners,DT,Truck
PUMP 223 1612,223 1612,PUMP - - 223 1612,5. HYDRAULICS,Hydraulic Pumps & Motors,Gear & Piston Pumps,Cat,Earth Moving Machinery
PUMP GP METERING 160 9727 740,160 9727,PUMP - METERING - 160 9727,"3. SUSPENSION, STEERING & AXLES",Steering Components,Power Steering Pumps & Reservoirs,Cat,Earth Moving Machinery
"PUMP, TRANSMISSION 117 1653",117 1653,PUMP - TRANSMISSION - 117 1653,1. ENGINE & POWERTRAIN,Drivetrain & Transmission,Gearboxes & PTOs,Cat,Earth Moving Machinery
"PUSH BOTTON, SWITCH ASSEMBLY 1",132 7419,SWITCH - PUSH BUTTON - 132 7419,7. ELECTRICAL & INSTRUMENTATION,Sensors & Instrumentation,Wiring Harnesses & Relays,Caterpillar,Universal / Fleet
PUSH BUTTON SWITCH,20190021,SWITCH - PUSH BUTTON - 20190021,7. ELECTRICAL & INSTRUMENTATION,Sensors & Instrumentation,Wiring Harnesses & Relays,,Universal / Fleet
"PUSH IN CONNECTOR 8MM, 1.11750",1.1175,CONNECTOR - PUSH IN - 1.1175,4. BRAKES & PNEUMATICS,Air Lines & Fittings,Push-in Fittings & Couplers,,Universal / Fleet
PVC INSULATION TAPE,8367297182,TAPE - PVC INSULATION - 8367297182,"6. CONSUMABLES, SERVICE & WEAR",Paints & Chemicals,Workshop Consumables,,Universal Workshop
PVC SLEEVING 8MM,SLP008,SLEEVING - PVC - SLP008,"6. CONSUMABLES, SERVICE & WEAR",Paints & Chemicals,Workshop Consumables,,Universal Workshop
QUICK DISCONNECT FITTING 103 6,103 6100,FITTING - QUICK DISCONNECT - 103 6100,5. HYDRAULICS,Cylinders & Rams,High-Pressure Hoses & Fittings,CAT,Earth Moving Machinery
QUICK RELEASE VALVE 2.44093/WA,2.44093,VALVE - QUICK RELEASE - 2.44093,4. BRAKES & PNEUMATICS,Brake Actuation & Control,Air Valves & Governors,,Trailer
RA001 RADIUS PIN SLITLY LONGER,XP009402AT,PIN - RADIUS - XP009402AT,"3. SUSPENSION, STEERING & AXLES",Suspension Systems,Hardware & Brackets,,Trailer
RA001 RADIUS PIN SLITLY LONGER,XP009402AT,PIN - RADIUS - XP009402AT,"3. SUSPENSION, STEERING & AXLES",Suspension Systems,Hardware & Brackets,,Trailer
RACE 1T 0762,1T 0762,RACE - 1T - 1T 0762,"3. SUSPENSION, STEERING & AXLES",Axles & Hubs,Wheel Bearings & Seals,Caterpillar,Earth Moving Machinery
RACE 5P 3488,5P 3488,RACE - 5P - 5P 3488,"3. SUSPENSION, STEERING & AXLES",Axles & Hubs,Wheel Bearings & Seals,Caterpillar,Earth Moving Machinery
RACE 5P 3489,5P 3489,RACE - 5P - 5P 3489,"3. SUSPENSION, STEERING & AXLES",Axles & Hubs,Wheel Bearings & Seals,Caterpillar,Earth Moving Machinery
RACE 7M 1419,7M 1419,RACE - 7M - 7M 1419,"3. SUSPENSION, STEERING & AXLES",Axles & Hubs,Wheel Bearings & Seals,NTN,Earth Moving Machinery
RADIAL SEAL RING MCDA016997064,MCDA0169970646,SEAL RING - RADIAL - MCDA0169970646,1. ENGINE & POWERTRAIN,Engine Mechanicals,Engine Seals & Gaskets,MERCEDES-BENZ,Truck
RADIATOR CAP CAT 6L 8617,6L 8617,CAP - RADIATOR - CAT 6L 8617,1. ENGINE & POWERTRAIN,Cooling System,Radiators & Coolers,Caterpillar,Earth Moving Machinery
RADIATOR COOLANT LL50 FRICOFIN,1206015050,FLUID - RADIATOR COOLANT - 1206015050,"6. CONSUMABLES, SERVICE & WEAR",Oils & Lubricants,Coolants & Antifreeze,TITAN CARGO,Universal Workshop
RADIATOR HOSE 2.15172,2.15172,HOSE - RADIATOR - 2.15172,1. ENGINE & POWERTRAIN,Cooling System,Radiators & Coolers,DT,Truck
RADIATOR SPACER 6I 2435,6I 2435,SPACER - RADIATOR - 6I 2435,1. ENGINE & POWERTRAIN,Cooling System,Radiators & Coolers,Cat,Earth Moving Machinery
RADIATOR UPPER HOSE 2.15126,2.15126,HOSE - RADIATOR UPPER - 2.15126,1. ENGINE & POWERTRAIN,Cooling System,Radiators & Coolers,DFT,Truck
"RADIATOR, 900 X 730 X52MM RIGI",2.15399,RADIATOR - RIGI - 2.15399,1. ENGINE & POWERTRAIN,Cooling System,Radiators & Coolers,DT,Truck
"RADIATOR, 900 X 860 X 48MM V3",2.11055,RADIATOR - V3 - 2.11055,1. ENGINE & POWERTRAIN,Cooling System,Radiators & Coolers,volvo,Truck
"RADIATOR, FH V4 2.15495/ 22062",2.15495,RADIATOR - FH V4 - 2.15495,1. ENGINE & POWERTRAIN,Cooling System,Radiators & Coolers,volvo,Truck
RADIUS PIN SLITLY LONGER,XP009402AT,PIN - RADIUS - XP009402AT,"3. SUSPENSION, STEERING & AXLES",Suspension Systems,Hardware & Brackets,,Trailer
RADIUS PIN SLITLY LONGER,XP009402AT,PIN - RADIUS - XP009402AT,"3. SUSPENSION, STEERING & AXLES",Suspension Systems,Hardware & Brackets,,Trailer
RADIUS PINS XP009401AT,XP009401AT,PIN - RADIUS - XP009401AT,"3. SUSPENSION, STEERING & AXLES",Suspension Systems,Hardware & Brackets,,Trailer
REAR ABS SENSOR 6PU230052-571,6PU230052-571,SENSOR - ABS - 6PU230052-571,7. ELECTRICAL & INSTRUMENTATION,Sensors & Instrumentation,Wiring Harnesses & Relays,HELLA,Truck
REAR BRAKE LINING KIT-200MM 2.,2.94056,KIT - BRAKE LINING - 2.94056,4. BRAKES & PNEUMATICS,Foundation Brakes,"Brake Shoes, Pads & Linings",EMMERRE,Truck
REAR CRANKSHAFT OIL SEAL FOR V,2.10069,SEAL - OIL - 2.10069,1. ENGINE & POWERTRAIN,Engine Mechanicals,Engine Seals & Gaskets,DT,Truck
REAR DIFF SHOCK ABSORBER VOLV,SAB8901172,ABSORBER - SHOCK - VOLV / SAB8901172,"3. SUSPENSION, STEERING & AXLES",Suspension Systems,Shock Absorbers & Bushes,DT,Truck
REAR ENGINE MOUNT M20X2.5 10.9,210394,MOUNT - ENGINE - 210394,1. ENGINE & POWERTRAIN,Engine Mechanicals,Engine Mounts & Dampers,volvo,Truck
REAR HUB BEARING KIT DT 2.9620,2.96207,KIT - HUB BEARING - 2.96207,"3. SUSPENSION, STEERING & AXLES",Axles & Hubs,Wheel Bearings & Seals,DT,Truck
REAR HUB BEARING KIT DT 2.9620,2.96207,KIT - HUB BEARING - 2.96207,"3. SUSPENSION, STEERING & AXLES",Axles & Hubs,Wheel Bearings & Seals,DT,Truck
REAR HUB BEARING KIT DT 2.9620,2.96207,KIT - HUB BEARING - 2.96207,"3. SUSPENSION, STEERING & AXLES",Axles & Hubs,Wheel Bearings & Seals,DT,Truck
REAR OIL SEAL 2418F704,2418F704,SEAL - OIL - 2418F704,1. ENGINE & POWERTRAIN,Engine Mechanicals,Engine Seals & Gaskets,Perkins,Auxillary
REAR SHOCKS ABSORBER FOR TOYOT,445065,ABSORBER - SHOCK - 445065,"3. SUSPENSION, STEERING & AXLES",Suspension Systems,Shock Absorbers & Bushes,SHIED,LDV
REAR WHEEL BEARING 94MM 566425,566425.H195,BEARING - WHEEL - 566425.H195,"3. SUSPENSION, STEERING & AXLES",Axles & Hubs,Wheel Bearings & Seals,,Truck
RECHROME & POLISH OUTRIGGER RO,AES05587,OUTRIGGER - RECHROME & POLISH - AES05587,"6. CONSUMABLES, SERVICE & WEAR",Fasteners & Hardware,Workshop Consumables,,Earth Moving Machinery
RECON CYLINDER HEAD GP 10R 888,10R 8886,HEAD - CYLINDER - 10R 8886,1. ENGINE & POWERTRAIN,Engine Mechanicals,"Blocks, Heads & Valvetrain",Cat,Earth Moving Machinery
RECON TOP COVER D13A,22468906,COVER - TOP - 22468906,1. ENGINE & POWERTRAIN,Drivetrain & Transmission,Gearboxes & PTOs,,Truck
RECONDITIONED BENZ INJECTOR PU,V12,INJECTOR - BENZ - V12,1. ENGINE & POWERTRAIN,Fuel & Air Induction,Fuel Pumps & Injectors,MERCEDES-BENZ,Truck
RECONDITIONING OF TENT,TENT02,TENT - RECONDITIONING - TENT02,"6. CONSUMABLES, SERVICE & WEAR",Fasteners & Hardware,Workshop Consumables,PVC,Trailer
RECTANGULAR SEAL 8R 9207,8R 9207,SEAL - RECTANGULAR - 8R 9207,1. ENGINE & POWERTRAIN,Engine Mechanicals,Engine Seals & Gaskets,CTP,Earth Moving Machinery
RED HEAVY DUTY BATTERY CABLE,8367297168,CABLE - BATTERY - 8367297168,7. ELECTRICAL & INSTRUMENTATION,Starting & Charging,Batteries & Cables,,Universal / Fleet
RED OXIDE 2K 1LTR,164713202,PAINT - RED OXIDE - 164713202,"6. CONSUMABLES, SERVICE & WEAR",Paints & Chemicals,Bulk Paint & Thinners,LUXOR,Universal Workshop
REGULATOR ALTERNATOR 2.21009,2.21009,REGULATOR - ALTERNATOR - 2.21009,7. ELECTRICAL & INSTRUMENTATION,Starting & Charging,Alternators & Components,DT,Truck
RELAY 5 PIN 12V,12V,RELAY - 5 PIN - 12V,7. ELECTRICAL & INSTRUMENTATION,Sensors & Instrumentation,Wiring Harnesses & Relays,Bosch,Universal / Fleet
RELAY VALVE RE6,28001/406281672B/RL3527AB,VALVE - RELAY - 28001/406281672B/RL3527AB,4. BRAKES & PNEUMATICS,Brake Actuation & Control,Air Valves & Governors,TKL,Trailer
RELAY VALVE SQUARE M22 R6,RL 3518EA,VALVE - RELAY - RL 3518EA,4. BRAKES & PNEUMATICS,Brake Actuation & Control,Air Valves & Governors,DT,Trailer
RELEASE BEARING 31230-71011,31230-71011,BEARING - RELEASE - 31230-71011,1. ENGINE & POWERTRAIN,Drivetrain & Transmission,Clutches & Flywheels,TOYOTA,LDV
"RELEASE BEARING, CONACT I-SHIF",2.30364,BEARING - RELEASE - 2.30364,1. ENGINE & POWERTRAIN,Drivetrain & Transmission,Clutches & Flywheels,DT,Truck
RELEASE VALVE 6038202043,6038202043,VALVE - RELEASE - 6038202043,1. ENGINE & POWERTRAIN,Drivetrain & Transmission,Gearboxes & PTOs,ZF,Truck
RENISO TRITON SEZ32 LTRS CAN,1213060033,FLUID - RENISO TRITON SEZ32 - 1213060033,"6. CONSUMABLES, SERVICE & WEAR",Oils & Lubricants,Transmission & Hydraulic Fluids,TITAN CARGO,Universal Workshop
RENOLIN B46 PLUS-ZINC,88632,FLUID - RENOLIN B46 PLUS-ZINC - 88632,"6. CONSUMABLES, SERVICE & WEAR",Oils & Lubricants,Transmission & Hydraulic Fluids,TITAN CARGO,Universal Workshop
RENOLIN HYDRAULIC 46 OIL LTRS,1205010046,FLUID - RENOLIN HYDRAULIC 46 - 1205010046,"6. CONSUMABLES, SERVICE & WEAR",Oils & Lubricants,Transmission & Hydraulic Fluids,TITAN CARGO,Universal Workshop
RENOLIN HYDRAULIC OIL 68 PER L,1207010016,FLUID - RENOLIN HYDRAULIC OIL 68 - 1207010016,"6. CONSUMABLES, SERVICE & WEAR",Oils & Lubricants,Transmission & Hydraulic Fluids,TITAN CARGO,Universal Workshop
RENOLIT LUBRENE LMG 960 EP2 -,1207010018,GREASE - RENOLIT LUBRENE LMG 960 EP2 - 1207010018,"6. CONSUMABLES, SERVICE & WEAR",Oils & Lubricants,Greases & Pastes,,Universal Workshop
RENOLIT LUBRENE LMG 960 EP2 -,1207010018,GREASE - RENOLIT LUBRENE LMG 960 EP2 - 1207010018,"6. CONSUMABLES, SERVICE & WEAR",Oils & Lubricants,Greases & Pastes,,Universal Workshop
RENOLIT LUBRENE LX 220EP2-KG,1207010025,GREASE - RENOLIT LUBRENE LX 220EP2 - 1207010025,"6. CONSUMABLES, SERVICE & WEAR",Oils & Lubricants,Greases & Pastes,TITAN CARGO,Universal Workshop
RENOLIT SUPER LUPLEX GREASE M2,120710021,GREASE - RENOLIT SUPER LUPLEX M2 - 120710021,"6. CONSUMABLES, SERVICE & WEAR",Oils & Lubricants,Greases & Pastes,TITAN CARGO,Universal Workshop
REPAIR KIT CONTROL HOUSING 421,4213659282,KIT - REPAIR - 4213659282,4. BRAKES & PNEUMATICS,Brake Actuation & Control,Air Valves & Governors,DT,Truck
REPAIR KIT CONTROL HOUSING V4,4213679312,KIT - REPAIR - 4213679312,4. BRAKES & PNEUMATICS,Brake Actuation & Control,Air Valves & Governors,wabco,Truck
REPAIR KIT FOR STEERING BOX 2.,2.95119,KIT - REPAIR - 2.95119,"3. SUSPENSION, STEERING & AXLES",Steering Components,Steering Boxes & Racks,DT,Truck
REPAIR KIT FOR VOLVO 2.94121,2.94121,KIT - REPAIR - 2.94121,4. BRAKES & PNEUMATICS,Brake Actuation & Control,Air Valves & Governors,DT,Truck
REPAIR KIT GEAR SHIFT VOLVO 2.,2.9313,KIT - REPAIR - 2.9313,1. ENGINE & POWERTRAIN,Drivetrain & Transmission,Gearboxes & PTOs,DT,Truck
"REPAIR KIT, AIR DRYER V4 2.944",2.94411,KIT - REPAIR - AIR DRYER / 2.94411,4. BRAKES & PNEUMATICS,Brake Actuation & Control,Air Valves & Governors,DT,Truck
"REPAIR KIT, BOGIE V2 2.96004",2.96004,KIT - REPAIR - BOGIE / 2.96004,"3. SUSPENSION, STEERING & AXLES",Suspension Systems,Hardware & Brackets,LEMA,Truck
"REPAIR KIT, CONTROL HOUSING 2.",2.9315,KIT - REPAIR - CONTROL HOUSING / 2.9315,1. ENGINE & POWERTRAIN,Drivetrain & Transmission,Gearboxes & PTOs,DT,Truck
"REPAIR KIT, FOOT BRAKE VALVE 2",2.94514,KIT - REPAIR - FOOT BRAKE VALVE / 2.94514,4. BRAKES & PNEUMATICS,Brake Actuation & Control,Air Valves & Governors,DT,Truck
"REPAIR KIT, SOLENOID VALVE 2.9",2.93125,KIT - REPAIR - SOLENOID VALVE / 2.93125,4. BRAKES & PNEUMATICS,Brake Actuation & Control,Air Valves & Governors,DT,Truck
"REPAIR KIT, STEERING BOX VOLVO",2.95114,KIT - REPAIR - STEERING BOX / 2.95114,"3. SUSPENSION, STEERING & AXLES",Steering Components,Steering Boxes & Racks,DT,Truck
RETAINER 093 1730,093 1730,RETAINER - - / 093 1730,"6. CONSUMABLES, SERVICE & WEAR",Fasteners & Hardware,Hardware & Brackets (Nuts/Bolts/Raw Steel),Caterpillar,Earth Moving Machinery
RETAINER RING 093 1731,093 1731,RING - RETAINER - / 093 1731,"6. CONSUMABLES, SERVICE & WEAR",Fasteners & Hardware,Hardware & Brackets (Nuts/Bolts/Raw Steel),Caterpillar,Earth Moving Machinery
RETAINER RING 094 0574,094 0574,RING - RETAINER - / 094 0574,"6. CONSUMABLES, SERVICE & WEAR",Fasteners & Hardware,Hardware & Brackets (Nuts/Bolts/Raw Steel),Caterpillar,Earth Moving Machinery
RETURN PLATE 107 7694,107 7694,PLATE - RETURN - / 107 7694,1. ENGINE & POWERTRAIN,Drivetrain & Transmission,Gearboxes & PTOs,Ctp,Earth Moving Machinery
"REVERSE GEAR, I-SHIFT 2.32957/",2.32957,GEAR - REVERSE - I-SHIFT / 2.32957,1. ENGINE & POWERTRAIN,Drivetrain & Transmission,Gearboxes & PTOs,DT,Truck
RH WINDOW REGULATOR ELECTRICAL,V84226000,REGULATOR - WINDOW - RH / V84226000,"2. CABIN, BODY & CHASSIS","Body, Glass & Mirrors",Windshields & Windows,,Truck
"RH, SIGNAL LAMP VERSION 4 2.24",2.24554SP,LAMP - SIGNAL - RH VERSION 4 / 2.24554SP,7. ELECTRICAL & INSTRUMENTATION,Lighting & Signage,Lighting Housings & Assemblies,DT,Truck
RIGHT ABS SENSORS V4 2.48014/,2.48014,SENSOR - ABS - RIGHT VERSION 4 / 2.48014,7. ELECTRICAL & INSTRUMENTATION,Sensors & Instrumentation,Wiring Harnesses & Relays,DT,Truck
RIGHT BUMPER LIGHT BULB 230.59,230.5927,BULB - LIGHT - RIGHT BUMPER / 230.5927,7. ELECTRICAL & INSTRUMENTATION,Lighting & Signage,Bulbs & Lenses,GAM,Universal / Fleet
RIGHT HAND SIDE DOOR GLASS SEC,1261122348,GLASS - DOOR - RIGHT HAND SIDE / 1261122348,"2. CABIN, BODY & CHASSIS","Body, Glass & Mirrors",Windshields & Windows,,Universal / Fleet
RIGHT LOWER CONTROL ARM FOR HI,CS330R,ARM - CONTROL - LOWER RIGHT FOR HI / CS330R,"3. SUSPENSION, STEERING & AXLES",Suspension Systems,Shock Absorbers & Bushes,TOYOTA,LDV
RIGHT SIDE MIRROR FOR FREIGHTL,EM54880,MIRROR - SIDE - RIGHT FOR FREIGHTL / EM54880,"2. CABIN, BODY & CHASSIS","Body, Glass & Mirrors",Windshields & Windows,,Truck
RIGHT SIDE MIRROR VERSION 4 VO,HL70.1046.01,MIRROR - SIDE - RIGHT VERSION 4 VO / HL70.1046.01,"2. CABIN, BODY & CHASSIS","Body, Glass & Mirrors","Panels, Doors & Mounts",volvo,Truck
RIGHT SIDE STEERING RACK END H,455030K,END - RACK - STEERING RIGHT SIDE H / 455030K,"3. SUSPENSION, STEERING & AXLES",Steering Components,Tie Rods & Drag Links,TOYOTA,LDV
RIGHT SIDE TIEROD END HILUX GD,4504609,END - TIEROD - RIGHT SIDE HILUX GD / 4504609,"3. SUSPENSION, STEERING & AXLES",Steering Components,Tie Rods & Drag Links,TOYOTA,LDV
RIGHT TURN SIGNAL LAMP 2.24497,2.24497,LAMP - TURN SIGNAL - RIGHT / 2.24497,7. ELECTRICAL & INSTRUMENTATION,Lighting & Signage,Beacons & Tail Lights,DT,Truck
RING 1J 6472,1J 6472,RING - - / 1J 6472,1. ENGINE & POWERTRAIN,Engine Mechanicals,Engine Seals & Gaskets,Cat,Earth Moving Machinery
RING 1K 7095,1K 7095,RING - - / 1K 7095,1. ENGINE & POWERTRAIN,Engine Mechanicals,Engine Seals & Gaskets,Cat,Earth Moving Machinery
RING 1T 1621,1T 1621,RING - - / 1T 1621,1. ENGINE & POWERTRAIN,Engine Mechanicals,Engine Seals & Gaskets,,Earth Moving Machinery
RING 3K 1432,3K 1432,RING - - / 3K 1432,1. ENGINE & POWERTRAIN,Engine Mechanicals,Engine Seals & Gaskets,Cat,Earth Moving Machinery
RING 3P 7019,3P 7019,RING - - / 3P 7019,1. ENGINE & POWERTRAIN,Engine Mechanicals,Engine Seals & Gaskets,Cat,Earth Moving Machinery
RING 6P 7773,6P 7773,RING - - / 6P 7773,1. ENGINE & POWERTRAIN,Engine Mechanicals,Engine Seals & Gaskets,CGR CHINASSI,Earth Moving Machinery
RING 7G 5675,7G 5675,RING - - / 7G 5675,1. ENGINE & POWERTRAIN,Engine Mechanicals,Engine Seals & Gaskets,Cat,Earth Moving Machinery
RING 8P 8950,8P 8950,RING - - / 8P 8950,1. ENGINE & POWERTRAIN,Engine Mechanicals,Engine Seals & Gaskets,Cat,Earth Moving Machinery
RING GEAR 7W 5095,7W 5095,GEAR - RING - 7W 5095,1. ENGINE & POWERTRAIN,Drivetrain & Transmission,Differentials & Final Drives,,Earth Moving Machinery
RING INTERMEDIATE ADT 725/730,216 8570,RING - INTERMEDIATE - ADT 725/730 / 216 8570,1. ENGINE & POWERTRAIN,Engine Mechanicals,Engine Seals & Gaskets,CAT,Earth Moving Machinery
RING PISTION 176 5749,176 5749,PISTON - RING - 176 5749,1. ENGINE & POWERTRAIN,Engine Mechanicals,"Pistons, Rings & Liners",Cat,Earth Moving Machinery
RING PISTION 197 9354 962,197 9354,PISTON - RING - 197 9354,1. ENGINE & POWERTRAIN,Engine Mechanicals,"Pistons, Rings & Liners",,Earth Moving Machinery
RING PISTION 197 9386 962,197 9386,PISTON - RING - 197 9386,1. ENGINE & POWERTRAIN,Engine Mechanicals,"Pistons, Rings & Liners",,Earth Moving Machinery
RING PISTON ADT 725/730 197 93,197 9341,PISTON - RING - ADT 725/730 197 93 / 197 9341,1. ENGINE & POWERTRAIN,Engine Mechanicals,"Pistons, Rings & Liners",IPD,Earth Moving Machinery
RING RETAINING 095 7950,095 7950,RETAINING - RING - 095 7950,"6. CONSUMABLES, SERVICE & WEAR",Fasteners & Hardware,Hardware & Brackets (Nuts/Bolts/Raw Steel),Cat,Earth Moving Machinery
RING SEAL 1P 9216,1P 9216,SEAL - RING - 1P 9216,1. ENGINE & POWERTRAIN,Engine Mechanicals,Engine Seals & Gaskets,Caterpillar,Earth Moving Machinery
RING SEAL 7G 5674,7G 5674,SEAL - RING - 7G 5674,1. ENGINE & POWERTRAIN,Engine Mechanicals,Engine Seals & Gaskets,Caterpillar,Earth Moving Machinery
RING SEAL GASKET 2.15917,2.15917,GASKET - SEAL - 2.15917,1. ENGINE & POWERTRAIN,Engine Mechanicals,Engine Seals & Gaskets,DT,Truck
RING SET 3303735030,3303735030,SET - RING - 3303735030,1. ENGINE & POWERTRAIN,Engine Mechanicals,"Pistons, Rings & Liners",TOYOTA,LDV
RING SET 3303760050,3303760050,SET - RING - 3303760050,1. ENGINE & POWERTRAIN,Engine Mechanicals,"Pistons, Rings & Liners",TOYOTA,LDV
RING SET STD 912 4 - RING 2233,2233074,SET - RING - STD 912 4 - RING 2233 / 2233074,1. ENGINE & POWERTRAIN,Engine Mechanicals,"Pistons, Rings & Liners",KOLBEN,Earth Moving Machinery
RING SYNCHRONIZER 3336835030,3336835030,SYNCHRONIZER - RING - 3336835030,1. ENGINE & POWERTRAIN,Drivetrain & Transmission,Gearboxes & PTOs,TOYOTA,LDV
RING SYNCHRONIZER 3336835040,3336835040,SYNCHRONIZER - RING - 3336835040,1. ENGINE & POWERTRAIN,Drivetrain & Transmission,Gearboxes & PTOs,TOYOTA,LDV
RING SYNCHRONIZER 3338435011,3338435011,SYNCHRONIZER - RING - 3338435011,1. ENGINE & POWERTRAIN,Drivetrain & Transmission,Gearboxes & PTOs,TOYOTA,LDV
RING TOP 134 3761,134 3761,TOP - RING - 134 3761,1. ENGINE & POWERTRAIN,Engine Mechanicals,"Pistons, Rings & Liners",Cat,Earth Moving Machinery
"RING, RETAINING 6V 8128",6V 8128,RETAINING - RING - 6V 8128,"6. CONSUMABLES, SERVICE & WEAR",Fasteners & Hardware,Hardware & Brackets (Nuts/Bolts/Raw Steel),,Earth Moving Machinery
"RING, SEAL 1S 6515",1S 6515,SEAL - RING - 1S 6515,1. ENGINE & POWERTRAIN,Engine Mechanicals,Engine Seals & Gaskets,Caterpillar,Earth Moving Machinery
"RING, SEAL 237 2802",237 2802,SEAL - RING - 237 2802,1. ENGINE & POWERTRAIN,Engine Mechanicals,Engine Seals & Gaskets,Caterpillar,Earth Moving Machinery
RING-OIL 4P 1659,4P-1659,OIL - RING - 4P 1659,1. ENGINE & POWERTRAIN,Engine Mechanicals,Engine Seals & Gaskets,,Earth Moving Machinery
RIVERT GUN,8367097190,GUN - RIVERT - 8367097190,"6. CONSUMABLES, SERVICE & WEAR",Fasteners & Hardware,Workshop Consumables,,Universal Workshop
RIVERT L12 FOR BRAKE LINING,XT000102,LINING - BRAKE - RIVERT L12 / XT000102,4. BRAKES & PNEUMATICS,Foundation Brakes,"Brake Shoes, Pads & Linings",,Truck
RIVERT-BRAKE LINING 2.40350,2.4035,LINING - BRAKE - RIVERT / 2.40350,4. BRAKES & PNEUMATICS,Foundation Brakes,"Brake Shoes, Pads & Linings",EMMERRE,Truck
RIVETS 8X23 T16,GAM56080230,RIVETS - 8X23 - T16 / GAM56080230,"6. CONSUMABLES, SERVICE & WEAR",Fasteners & Hardware,Hardware & Brackets (Nuts/Bolts/Raw Steel),,Universal Workshop
ROCKER PIN FORGED HENRED XP800,XP800801H,PIN - ROCKER - FORGED HENRED XP800 / XP800801H,"3. SUSPENSION, STEERING & AXLES",Suspension Systems,Hardware & Brackets,FRUEHAUF,Trailer
ROCKER RUBBER BUSH XE004802 /,XE004802/ 10.46201,BUSH - RUBBER - ROCKER XE004802 / 10.46201,"3. SUSPENSION, STEERING & AXLES",Suspension Systems,Shock Absorbers & Bushes,,Trailer
ROCKER RUBBER BUSH XE004802 /,XE004802/ 10.46201,BUSH - RUBBER - ROCKER XE004802 / 10.46201,"3. SUSPENSION, STEERING & AXLES",Suspension Systems,Shock Absorbers & Bushes,,Trailer
ROCKER SHAFT BOLTS D13A,23509307,BOLTS - SHAFT - ROCKER D13A / 23509307,1. ENGINE & POWERTRAIN,Engine Mechanicals,"Blocks, Heads & Valvetrain",volvo,Truck
ROCKER SWITCH 271 2826,271 2826,SWITCH - ROCKER - 271 2826,7. ELECTRICAL & INSTRUMENTATION,Sensors & Instrumentation,Wiring Harnesses & Relays,Caterpillar,Earth Moving Machinery
ROLLER BEARING - DRAW BOX 9H 5,9H -5322,BEARING - ROLLER - DRAW BOX 9H 5 / 9H -5322,1. ENGINE & POWERTRAIN,Engine Mechanicals,Engine Seals & Gaskets,Cat,Earth Moving Machinery
ROTATING GROUP 189 4710,189 4710,GROUP - ROTATING - 189 4710,5. HYDRAULICS,Hydraulic Pumps & Motors,Gear & Piston Pumps,,Earth Moving Machinery
ROTATING GRP 6E 6571,6E 6571,GROUP - ROTATING - 6E 6571,5. HYDRAULICS,Hydraulic Pumps & Motors,Gear & Piston Pumps,,Earth Moving Machinery
ROTATING GRP-730 192 9204,192 9204,GROUP - ROTATING - 192 9204,5. HYDRAULICS,Hydraulic Pumps & Motors,Gear & Piston Pumps,,Earth Moving Machinery
ROUGH COTTON TAPE,TAPC0191,TAPE - COTTON - TAPC0191,"6. CONSUMABLES, SERVICE & WEAR",Fasteners & Hardware,Workshop Consumables,,Universal Workshop
ROUND METALIC BROOM,L450200P275A3,BROOM - METALIC - L450200P275A3,"6. CONSUMABLES, SERVICE & WEAR",Fasteners & Hardware,Workshop Consumables,,Universal Workshop
RTV GASKET MARKER SILICONE,3047001114,MARKER - GASKET - 3047001114,"6. CONSUMABLES, SERVICE & WEAR",Paints & Chemicals,Fluids & Aerosols (Cleaners/Sealants),,Universal Workshop
RUBBER BUFFER VOLVO 2.70066,2.70066,BUFFER - RUBBER - VOLVO 2.70066,"3. SUSPENSION, STEERING & AXLES",Suspension Systems,Shock Absorbers & Bushes,DT,Truck
RUBBER BUFFER VOLVO 2.70067,2.70067,BUFFER - RUBBER - VOLVO 2.70067,"3. SUSPENSION, STEERING & AXLES",Suspension Systems,Shock Absorbers & Bushes,DT,Truck
"RUBBER BUFFER, ENGINE FRONT SU",2.10392,BUFFER - RUBBER - ENGINE FRONT SU,1. ENGINE & POWERTRAIN,Engine Mechanicals,Engine Mounts & Dampers,KTK,Truck
"RUBBER BUFFER, RADIATOR MOUNT",2.15305,BUFFER - RUBBER - RADIATOR MOUNT,1. ENGINE & POWERTRAIN,Cooling System,Radiators & Coolers,DT,Truck
"RUBBER BUFFER, RADIATOR MOUNT",2.15306,,1. ENGINE & POWERTRAIN,Cooling System,Radiators & Coolers,DT,Truck
RUBBER BUSH AUG54216/ 2.62376,AUG54216,BUSH - RUBBER - AUG54216,"3. SUSPENSION, STEERING & AXLES",Suspension Systems,Shock Absorbers & Bushes,LEMA,Truck
RUBBER BUSHING LEAF SPRING 078,078.266,BUSHING - RUBBER - LEAF SPRING 078,"3. SUSPENSION, STEERING & AXLES",Suspension Systems,Shock Absorbers & Bushes,SAMPA,Truck
RUBBER MOUNT 147 6982,147 6982,MOUNT - RUBBER - 147 6982,1. ENGINE & POWERTRAIN,Engine Mechanicals,Engine Mounts & Dampers,Caterpillar,Earth Moving Machinery
RUBBER MOUNT 147 6983,147 6983,MOUNT - RUBBER - 147 6983,1. ENGINE & POWERTRAIN,Engine Mechanicals,Engine Mounts & Dampers,Caterpillar,Earth Moving Machinery
RUBBER MOUNTING 2.10397 207470,2.10397,MOUNTING - RUBBER - 2.10397 207470,1. ENGINE & POWERTRAIN,Engine Mechanicals,Engine Mounts & Dampers,KTK,Truck
RUBBING COMPOUND,1647261028,COMPOUND - RUBBING - 1647261028,"6. CONSUMABLES, SERVICE & WEAR",Paints & Chemicals,Fluids & Aerosols (Cleaners/Sealants),,Universal Workshop
RWDR-KOMBI 110.2X145.0X 10.0 7,COR01031695B,KOMBI - RWDR - 110.2X145.0X 10.0 7,"3. SUSPENSION, STEERING & AXLES",Axles & Hubs,Wheel Bearings & Seals,,Truck
SAE 5W-30 ENGINE OIL FOR LAWN,5W-30,OIL - ENGINE - SAE 5W-30,"6. CONSUMABLES, SERVICE & WEAR",Oils & Lubricants,Engine & Gear Oils,TITAN CARGO,Auxillary
SAND PAPER P100,164725100,PAPER - SAND - P100,"6. CONSUMABLES, SERVICE & WEAR",Fasteners & Hardware,Workshop Consumables,,Universal Workshop
SAND PAPER P1000,1647251000,PAPER - SAND - P1000,"6. CONSUMABLES, SERVICE & WEAR",Fasteners & Hardware,Workshop Consumables,,Universal Workshop
SAND PAPER P220,164725220,PAPER - SAND - P220,"6. CONSUMABLES, SERVICE & WEAR",Fasteners & Hardware,Workshop Consumables,,Universal Workshop
SAND PAPER P400,1647261010,PAPER - SAND - P400,"6. CONSUMABLES, SERVICE & WEAR",Fasteners & Hardware,Workshop Consumables,,Universal Workshop
SAND PAPER P600,1647261020,PAPER - SAND - P600,"6. CONSUMABLES, SERVICE & WEAR",Fasteners & Hardware,Workshop Consumables,,Universal Workshop
SAND PAPER P80,16472580,PAPER - SAND - P80,"6. CONSUMABLES, SERVICE & WEAR",Fasteners & Hardware,Workshop Consumables,,Universal Workshop
SAND PAPER P800,164725800,PAPER - SAND - P800,"6. CONSUMABLES, SERVICE & WEAR",Fasteners & Hardware,Workshop Consumables,Indasa,Universal Workshop
SANDING DISC P60,20190035,DISC - SANDING - P60,"6. CONSUMABLES, SERVICE & WEAR",Fasteners & Hardware,Workshop Consumables,,Universal Workshop
SANDING DISC P80,20190036,DISC - SANDING - P80,"6. CONSUMABLES, SERVICE & WEAR",Fasteners & Hardware,Workshop Consumables,,Universal Workshop
SC03A76LVAX BEARING PFI,SC03A76LVAX,BEARING - PFI - SC03A76LVAX,"3. SUSPENSION, STEERING & AXLES",Axles & Hubs,Wheel Bearings & Seals,PFI,Universal / Fleet
SCAM BUSH AU000401,AU000401,BUSH - SCAM - AU000401,4. BRAKES & PNEUMATICS,Foundation Brakes,Slack Adjusters & Calipers,,Trailer
SCAM BUSH WITH BLACKET METALIC,01CB015,BUSH - SCAM - WITH BLACKET METALIC - 01CB015,4. BRAKES & PNEUMATICS,Foundation Brakes,Slack Adjusters & Calipers,,Trailer
SCAM BUSH WITHOUT BLACKET SPH,01CB009,BUSH - SCAM - 01CB009,4. BRAKES & PNEUMATICS,Foundation Brakes,Slack Adjusters & Calipers,,Trailer
SCAM SHAFT BPW R/H L=628MM/ A=,445566782,SHAFT - SCAM - BPW R/H L=628MM/ A=/ 445566782,4. BRAKES & PNEUMATICS,Foundation Brakes,Slack Adjusters & Calipers,BPW,Trailer
SCAM SHAFT HENRED PROP 37 SPLI,445566785,SHAFT - SCAM - HENRED PROP 37 SPLI / 445566785,4. BRAKES & PNEUMATICS,Foundation Brakes,Slack Adjusters & Calipers,FRUEHAUF,Trailer
SCREEN 4S 8598,4S 8598,SCREEN - 4S - 4S 8598,5. HYDRAULICS,Hydraulic Pumps & Motors,Hydraulic Filtration,CAT,Earth Moving Machinery
SCREEN 9T 9227,9T 9227,SCREEN - 9T - 9T 9227,5. HYDRAULICS,Hydraulic Pumps & Motors,Hydraulic Filtration,,Earth Moving Machinery
SCREW 10.9 2.34116 FOR PROP-SH,2.34116,SCREW - 10.9 - 2.34116,1. ENGINE & POWERTRAIN,Drivetrain & Transmission,Driveshafts & U-Joints,DT,Truck
SCREW 5H 3701,5H 3701,SCREW - 5H - 5H 3701,"6. CONSUMABLES, SERVICE & WEAR",Fasteners & Hardware,Hardware & Brackets (Nuts/Bolts/Raw Steel),,Universal Workshop
SCREW 9X 2040,9X 2040,SCREW - 9X - 9X 2040,"6. CONSUMABLES, SERVICE & WEAR",Fasteners & Hardware,Hardware & Brackets (Nuts/Bolts/Raw Steel),Cat,Earth Moving Machinery
SCREW 9X 2041,9X 2041,SCREW - 9X - 9X 2041,"6. CONSUMABLES, SERVICE & WEAR",Fasteners & Hardware,Hardware & Brackets (Nuts/Bolts/Raw Steel),Cat,Earth Moving Machinery
SEAL 107 5769,107 5769,SEAL - 107 - 107 5769,1. ENGINE & POWERTRAIN,Engine Mechanicals,Engine Seals & Gaskets,Cat,Earth Moving Machinery
SEAL 135 9044,135 9044,SEAL - 135 - 135 9044,5. HYDRAULICS,Heavy Plant Mechanisms,Slewing Rings & Gearboxes,Caterpillar,Earth Moving Machinery
SEAL 145X170X13TC VITON,145X170X13TC,SEAL - 145X170X13TC - 145X170X13TC,5. HYDRAULICS,Cylinders & Rams,Hydraulic Seal Kits,Viton,Earth Moving Machinery
SEAL 166 1497 365/374,166 1497,SEAL - 166 - 166 1497,1. ENGINE & POWERTRAIN,Engine Mechanicals,Engine Seals & Gaskets,CTP,Earth Moving Machinery
SEAL 175 7904,175 7904,SEAL - 175 - 175 7904,1. ENGINE & POWERTRAIN,Engine Mechanicals,Engine Seals & Gaskets,Cat,Earth Moving Machinery
SEAL 189 4720,189 4720,SEAL - 189 - 189 4720,1. ENGINE & POWERTRAIN,Engine Mechanicals,Engine Seals & Gaskets,,Earth Moving Machinery
SEAL 198 7822,198 7822,SEAL - 198 - 198 7822,1. ENGINE & POWERTRAIN,Engine Mechanicals,Engine Seals & Gaskets,Cat,Earth Moving Machinery
SEAL 1B 3867,1B 3867,SEAL - 1B - 1B 3867,1. ENGINE & POWERTRAIN,Engine Mechanicals,Engine Seals & Gaskets,Caterpillar,Earth Moving Machinery
SEAL 2D 1690,2D 1690,SEAL - 2D - 2D 1690,1. ENGINE & POWERTRAIN,Engine Mechanicals,Engine Seals & Gaskets,Cat,Earth Moving Machinery
SEAL 2H 3931,2H 3931,SEAL - 2H - 2H 3931,1. ENGINE & POWERTRAIN,Engine Mechanicals,Engine Seals & Gaskets,Cat,Earth Moving Machinery
SEAL 2S 4078,2S 4078,SEAL - 2S - 2S 4078,1. ENGINE & POWERTRAIN,Engine Mechanicals,Engine Seals & Gaskets,Caterpillar,Earth Moving Machinery
SEAL 3H 2652,3H 2652,SEAL - 3H - 3H 2652,1. ENGINE & POWERTRAIN,Engine Mechanicals,Engine Seals & Gaskets,Cat,Earth Moving Machinery
SEAL 3K 0360,3K 0360,SEAL - 3K - 3K 0360,1. ENGINE & POWERTRAIN,Engine Mechanicals,Engine Seals & Gaskets,Caterpillar,Earth Moving Machinery
SEAL 3P 0647,3P 0647,SEAL - 3P - 3P 0647,1. ENGINE & POWERTRAIN,Engine Mechanicals,Engine Seals & Gaskets,Cat,Earth Moving Machinery
SEAL 55X70X08TC VITON,55X70X08TC,SEAL - 55X70X08TC - 55X70X08TC,5. HYDRAULICS,Cylinders & Rams,Hydraulic Seal Kits,Viton,Earth Moving Machinery
SEAL 55X70X10TC VITON,55X70X10TC,SEAL - 55X70X10TC - 55X70X10TC,5. HYDRAULICS,Cylinders & Rams,Hydraulic Seal Kits,Viton,Earth Moving Machinery
SEAL 5P 8210,5P 8210,SEAL - 5P - 5P 8210,1. ENGINE & POWERTRAIN,Engine Mechanicals,Engine Seals & Gaskets,Cat,Earth Moving Machinery
SEAL 6I 2431,6I 2431,SEAL - 6I - 6I 2431,1. ENGINE & POWERTRAIN,Engine Mechanicals,Engine Seals & Gaskets,Cat,Earth Moving Machinery
SEAL 6V 1902,6V 1902,SEAL - 6V - 6V 1902,1. ENGINE & POWERTRAIN,Engine Mechanicals,Engine Seals & Gaskets,Caterpillar,Earth Moving Machinery
SEAL 75X95X10TC VITON,75X95X10TC,SEAL - 75X95X10TC - 75X95X10TC,5. HYDRAULICS,Cylinders & Rams,Hydraulic Seal Kits,,Earth Moving Machinery
SEAL 7F 2122,7F 2122,SEAL - 7F - 7F 2122,1. ENGINE & POWERTRAIN,Engine Mechanicals,Engine Seals & Gaskets,Caterpillar,Earth Moving Machinery
SEAL 7K 9209,7K 9209,SEAL - O-RING - 7K 9209,1. ENGINE & POWERTRAIN,Engine Mechanicals,Engine Seals & Gaskets,,Earth Moving Machinery
SEAL 7K 9212 966G,7K 9212,SEAL - O-RING - 7K 9212,1. ENGINE & POWERTRAIN,Engine Mechanicals,Engine Seals & Gaskets,,Earth Moving Machinery
SEAL 7K 9218 962/950,7K 9218,SEAL - O-RING - 7K 9218,1. ENGINE & POWERTRAIN,Engine Mechanicals,Engine Seals & Gaskets,,Earth Moving Machinery
SEAL 8T 4811,8T 4811,SEAL - O-RING - 8T 4811,1. ENGINE & POWERTRAIN,Engine Mechanicals,Engine Seals & Gaskets,Cat,Earth Moving Machinery
SEAL 9X 4598,9X 4598,SEAL - O-RING - 9X 4598,1. ENGINE & POWERTRAIN,Engine Mechanicals,Engine Seals & Gaskets,Ctp,Earth Moving Machinery
SEAL ADT 730 6S 3018,6S 3018,SEAL - O-RING - 6S 3018,1. ENGINE & POWERTRAIN,Engine Mechanicals,Engine Seals & Gaskets,Caterpillar,Earth Moving Machinery
SEAL CRANKSHAFT ASSY REAR 222,222 3910,SEAL - O-RING - 222 3910,1. ENGINE & POWERTRAIN,Engine Mechanicals,Engine Seals & Gaskets,I.P.D,Earth Moving Machinery
SEAL GASKET MCDA4420160621,MCDA4420160621,SEAL - GASKET - MCDA4420160621,1. ENGINE & POWERTRAIN,Engine Mechanicals,Engine Seals & Gaskets,,Universal / Fleet
SEAL ISOLATION 168 5248,168 5248,SEAL - O-RING - 168 5248,1. ENGINE & POWERTRAIN,Engine Mechanicals,Engine Seals & Gaskets,Cat,Earth Moving Machinery
SEAL KIT 192 5124,192 5124,KIT - SEAL - 192 5124,5. HYDRAULICS,Cylinders & Rams,Hydraulic Seal Kits,Cat,Earth Moving Machinery
SEAL KIT 194 9632,194 9632,KIT - SEAL - 194 9632,5. HYDRAULICS,Cylinders & Rams,Hydraulic Seal Kits,Caterpillar,Earth Moving Machinery
SEAL KIT 244 1022 962G,244 1022,KIT - SEAL - 244 1022,5. HYDRAULICS,Cylinders & Rams,Hydraulic Seal Kits,Caterpillar,Earth Moving Machinery
SEAL KIT 298778,298778,KIT - SEAL - 298778,1. ENGINE & POWERTRAIN,Drivetrain & Transmission,Gearboxes & PTOs,CEI,Truck
SEAL KIT 376 9016 962,376 9016,KIT - SEAL - 376 9016,5. HYDRAULICS,Cylinders & Rams,Hydraulic Seal Kits,CGR CHINASSI,Earth Moving Machinery
SEAL KIT HYDRAULIC CYLINDER 23,236 6368,,5. HYDRAULICS,Cylinders & Rams,Hydraulic Seal Kits,CTP,Earth Moving Machinery
"SEAL KIT, HYD STICK CYLINDER 5",525 3511,,5. HYDRAULICS,Cylinders & Rams,Hydraulic Seal Kits,CTP,Earth Moving Machinery
SEAL LINER 437 1409,437 1409,SEAL - O-RING - 437 1409,1. ENGINE & POWERTRAIN,Engine Mechanicals,Engine Seals & Gaskets,Caterpillar,Earth Moving Machinery
SEAL LINK 7K 9205,7K 9205,SEAL - O-RING - 7K 9205,5. HYDRAULICS,Ground Engaging Tools (GET),Hardware & Mounts,Cat,Earth Moving Machinery
SEAL LIP 193 2200,193 2200,SEAL - LIP - 193 2200,"3. SUSPENSION, STEERING & AXLES",Axles & Hubs,Wheel Bearings & Seals,CTP,Earth Moving Machinery
SEAL LIP 7K 9211 966G,7K 9211,SEAL - LIP - 7K 9211,"3. SUSPENSION, STEERING & AXLES",Axles & Hubs,Wheel Bearings & Seals,,Earth Moving Machinery
SEAL LIP 8T 7535,8T 7535,SEAL - LIP - 8T 7535,"3. SUSPENSION, STEERING & AXLES",Axles & Hubs,Wheel Bearings & Seals,Cat,Earth Moving Machinery
SEAL LIP TYPE 133 4292,133 4292,SEAL - LIP - 133 4292,"3. SUSPENSION, STEERING & AXLES",Axles & Hubs,Wheel Bearings & Seals,CTP,Earth Moving Machinery
SEAL O RING 135 2653,135 2653,SEAL - O-RING - 135 2653,1. ENGINE & POWERTRAIN,Engine Mechanicals,Engine Seals & Gaskets,Caterpillar,Earth Moving Machinery
SEAL O RING 136 2942,136 2942,SEAL - O-RING - 136 2942,1. ENGINE & POWERTRAIN,Engine Mechanicals,Engine Seals & Gaskets,Cat,Earth Moving Machinery
SEAL O RING 144 8299 950/962G,144 8299,SEAL - O-RING - 144 8299,1. ENGINE & POWERTRAIN,Engine Mechanicals,Engine Seals & Gaskets,Cat,Earth Moving Machinery
SEAL O RING 199 0759,199 0759,SEAL - O-RING - 199 0759,1. ENGINE & POWERTRAIN,Engine Mechanicals,Engine Seals & Gaskets,Cat,Earth Moving Machinery
SEAL O RING 1H 8720,1H 8720,SEAL - O-RING - 1H 8720,1. ENGINE & POWERTRAIN,Engine Mechanicals,Engine Seals & Gaskets,Cat,Earth Moving Machinery
SEAL O RING 1H 9696,1H 9696,SEAL - O-RING - 1H 9696,1. ENGINE & POWERTRAIN,Engine Mechanicals,Engine Seals & Gaskets,Cat,Earth Moving Machinery
SEAL O RING 2D 8009,2D 8009,SEAL - O-RING - 2D 8009,1. ENGINE & POWERTRAIN,Engine Mechanicals,Engine Seals & Gaskets,Cat,Earth Moving Machinery
SEAL O RING 2H 3088,2H 3088,SEAL - O-RING - 2H 3088,1. ENGINE & POWERTRAIN,Engine Mechanicals,Engine Seals & Gaskets,Cat,Earth Moving Machinery
SEAL O RING 325 3780,325 3780,SEAL - O-RING - 325 3780,1. ENGINE & POWERTRAIN,Engine Mechanicals,Engine Seals & Gaskets,Cat,Earth Moving Machinery
SEAL O RING 3E 6770,3E 6770,SEAL - O-RING - 3E 6770,1. ENGINE & POWERTRAIN,Engine Mechanicals,Engine Seals & Gaskets,,Earth Moving Machinery
SEAL O RING 3F 1547,3F 1547,RING - O - 3F 1547,1. ENGINE & POWERTRAIN,Engine Mechanicals,Engine Seals & Gaskets,CTP,Earth Moving Machinery
SEAL O RING 3H 1461,3H 1461,RING - O - 3H 1461,1. ENGINE & POWERTRAIN,Engine Mechanicals,Engine Seals & Gaskets,Cat,Earth Moving Machinery
SEAL O RING 3J 1907,3J 1907,RING - O - 3J 1907,1. ENGINE & POWERTRAIN,Engine Mechanicals,Engine Seals & Gaskets,Cat,Earth Moving Machinery
SEAL O RING 4T 5945,4T 5945,RING - O - 4T 5945,1. ENGINE & POWERTRAIN,Engine Mechanicals,Engine Seals & Gaskets,Cat,Earth Moving Machinery
SEAL O RING 5F 1678,5F 1678,RING - O - 5F 1678,1. ENGINE & POWERTRAIN,Engine Mechanicals,Engine Seals & Gaskets,Cat,Earth Moving Machinery
SEAL O RING 5F 8000.,5F 8000,RING - O - 5F 8000,1. ENGINE & POWERTRAIN,Engine Mechanicals,Engine Seals & Gaskets,Cat,Earth Moving Machinery
SEAL O RING 5H 2767,5H 2767,RING - O - 5H 2767,1. ENGINE & POWERTRAIN,Engine Mechanicals,Engine Seals & Gaskets,Cat,Earth Moving Machinery
SEAL O RING 5H 4909,5H 4909,RING - O - 5H 4909,1. ENGINE & POWERTRAIN,Engine Mechanicals,Engine Seals & Gaskets,CTP,Earth Moving Machinery
SEAL O RING 6F 6673,6F 6673,RING - O - 6F 6673,1. ENGINE & POWERTRAIN,Engine Mechanicals,Engine Seals & Gaskets,Cat,Earth Moving Machinery
SEAL O RING 6J 2419,6J 2419,RING - O - 6J 2419,1. ENGINE & POWERTRAIN,Engine Mechanicals,Engine Seals & Gaskets,Cat,Earth Moving Machinery
SEAL O RING 6P 7985,6P 7985,RING - O - 6P 7985,1. ENGINE & POWERTRAIN,Engine Mechanicals,Engine Seals & Gaskets,Cat,Earth Moving Machinery
SEAL O RING 6V 4365,6V 4365,RING - O - 6V 4365,1. ENGINE & POWERTRAIN,Engine Mechanicals,Engine Seals & Gaskets,Cat,Earth Moving Machinery
SEAL O RING 6V 9670,6V 9670,RING - O - 6V 9670,1. ENGINE & POWERTRAIN,Engine Mechanicals,Engine Seals & Gaskets,Caterpillar,Earth Moving Machinery
SEAL O RING 7M 8485,7M 8485,RING - O - 7M 8485,1. ENGINE & POWERTRAIN,Engine Mechanicals,Engine Seals & Gaskets,Caterpillar,Earth Moving Machinery
SEAL O RING 7S 8554,7S 8554,RING - O - 7S 8554,1. ENGINE & POWERTRAIN,Engine Mechanicals,Engine Seals & Gaskets,Cat,Earth Moving Machinery
SEAL O RING 8C 3089,8C 3089,RING - O - 8C 3089,1. ENGINE & POWERTRAIN,Engine Mechanicals,Engine Seals & Gaskets,CTP,Earth Moving Machinery
SEAL O RING 8F 0212,8F 0212,RING - O - 8F 0212,1. ENGINE & POWERTRAIN,Engine Mechanicals,Engine Seals & Gaskets,Cat,Earth Moving Machinery
SEAL O RING 8M 4992,8M 4992,RING - O - 8M 4992,1. ENGINE & POWERTRAIN,Engine Mechanicals,Engine Seals & Gaskets,Cat,Earth Moving Machinery
SEAL O RING 8M 5010,8M 5010,RING - O - 8M 5010,1. ENGINE & POWERTRAIN,Engine Mechanicals,Engine Seals & Gaskets,Cat,Earth Moving Machinery
SEAL O RING 9H 0846,9H 0846,RING - O - 9H 0846,1. ENGINE & POWERTRAIN,Engine Mechanicals,Engine Seals & Gaskets,Cat,Earth Moving Machinery
SEAL O RING 9M 5024,9M 5024,RING - O - 9M 5024,1. ENGINE & POWERTRAIN,Engine Mechanicals,Engine Seals & Gaskets,Cat,Earth Moving Machinery
SEAL O RING LOADER 4H 6520,4H 6520,RING - O - LOADER 4H 6520,1. ENGINE & POWERTRAIN,Engine Mechanicals,Engine Seals & Gaskets,Caterpillar,Earth Moving Machinery
SEAL O RING LOADER 8H 2046,8H 2046,RING - O - LOADER 8H 2046,1. ENGINE & POWERTRAIN,Engine Mechanicals,Engine Seals & Gaskets,Cat,Earth Moving Machinery
SEAL O-RING 1H 6227,1H 6227,RING - O - 1H 6227,1. ENGINE & POWERTRAIN,Engine Mechanicals,Engine Seals & Gaskets,Caterpillar,Earth Moving Machinery
SEAL O-RING 3.53 X 132.94 CHIN,15048,RING - O - 3.53 X 132.94 CHIN,1. ENGINE & POWERTRAIN,Engine Mechanicals,Engine Seals & Gaskets,CHINESE,Earth Moving Machinery
SEAL O-RING 5F 3144,5F 3144,RING - O - 5F 3144,1. ENGINE & POWERTRAIN,Engine Mechanicals,Engine Seals & Gaskets,Cat,Earth Moving Machinery
SEAL O-RING 5P 9806,5P 9806,RING - O - 5P 9806,1. ENGINE & POWERTRAIN,Engine Mechanicals,Engine Seals & Gaskets,Cat,Earth Moving Machinery
SEAL O-RING 6E 4004,6E 4004,RING - O - 6E 4004,1. ENGINE & POWERTRAIN,Engine Mechanicals,Engine Seals & Gaskets,,Universal / Fleet
SEAL RING 131 4091,131 4091,RING - SEAL - 131 4091,1. ENGINE & POWERTRAIN,Engine Mechanicals,Engine Seals & Gaskets,Caterpillar,Earth Moving Machinery
SEAL RING 6Y 8030,6Y 8030,RING - SEAL - 6Y 8030,1. ENGINE & POWERTRAIN,Engine Mechanicals,Engine Seals & Gaskets,Caterpillar,Earth Moving Machinery
SEAL WP SHAFT 350 5417,350 5417,SEAL - SHAFT - 350 5417,1. ENGINE & POWERTRAIN,Engine Mechanicals,Engine Seals & Gaskets,Caterpillar,Earth Moving Machinery
"SEAL, LIP 150 5697",150 5697,SEAL - LIP - 150 5697,"3. SUSPENSION, STEERING & AXLES",Axles & Hubs,Wheel Bearings & Seals,CTP,Earth Moving Machinery
"SEAL, LIP 4B 5432",4B 5432,SEAL - LIP - 4B 5432,"3. SUSPENSION, STEERING & AXLES",Axles & Hubs,Wheel Bearings & Seals,Cat,Earth Moving Machinery
"SEAL, LIP 6V 8406",6V 8406,SEAL - LIP - 6V 8406,"3. SUSPENSION, STEERING & AXLES",Axles & Hubs,Wheel Bearings & Seals,CAT,Earth Moving Machinery
"SEAL, LIP 8C 3100",8C 3100,SEAL - LIP - 8C 3100,"3. SUSPENSION, STEERING & AXLES",Axles & Hubs,Wheel Bearings & Seals,Caterpillar,Earth Moving Machinery
"SEAL, LIP 8T 5048",8T 5048,SEAL - LIP - 8T 5048,"3. SUSPENSION, STEERING & AXLES",Axles & Hubs,Wheel Bearings & Seals,Cat,Earth Moving Machinery
"SEAL, O- RING 135 2654",135 2654,SEAL - O-RING - 135 2654,1. ENGINE & POWERTRAIN,Engine Mechanicals,Engine Seals & Gaskets,CTP,Earth Moving Machinery
"SEAL, O- RING 161 8068",161 8068,SEAL - O-RING - 161 8068,1. ENGINE & POWERTRAIN,Engine Mechanicals,Engine Seals & Gaskets,Cat,Earth Moving Machinery
"SEAL, O-RING 4J 7533",4J 7533,SEAL - O-RING - 4J 7533,1. ENGINE & POWERTRAIN,Engine Mechanicals,Engine Seals & Gaskets,Cat,Earth Moving Machinery
"SEAL, O-RING 7F 8268",7F 8268,SEAL - O-RING - 7F 8268,1. ENGINE & POWERTRAIN,Engine Mechanicals,Engine Seals & Gaskets,Caterpillar,Earth Moving Machinery
"SEAL, O-RING 8U 6013",8U 6013,SEAL - O-RING - 8U 6013,1. ENGINE & POWERTRAIN,Engine Mechanicals,Engine Seals & Gaskets,,Universal / Fleet
"SEAL, PIN 115 8193",115 8193,SEAL - PIN - 115 8193,5. HYDRAULICS,Ground Engaging Tools (GET),Loader Pins & Bushes,Cat,Earth Moving Machinery
"SEAL, RING 3W 0203",3W 0203,SEAL - RING - 3W 0203,1. ENGINE & POWERTRAIN,Engine Mechanicals,Engine Seals & Gaskets,Caterpillar,Earth Moving Machinery
"SEAL, RING 6T 0257",6T 0257,SEAL - RING - 6T 0257,1. ENGINE & POWERTRAIN,Engine Mechanicals,Engine Seals & Gaskets,Caterpillar,Earth Moving Machinery
"SEALING KIT, TOP COVER I-SHIFT",2.93220 / VOL20785252,KIT - SEALING - I-SHIFT / 2.93220,1. ENGINE & POWERTRAIN,Drivetrain & Transmission,Gearboxes & PTOs,DT,Truck
SECOND HAND DASH BOARD CLUSTER,22174394,DASH BOARD - SECOND-HAND - CLUSTER / 22174394,7. ELECTRICAL & INSTRUMENTATION,Sensors & Instrumentation,Wiring Harnesses & Relays,volvo,Truck
SECOND HAND LOCKER SHAFT VOLVO,FEB22745,LOCKER SHAFT - SECOND-HAND - VOLVO / FEB22745,1. ENGINE & POWERTRAIN,Engine Mechanicals,"Blocks, Heads & Valvetrain",volvo,Truck
SECOND HAND TACHO GRAPH VOLVO,20466940,TACHO GRAPH - SECOND-HAND - VOLVO / 20466940,7. ELECTRICAL & INSTRUMENTATION,Sensors & Instrumentation,Wiring Harnesses & Relays,volvo,Truck
SECONDARY AIR FILTER 140K P782,P782108/245 5375,FILTER - AIR - SECONDARY 140K / P782108,1. ENGINE & POWERTRAIN,Fuel & Air Induction,Air Filtration,Donaldson,Earth Moving Machinery
SECONDARY AIR FILTER FOR D6R P,P532502,FILTER - AIR - SECONDARY D6R / P532502,1. ENGINE & POWERTRAIN,Fuel & Air Induction,Air Filtration,Donaldson,Earth Moving Machinery
SECONDARY AIR FILTER SMALL ADT,P777414,FILTER - AIR - SECONDARY SMALL ADT / P777414,1. ENGINE & POWERTRAIN,Fuel & Air Induction,Air Filtration,Donaldson,Earth Moving Machinery
SECOND-HAND CAMSHAFT V3 2.1080,2.10803,CAMSHAFT - SECOND-HAND - V3 / 2.10803,1. ENGINE & POWERTRAIN,Engine Mechanicals,"Blocks, Heads & Valvetrain",volvo,Truck
SECOND-HAND ENGINE ECU V3 2130,21300122,ECU - SECOND-HAND - ENGINE V3 / 21300122,7. ELECTRICAL & INSTRUMENTATION,Sensors & Instrumentation,Wiring Harnesses & Relays,volvo,Truck
SECOND-HAND FRONT AXLE SPRING,21140388,AXLE SPRING - SECOND-HAND - FRONT / 21140388,"3. SUSPENSION, STEERING & AXLES",Suspension Systems,Leaf Springs & U-Bolts,volvo,Truck
SECOND-HAND FRONT AXLE SPRING,21140388,AXLE SPRING - SECOND-HAND - FRONT / 21140388,"3. SUSPENSION, STEERING & AXLES",Suspension Systems,Leaf Springs & U-Bolts,volvo,Truck
SECOND-HAND FRONT GRILL BUMPER,20425416,GRILL BUMPER - SECOND-HAND - FRONT / 20425416,"2. CABIN, BODY & CHASSIS",Structural Chassis & Towing,Bumpers & Bullbars,,Truck
SECOND-HAND FRONT GRILL UPPER,20425415,GRILL UPPER - SECOND-HAND - FRONT / 20425415,"2. CABIN, BODY & CHASSIS","Body, Glass & Mirrors","Panels, Doors & Mounts",,Truck
SECON-HAND BULBAR HILUX,3047001146,BULBAR - SECOND-HAND - HILUX / 3047001146,"2. CABIN, BODY & CHASSIS",Structural Chassis & Towing,Bumpers & Bullbars,,LDV
SEEALING THICKNESS MCDA5410110,MCDA541011008064,THICKNESS - SEALING - MCDA5410110 / MCDA541011008064,1. ENGINE & POWERTRAIN,Engine Mechanicals,Engine Seals & Gaskets,MERCEDES-BENZ,Truck
SENDER UNIT 157 8857 962G,157 8857,UNIT - SENDER - 157 8857,7. ELECTRICAL & INSTRUMENTATION,Sensors & Instrumentation,Pressure & Temp Switches,Cat,Earth Moving Machinery
SENSOR 118 7226,118 7226,SENSOR - 118 - 7226,7. ELECTRICAL & INSTRUMENTATION,Sensors & Instrumentation,Pressure & Temp Switches,Cat,Earth Moving Machinery
SENSOR 172 8660,172 8660,SENSOR - GENERAL - 172 8660,7. ELECTRICAL & INSTRUMENTATION,Sensors & Instrumentation,Pressure & Temp Switches,,Universal / Fleet
SENSOR 194 6723,194 6723,SENSOR - GENERAL - 194 6723,7. ELECTRICAL & INSTRUMENTATION,Sensors & Instrumentation,Pressure & Temp Switches,Cat,Earth Moving Machinery
SENSOR 221 3411,221 3411,SENSOR - GENERAL - 221 3411,7. ELECTRICAL & INSTRUMENTATION,Sensors & Instrumentation,Pressure & Temp Switches,Cat,Earth Moving Machinery
SENSOR 269 1982,269 1982,SENSOR - GENERAL - 269 1982,7. ELECTRICAL & INSTRUMENTATION,Sensors & Instrumentation,Pressure & Temp Switches,Caterpillar,Earth Moving Machinery
SENSOR 342 2924,342 2924,SENSOR - GENERAL - 342 2924,7. ELECTRICAL & INSTRUMENTATION,Sensors & Instrumentation,Pressure & Temp Switches,Caterpillar,Earth Moving Machinery
SENSOR GP 351 6942,351 6942,SENSOR - GENERAL - 351 6942,7. ELECTRICAL & INSTRUMENTATION,Sensors & Instrumentation,Pressure & Temp Switches,Caterpillar,Earth Moving Machinery
SENSOR GP 740 266 1467,266 1467,SENSOR - GENERAL - 266 1467,7. ELECTRICAL & INSTRUMENTATION,Sensors & Instrumentation,Pressure & Temp Switches,Cat,Earth Moving Machinery
SENSOR GP-TEMPERATURE 134 2252,134 2252,SENSOR - TEMPERATURE - 134 2252,7. ELECTRICAL & INSTRUMENTATION,Sensors & Instrumentation,Pressure & Temp Switches,Cat,Earth Moving Machinery
SENSOR IVECO 504096645,504096645,SENSOR - IVECO - 504096645,7. ELECTRICAL & INSTRUMENTATION,Sensors & Instrumentation,Pressure & Temp Switches,IVECO,Truck
SENSOR IVECO 504372225,504372225,SENSOR - IVECO - 504372225,7. ELECTRICAL & INSTRUMENTATION,Sensors & Instrumentation,Pressure & Temp Switches,IVECO,Truck
SENSOR KIT 4213659382,4213659382,SENSOR - KIT - 4213659382,4. BRAKES & PNEUMATICS,Brake Actuation & Control,ABS Sensors & ECUs,wabco,Truck
SENSOR MANIFOLD PRESSURE 161 1,161 1704,SENSOR - MANIFOLD PRESSURE - 161 1704,7. ELECTRICAL & INSTRUMENTATION,Sensors & Instrumentation,Pressure & Temp Switches,Cat,Earth Moving Machinery
SENSOR WIRING HARNESS 381 2499,381 2499,SENSOR - WIRING HARNESS - 381 2499,7. ELECTRICAL & INSTRUMENTATION,Sensors & Instrumentation,Wiring Harnesses & Relays,Cat,Earth Moving Machinery
"SENSOR, ACCERATOR PEDAL, 6 PIN",2.16246,SENSOR - ACCELERATOR PEDAL - 2.16246,7. ELECTRICAL & INSTRUMENTATION,Sensors & Instrumentation,Pressure & Temp Switches,DT,Truck
SERPENTINE BELT 243 1276,243 1276,BELT - SERPENTINE - 243 1276,1. ENGINE & POWERTRAIN,Cooling System,Belts & Tensioners,,Universal / Fleet
SERVICE KIT 145 8867,145 8867,KIT - SERVICE - 145 8867,"6. CONSUMABLES, SERVICE & WEAR",Fasteners & Hardware,Workshop Consumables,,Universal Workshop
SET 1244 - NP331249 - Y32021X,20582549,SET - GENERAL - 20582549,"3. SUSPENSION, STEERING & AXLES",Axles & Hubs,Wheel Bearings & Seals,TIMKEN,Truck
SET2312 566426.H195 68MM WHEEL,566426.H195,SET - WHEEL - 566426.H195,"3. SUSPENSION, STEERING & AXLES",Axles & Hubs,Wheel Bearings & Seals,FAG,Truck
SGX 20MM SPIRAL GUARD,SGX20,GUARD - SPIRAL - SGX20,5. HYDRAULICS,Cylinders & Rams,High-Pressure Hoses & Fittings,,Earth Moving Machinery
SGX 25MM SPIRAL GUARD,SGX25,GUARD - SPIRAL - SGX25,5. HYDRAULICS,Cylinders & Rams,High-Pressure Hoses & Fittings,,Earth Moving Machinery
SGX 32MM SPIRAL GUARD,SGX32,GUARD - SPIRAL - SGX32,5. HYDRAULICS,Cylinders & Rams,High-Pressure Hoses & Fittings,,Earth Moving Machinery
SGX 40MM SPIRAL GUARD,SGX40,GUARD - SPIRAL - SGX40,5. HYDRAULICS,Cylinders & Rams,High-Pressure Hoses & Fittings,,Earth Moving Machinery
"SHAFT ASSY, WATER PUMP 176 699",176 6997,SHAFT - ASSY - 176 6997,1. ENGINE & POWERTRAIN,Cooling System,Radiators & Coolers,Caterpillar,Earth Moving Machinery
SHANK ADAPTER T45 9051 6128,9051 6128,ADAPTER - SHANK - T45 / 9051 6128,5. HYDRAULICS,Ground Engaging Tools (GET),Hardware & Mounts,Epiroc,Earth Moving Machinery
SHANK ADAPTER T51 9051 6129,9051 6129,ADAPTER - SHANK - T51 / 9051 6129,5. HYDRAULICS,Ground Engaging Tools (GET),Hardware & Mounts,,Earth Moving Machinery
SHIM 089 7342,089 7342,SHIM - GENERAL - 089 7342,"6. CONSUMABLES, SERVICE & WEAR",Fasteners & Hardware,Hardware & Brackets (Nuts/Bolts/Raw Steel),Cat,Earth Moving Machinery
SHIM 089 7343,089 7343,SHIM - GENERAL - 089 7343,"6. CONSUMABLES, SERVICE & WEAR",Fasteners & Hardware,Hardware & Brackets (Nuts/Bolts/Raw Steel),Cat,Earth Moving Machinery
SHIM 206 4958,206 4958,SHIM - GENERAL - 206 4958,"6. CONSUMABLES, SERVICE & WEAR",Fasteners & Hardware,Hardware & Brackets (Nuts/Bolts/Raw Steel),Cat,Earth Moving Machinery
SHIM 206 4959,206 4959,SHIM - GENERAL - 206 4959,"6. CONSUMABLES, SERVICE & WEAR",Fasteners & Hardware,Hardware & Brackets (Nuts/Bolts/Raw Steel),Cat,Earth Moving Machinery
SHIM 220 3280,220 3280,SHIM - GENERAL - 220 3280,"6. CONSUMABLES, SERVICE & WEAR",Fasteners & Hardware,Hardware & Brackets (Nuts/Bolts/Raw Steel),Cat,Earth Moving Machinery
SHIM 9T 4685,9T 4685,SHIM - PACK - 9T 4685,"6. CONSUMABLES, SERVICE & WEAR",Fasteners & Hardware,Hardware & Brackets (Nuts/Bolts/Raw Steel),Cat,Earth Moving Machinery
SHIM BEARING 51011146085,51011146085,SHIM - BEARING - 51011146085,"3. SUSPENSION, STEERING & AXLES",Axles & Hubs,Wheel Bearings & Seals,MERCEDES-BENZ,Truck
SHIM PACK 148 9408,148 9408,SHIM - PACK - 148 9408,"6. CONSUMABLES, SERVICE & WEAR",Fasteners & Hardware,Hardware & Brackets (Nuts/Bolts/Raw Steel),Cat,Earth Moving Machinery
SHIM PACK 148 9409,148 9409,SHIM - PACK - 148 9409,"6. CONSUMABLES, SERVICE & WEAR",Fasteners & Hardware,Hardware & Brackets (Nuts/Bolts/Raw Steel),Cat,Earth Moving Machinery
SHIM PACK 188 5046,188 5046,SHIM - PACK - 188 5046,"6. CONSUMABLES, SERVICE & WEAR",Fasteners & Hardware,Hardware & Brackets (Nuts/Bolts/Raw Steel),Cat,Earth Moving Machinery
SHIM PACK 6I 8497,6I 8497,SHIM - PACK - 6I 8497,"6. CONSUMABLES, SERVICE & WEAR",Fasteners & Hardware,Hardware & Brackets (Nuts/Bolts/Raw Steel),Cat,Earth Moving Machinery
SHOCK ABSORBER 10.17203 BPW,10.17203,ABSORBER - SHOCK - BPW / 10.17203,"3. SUSPENSION, STEERING & AXLES",Suspension Systems,Shock Absorbers & Bushes,DT,Trailer
SHOCK ABSORBER FOR VOLVO SAB89,SAB890270,ABSORBER - SHOCK - VOLVO / SAB890270,"3. SUSPENSION, STEERING & AXLES",Suspension Systems,Shock Absorbers & Bushes,DT,Truck
SHOCK ABSORBERS INTERMEDIATE R,2.70042,ABSORBER - SHOCK - INTERMEDIATE / 2.70042,"3. SUSPENSION, STEERING & AXLES",Suspension Systems,Shock Absorbers & Bushes,DT,Truck
SHORT HALF MOON STRONGBACK SO0,SO000101,BRACKET - STRONGBACK - SO0 / SO000101,"3. SUSPENSION, STEERING & AXLES",Suspension Systems,Leaf Springs & U-Bolts,FRUEHAUF,Trailer
SHORT HEAT RESISTANT INNER VAL,90807070,VALVE - INNER - HEAT RESISTANT / 90807070,"6. CONSUMABLES, SERVICE & WEAR",Fasteners & Hardware,Workshop Consumables,,Universal Workshop
SHORT ONE DIFF TO DIFF PROP SH,RP14799,PROP SHAFT - DIFF TO DIFF - SHORT / RP14799,1. ENGINE & POWERTRAIN,Drivetrain & Transmission,Driveshafts & U-Joints,,Truck
SHORT ONE DIFF TO DIFF PROP SH,RP14799,PROP SHAFT - DIFF TO DIFF - SHORT / RP14799,1. ENGINE & POWERTRAIN,Drivetrain & Transmission,Driveshafts & U-Joints,,Truck
SHUT OFF VALVE 005 7889,005 7889,VALVE - SHUT OFF - 005 7889,4. BRAKES & PNEUMATICS,Brake Actuation & Control,Air Valves & Governors,Cat,Earth Moving Machinery
SIDE INDICATOR ASSY LH TATA 26,264354400137,INDICATOR - SIDE - LH TATA 26 / 264354400137,7. ELECTRICAL & INSTRUMENTATION,Lighting & Signage,Lighting Housings & Assemblies,,Truck
SIDE INDICATOR ASSY RH TATA 26,264354400138,INDICATOR - SIDE - RH TATA 26 / 264354400138,7. ELECTRICAL & INSTRUMENTATION,Lighting & Signage,Lighting Housings & Assemblies,,Truck
SIDE MIRROR LHD IVECO,611383,MIRROR - SIDE - LHD IVECO / 611383,"2. CABIN, BODY & CHASSIS","Body, Glass & Mirrors","Panels, Doors & Mounts",IVECO,Truck
SIDE THRUST WASHER DIFF 205659,20565923,WASHER - THRUST - SIDE DIFF / 20565923,1. ENGINE & POWERTRAIN,Drivetrain & Transmission,Differentials & Final Drives,,Truck
SIGHT GLASS BODY AS 9Y 9236,9Y 9236,GLASS - SIGHT - BODY AS / 9Y 9236,1. ENGINE & POWERTRAIN,Engine Mechanicals,"Blocks, Heads & Valvetrain",,Earth Moving Machinery
"SILENCER, AIR DRYER 1.18361",1.18361,SILENCER - AIR DRYER - 1.18361,4. BRAKES & PNEUMATICS,Brake Actuation & Control,Air Valves & Governors,DT,Truck
"SILICONE COMPOUND, 310ML 1.162",1.1629,COMPOUND - SILICONE - 310ML / 1.162,"6. CONSUMABLES, SERVICE & WEAR",Paints & Chemicals,Fluids & Aerosols (Cleaners/Sealants),DT,Universal Workshop
SILICONE GASKET FOR TYRE TAGS,90817181,GASKET - SILICONE - TYRE TAGS / 90817181,"6. CONSUMABLES, SERVICE & WEAR",Paints & Chemicals,Fluids & Aerosols (Cleaners/Sealants),,Universal Workshop
SILVER 199,199,PAINT - SILVER - 199,"6. CONSUMABLES, SERVICE & WEAR",Paints & Chemicals,Bulk Paint & Thinners,,Universal Workshop
SILVERCOAT 30 1.5MM 100G (LIGH,W001031,COATING - SILVER - 30 1.5MM 100G / W001031,"6. CONSUMABLES, SERVICE & WEAR",Paints & Chemicals,Bulk Paint & Thinners,,Universal Workshop
SINGLE DIRECTION THRUST BEARIN,51128,BEARING - THRUST - SINGLE DIRECTION / 51128,"3. SUSPENSION, STEERING & AXLES",Axles & Hubs,Wheel Bearings & Seals,,Universal / Fleet
SINGLE VALVE EXTENSION FIXING,3040168,FIXING - VALVE - SINGLE EXTENSION / 3040168,"6. CONSUMABLES, SERVICE & WEAR",Fasteners & Hardware,Tyres & Tyre Accessories,,Universal Workshop
SKF BEARING 6303-2Z/C3,6303-2Z/C3,BEARING - SKF - 6303-2Z/C3,"3. SUSPENSION, STEERING & AXLES",Axles & Hubs,Wheel Bearings & Seals,FAG,Truck
SKF COMPLETE REAR HUB VKHC5919,VKHC5919,HUB - REAR - SKF / VKHC5919,"3. SUSPENSION, STEERING & AXLES",Axles & Hubs,Hub Assemblies,SKF,Truck
SKF DRAG LINK VKDCV4044,VKDV04044,LINK - DRAG - SKF / VKDCV4044,"3. SUSPENSION, STEERING & AXLES",Steering Components,Tie Rods & Drag Links,skf,Truck
SKF REAR HUB BEARING VKBA5423,VKBA5423,BEARING - REAR HUB - SKF / VKBA5423,"3. SUSPENSION, STEERING & AXLES",Axles & Hubs,Wheel Bearings & Seals,SKF,Truck
SKF TRACK ROD VKDCV04008,VKDCV04008,ROD - TRACK - SKF / VKDCV04008,"3. SUSPENSION, STEERING & AXLES",Steering Components,Tie Rods & Drag Links,skf,Truck
SKF VKMV-8PK 1535/37 ALTERNATO,8PK 1537,ALTERNATOR - BELT - SKF / 8PK 1537,1. ENGINE & POWERTRAIN,Cooling System,Belts & Tensioners,,Universal / Fleet
SKF VKMV-8PK 1535/37 ALTERNATO,8PK 1537,ALTERNATOR - BELT - SKF / 8PK 1537,1. ENGINE & POWERTRAIN,Cooling System,Belts & Tensioners,,Universal / Fleet
"SKF V-STAY, BALL TYPE VKDCV12",VKDV12047,STAY - BALL - SKF / VKDV12047,"3. SUSPENSION, STEERING & AXLES",Suspension Systems,Shock Absorbers & Bushes,DT,Truck
SKF WATER PUMP VKPC 7016,VKPC 7016,PUMP - WATER - SKF / VKPC 7016,1. ENGINE & POWERTRAIN,Cooling System,Radiators & Coolers,SKF,Truck
SKF/TIMKEN TAPERED ROLLER BPW,B-33213,BEARING - TAPERED ROLLER - SKF/TIMKEN / B-33213,"3. SUSPENSION, STEERING & AXLES",Axles & Hubs,Wheel Bearings & Seals,,Trailer
SL045024-D-PP-2NR CYLINDRICAL,SL045024-D-PP-2NR,CYLINDER - CYLINDRICAL - SL045024-D-PP-2NR / SL045024-D-PP-2NR,"3. SUSPENSION, STEERING & AXLES",Axles & Hubs,Wheel Bearings & Seals,,Universal / Fleet
SLACK ADJASTER SPRING 420 BRAK,XT701301,ADJUSTER - SLACK - XT701301,4. BRAKES & PNEUMATICS,Foundation Brakes,Slack Adjusters & Calipers,,Trailer
SLACK ADJUSTER 10 SPLINE MANUA,SA10SM,ADJUSTER - SLACK - SA10SM,4. BRAKES & PNEUMATICS,Foundation Brakes,Slack Adjusters & Calipers,,Trailer
SLAVE MASTER CYLINDER 31470-60,31470-60290,CYLINDER - MASTER - 31470-60290,1. ENGINE & POWERTRAIN,Drivetrain & Transmission,Clutches & Flywheels,Toyota,LDV
SLEEVE LINER SEAL KIT FOR CYLI,2.91142,KIT - SEAL - 2.91142,1. ENGINE & POWERTRAIN,Engine Mechanicals,"Pistons, Rings & Liners",DT,Truck
SMALL BRAKE ROLLER HNR,HNR00016,ROLLER - BRAKE - HNR / HNR00016,4. BRAKES & PNEUMATICS,Foundation Brakes,"Brake Shoes, Pads & Linings",,Trailer
SMALL FISH TAIL BULB 24V 5W 2.,2.27226,BULB - FISH TAIL - 24V 5W / 2.27226,7. ELECTRICAL & INSTRUMENTATION,Lighting & Signage,Bulbs & Lenses,,Universal / Fleet
SMALL FRONT CABIN SHOCK ABSORB,2.70091,SHOCK - FRONT CABIN - 2.70091,"3. SUSPENSION, STEERING & AXLES",Suspension Systems,Shock Absorbers & Bushes,DT,Truck
SMALL FUSE 10A 9.69102,9.69102,FUSE - 10A - 9.69102,7. ELECTRICAL & INSTRUMENTATION,Sensors & Instrumentation,Wiring Harnesses & Relays,DT,Universal / Fleet
SMALL FUSE 15A,15A,FUSE - 15A - 15A,7. ELECTRICAL & INSTRUMENTATION,Sensors & Instrumentation,Wiring Harnesses & Relays,,Universal / Fleet
SMALL RETURN SPRING 17040,17040,SPRING - RETURN - 17040,4. BRAKES & PNEUMATICS,Foundation Brakes,"Brake Shoes, Pads & Linings",,Trailer
"SMALL SLIDING SLEEVE, D13A 2.3",2.3297,SLEEVE - SLIDING - D13A 2.3 / 2.3297,1. ENGINE & POWERTRAIN,Drivetrain & Transmission,Gearboxes & PTOs,d,Truck
SMALL SPLIT PIN HNR 2800PS,HNR00020,PIN - SPLIT - HNR / HNR00020,"6. CONSUMABLES, SERVICE & WEAR",Fasteners & Hardware,Hardware & Brackets (Nuts/Bolts/Raw Steel),,Trailer
SMOOTH COTTON TAPE,TAPC019,TAPE - COTTON - TAPC019,"6. CONSUMABLES, SERVICE & WEAR",Fasteners & Hardware,Workshop Consumables,,Universal Workshop
SNAP RING 096 2653,096 2653,RING - SNAP - 096 2653,"6. CONSUMABLES, SERVICE & WEAR",Fasteners & Hardware,Hardware & Brackets (Nuts/Bolts/Raw Steel),Caterpillar,Earth Moving Machinery
SOLDER TYRE RADIATOR REPAIR &,334 7678,REPAIR - TYRE RADIATOR - 334 7678,"6. CONSUMABLES, SERVICE & WEAR",Fasteners & Hardware,Tyres & Tyre Accessories,,Universal Workshop
SOLDERING STICK,8367097165,STICK - SOLDERING - 8367097165,"6. CONSUMABLES, SERVICE & WEAR",Fasteners & Hardware,Workshop Consumables,,Universal Workshop
"SOLENOID KIT, I-SHIFT TECU C/W",VH-2705 / 2713,KIT - SOLENOID - I-SHIFT TECU / VH-2705 / 2713,1. ENGINE & POWERTRAIN,Drivetrain & Transmission,Gearboxes & PTOs,,Truck
"SOLENOID KIT, I-SHIFT TECU C/W",VH-2708/2714,,1. ENGINE & POWERTRAIN,Drivetrain & Transmission,Gearboxes & PTOs,,Truck
"SOLENOID SWITCH, STARTER MOTOR",6.27294,SWITCH - SOLENOID - STARTER MOTOR / 6.27294,7. ELECTRICAL & INSTRUMENTATION,Starting & Charging,Starter Motors,DT,Truck
SOLENOID VALVE ACTUATOR VERSIO,22327072,ACTUATOR - VALVE - VERSIO / 22327072,1. ENGINE & POWERTRAIN,Drivetrain & Transmission,Gearboxes & PTOs,volvo,Truck
"SOLENOID VALVE ACTUATOR, I-SHI",2.14651,ACTUATOR - VALVE - I-SHI / 2.14651,1. ENGINE & POWERTRAIN,Drivetrain & Transmission,Gearboxes & PTOs,volvo,Truck
SPACER 141 0752,141 0752,SPACER - 141 - 141 0752,"6. CONSUMABLES, SERVICE & WEAR",Fasteners & Hardware,Hardware & Brackets (Nuts/Bolts/Raw Steel),CTP,Earth Moving Machinery
SPACER BEARING 6E 4003 FOR STE,6E-4003,SPACER - BEARING - 6E-4003,"3. SUSPENSION, STEERING & AXLES",Axles & Hubs,Wheel Bearings & Seals,,Universal / Fleet
SPACER FOR THE ARTICULATION 95,7V 8632,SPACER - ARTICULATION - 7V 8632,"2. CABIN, BODY & CHASSIS",Structural Chassis & Towing,Chassis Rails & Crossmembers,Caterpillar,Earth Moving Machinery
SPARE PARTS KIT GASKETS DYNAJE,501274,KIT - SPARE PARTS - DYNAJE / 501274,"6. CONSUMABLES, SERVICE & WEAR",Fasteners & Hardware,Workshop Consumables,RONGPENG,Universal Workshop
SPARK PLUG 90919-01191 TOYOTA,90919-01191,PLUG - SPARK - TOYOTA / 90919-01191,1. ENGINE & POWERTRAIN,Engine Mechanicals,"Blocks, Heads & Valvetrain",Toyota,LDV
SPARK PLUG 90919-01210 RAV 4,90919-01210,PLUG - SPARK - 90919-01210 / RAV 4,1. ENGINE & POWERTRAIN,Engine Mechanicals,"Blocks, Heads & Valvetrain",TOYOTA,LDV
SPECIAL CEMENT 650G,5159389,CEMENT - SPECIAL - 650G / 5159389,"6. CONSUMABLES, SERVICE & WEAR",Paints & Chemicals,Fluids & Aerosols (Cleaners/Sealants),,Universal Workshop
SPEED SENSOR 318 1178,318 1178,SENSOR - SPEED - 318 1178,7. ELECTRICAL & INSTRUMENTATION,Sensors & Instrumentation,Pressure & Temp Switches,Cat,Earth Moving Machinery
SPEED SENSOR AUTOMATIC VOLVO 2,21712010031 / 2.77167,SENSOR - SPEED - 21712010031 / VOLVO 2,7. ELECTRICAL & INSTRUMENTATION,Sensors & Instrumentation,Pressure & Temp Switches,volvo,Truck
SPHERICAL ROLLER 0501209188,0501209188,ROLLER - SPHERICAL - 0501209188,"3. SUSPENSION, STEERING & AXLES",Axles & Hubs,Wheel Bearings & Seals,ZF,Truck
SPIDER 125 8810,125 8810,SPIDER - - 125 8810,1. ENGINE & POWERTRAIN,Drivetrain & Transmission,Differentials & Final Drives,CGR CHINASSI,Earth Moving Machinery
SPIDER 950/962 4E 9324,4E 9324,SPIDER - - 4E 9324,1. ENGINE & POWERTRAIN,Drivetrain & Transmission,Differentials & Final Drives,Caterpillar,Earth Moving Machinery
SPIDER KIT UNIVERSAL JOINT 043,043710K082,KIT - SPIDER - 043 / UNIVERSAL JOINT,1. ENGINE & POWERTRAIN,Drivetrain & Transmission,Driveshafts & U-Joints,TOYOTA,LDV
"SPIDER KIT, FRONT PROPELLER UN",04371-36030,KIT - SPIDER - 04371-36030 / FRONT PROPELLER,1. ENGINE & POWERTRAIN,Drivetrain & Transmission,Driveshafts & U-Joints,TOYOTA,LDV
SPINDLE LAWN MOWER JOHN DEERE,AUC15811,SPINDLE - LAWN MOWER - AUC15811 / JOHN DEERE,"3. SUSPENSION, STEERING & AXLES",Axles & Hubs,Axle Shafts & Housings,,Auxillary
SPOT PUTTY 2KG,1647011162,PUTTY - SPOT - 2KG / 1647011162,"6. CONSUMABLES, SERVICE & WEAR",Paints & Chemicals,Fluids & Aerosols (Cleaners/Sealants),,Universal Workshop
SPRING 363 4541 TRANSIMISSION,363 4541,SPRING - - 363 4541 / TRANSIMISSION,1. ENGINE & POWERTRAIN,Drivetrain & Transmission,Gearboxes & PTOs,Cat,Earth Moving Machinery
SPRING 3T 7584 TRANSIMISSION L,3T 7584,SPRING - - 3T 7584 / TRANSIMISSION L,1. ENGINE & POWERTRAIN,Drivetrain & Transmission,Gearboxes & PTOs,Cat,Earth Moving Machinery
SPRING 8P 7858,8P 7858,SPRING - - 8P 7858,"6. CONSUMABLES, SERVICE & WEAR",Fasteners & Hardware,Hardware & Brackets (Nuts/Bolts/Raw Steel),,Earth Moving Machinery
SPRING BRAKE CHAMBER 1.18055 V,1.18055,CHAMBER - BRAKE - 1.18055 / V,4. BRAKES & PNEUMATICS,Brake Actuation & Control,Brake Boosters & Chambers,DT,Truck
"SPRING BRAKE CHAMBER, 2.40430",2.4043,CHAMBER - BRAKE - 2.4043,4. BRAKES & PNEUMATICS,Brake Actuation & Control,Brake Boosters & Chambers,DT,Truck
"SPRING BRAKE CHAMBER, 24/30 2.",2.40418,CHAMBER - BRAKE - 2.40418 / 24/30,4. BRAKES & PNEUMATICS,Brake Actuation & Control,Brake Boosters & Chambers,DT,Truck
SPRING BUSH BPW/SAF/YK 30X57X1,0203169001,BUSH - SPRING - 0203169001 / BPW/SAF/YK 30X57X1,"3. SUSPENSION, STEERING & AXLES",Suspension Systems,Shock Absorbers & Bushes,BPW,Trailer
SPRING BUSHES MOUNTING KIT 2.9,2.96146,KIT - BUSHES - 2.96146 / MOUNTING,"3. SUSPENSION, STEERING & AXLES",Suspension Systems,Shock Absorbers & Bushes,DT,Truck
SPRING BUSHING A-1345-1 2.6121,2.61213,BUSHING - SPRING - 2.61213 / A-1345-1,"3. SUSPENSION, STEERING & AXLES",Suspension Systems,Shock Absorbers & Bushes,LEMA,Truck
SPRING EYE PIN 2.61203,2.61203,PIN - EYE - 2.61203 / SPRING,"3. SUSPENSION, STEERING & AXLES",Suspension Systems,Shock Absorbers & Bushes,DT,Truck
SPRING RETAINER 2.10560 D13A,2.1056,RETAINER - SPRING - 2.1056 / D13A,1. ENGINE & POWERTRAIN,Engine Mechanicals,"Blocks, Heads & Valvetrain",,Truck
"SPRING, ASSY-GAS KIT- STRUT 96",319 9511,KIT - ASSY-GAS - 319 9511 / STRUT 96,"3. SUSPENSION, STEERING & AXLES",Suspension Systems,Shock Absorbers & Bushes,Cat,Earth Moving Machinery
SQUARE RELAY VALVE 30068328 2.,2.47002,VALVE - RELAY - 2.47002 / SQUARE,4. BRAKES & PNEUMATICS,Brake Actuation & Control,Air Valves & Governors,wabco,Trailer
STABILIZER CONTROL ARM SECOND,LEM108011,ARM - CONTROL - LEM108011 / STABILIZER SECOND,"3. SUSPENSION, STEERING & AXLES",Suspension Systems,Shock Absorbers & Bushes,LEM,Truck
STABILIZER LINK- LEFT FOR HILU,TR6014LP,LINK - STABILIZER - TR6014LP / LEFT FOR HILU,"3. SUSPENSION, STEERING & AXLES",Suspension Systems,Shock Absorbers & Bushes,TOYOTA,LDV
STABILIZER LINK- RIGHT FOR HIL,TR6014RP,LINK - STABILIZER - TR6014RP / RIGHT FOR HIL,"3. SUSPENSION, STEERING & AXLES",Suspension Systems,Shock Absorbers & Bushes,TOYOTA,LDV
"STABILIZER STAY, FRONT C22 X 3",2.6123,STAY - STABILIZER - 2.6123 / FRONT C22 X 3,"3. SUSPENSION, STEERING & AXLES",Suspension Systems,Shock Absorbers & Bushes,DT,Truck
STARTER MOTOR 2.22020,2.2202,MOTOR - STARTER - 2.2202,7. ELECTRICAL & INSTRUMENTATION,Starting & Charging,Starter Motors,DT,Truck
STARTER MOTOR FOR 740 ADT 207,207 1556,MOTOR - STARTER - 207 1556 / FOR 740 ADT,7. ELECTRICAL & INSTRUMENTATION,Starting & Charging,Starter Motors,,Earth Moving Machinery
STARTER MOTOR GASKET 962/950GI,3K 3257,GASKET - STARTER MOTOR - 3K 3257,1. ENGINE & POWERTRAIN,Engine Mechanicals,Engine Seals & Gaskets,CAT,Earth Moving Machinery
"STARTER MOTOR REPAIR KIT, 42MT",79-1116,REPAIR KIT - STARTER MOTOR - 79-1116,7. ELECTRICAL & INSTRUMENTATION,Starting & Charging,Starter Motors,,Truck
STARTER MOTOR VOLVO 2.22010,2.2201,MOTOR - STARTER - VOLVO / 2.2201,7. ELECTRICAL & INSTRUMENTATION,Starting & Charging,Starter Motors,DT,Truck
STARTER RELAY 2.22105,2.22105,RELAY - STARTER - 2.22105,7. ELECTRICAL & INSTRUMENTATION,Sensors & Instrumentation,Wiring Harnesses & Relays,DT,Truck
STARTER RELAY V4 2.22108,2.22108,RELAY - STARTER - V4 / 2.22108,7. ELECTRICAL & INSTRUMENTATION,Sensors & Instrumentation,Wiring Harnesses & Relays,DT,Truck
STEEL CONNECTOR 12MM,2260100012,CONNECTOR - STEEL - 2260100012,"6. CONSUMABLES, SERVICE & WEAR",Fasteners & Hardware,Hardware & Brackets (Nuts/Bolts/Raw Steel),,Universal Workshop
STEEL PRATLEY,20190011,PRATLEY - STEEL - 20190011,"6. CONSUMABLES, SERVICE & WEAR",Paints & Chemicals,Fluids & Aerosols (Cleaners/Sealants),Steel quickset,Universal Workshop
STEEL TRUCK VALVE CAPS,STVC,CAP - VALVE - STEEL TRUCK / STVC,"6. CONSUMABLES, SERVICE & WEAR",Fasteners & Hardware,Tyres & Tyre Accessories,,Universal Workshop
STEERING BASE VERSION 4 237966,23796624,BASE - STEERING - VERSION 4 / 23796624,"3. SUSPENSION, STEERING & AXLES",Steering Components,Steering Boxes & Racks,Volvo,Truck
STEERING COLUMN SWITCH V4 2.27,2.27315,SWITCH - STEERING COLUMN - V4 / 2.27315,7. ELECTRICAL & INSTRUMENTATION,Sensors & Instrumentation,Wiring Harnesses & Relays,volvo,Truck
STEERING COLUMN V3 SWITCH 2.2,2.25073,SWITCH - STEERING COLUMN - V3 / 2.25073,7. ELECTRICAL & INSTRUMENTATION,Sensors & Instrumentation,Wiring Harnesses & Relays,DT,Truck
STEERING CYLINDER PIN 136 1711,136 1711,PIN - STEERING CYLINDER - 136 1711,"3. SUSPENSION, STEERING & AXLES",Steering Components,Steering Linkages & Kingpins,Cat,Earth Moving Machinery
STEERING DUMPER FOR TOYOTA LAN,113233447,DUMPER - STEERING - TOYOTA LAN / 113233447,"3. SUSPENSION, STEERING & AXLES",Steering Components,Steering Linkages & Kingpins,TOYOTA,LDV
STEERING KNUCKLE ARM TAPERED R,90366-20003,ARM - KNUCKLE - TAPERED R / 90366-20003,"3. SUSPENSION, STEERING & AXLES",Steering Components,Steering Linkages & Kingpins,TOYOTA,LDV
"STEERING LOCK KIT, IGNITION VO",2.27067,LOCK KIT - STEERING - IGNITION VO / 2.27067,7. ELECTRICAL & INSTRUMENTATION,Sensors & Instrumentation,Wiring Harnesses & Relays,DT,Truck
STEERING PUMP 2.53458,2.53458,PUMP - STEERING - 2.53458,"3. SUSPENSION, STEERING & AXLES",Steering Components,Power Steering Pumps & Reservoirs,BOSCH,Truck
STEERING PUMP BENZ 1820 LP2103,LP2103043,PUMP - STEERING - BENZ 1820 / LP2103043,"3. SUSPENSION, STEERING & AXLES",Steering Components,Power Steering Pumps & Reservoirs,SORL,Truck
STEERING WHEEL SENSOR V4 22071,22071586,SENSOR - STEERING WHEEL - V4 / 22071586,7. ELECTRICAL & INSTRUMENTATION,Sensors & Instrumentation,Pressure & Temp Switches,Volvo,Truck
STEMCO HUBODOMETER - KM,650-0537,HUBODOMETER - STEMCO - KM / 650-0537,"3. SUSPENSION, STEERING & AXLES",Axles & Hubs,Hub Assemblies,,Trailer
STONE CHIP SEALER BLACK 1L,164729105,SEALER - STONE CHIP - BLACK 1L / 164729105,"6. CONSUMABLES, SERVICE & WEAR",Paints & Chemicals,Fluids & Aerosols (Cleaners/Sealants),Luxor,Universal Workshop
STRAP 4V 7081,4V 7081,STRAP - 4V - 7081,"6. CONSUMABLES, SERVICE & WEAR",Fasteners & Hardware,Hardware & Brackets (Nuts/Bolts/Raw Steel),,Earth Moving Machinery
STRAP 950/962 4E 3273,4E 3273,STRAP - 950/962 - 4E 3273,"6. CONSUMABLES, SERVICE & WEAR",Fasteners & Hardware,Hardware & Brackets (Nuts/Bolts/Raw Steel),,Earth Moving Machinery
STRIMING PUMP TR FOR STEERING,3067001115,PUMP - STRIMING - TR FOR STEERING / 3067001115,"3. SUSPENSION, STEERING & AXLES",Steering Components,Power Steering Pumps & Reservoirs,,Truck
STRONG BLACK/HALF MOON SINGLE,10005,STRONG - BLACK/HALF MOON - SINGLE / 10005,"3. SUSPENSION, STEERING & AXLES",Suspension Systems,Leaf Springs & U-Bolts,,Trailer
STUD BOLT / NUT TOYOTA HILUX,456659,BOLT - STUD - TOYOTA HILUX / 456659,"3. SUSPENSION, STEERING & AXLES",Axles & Hubs,Wheel Studs & Nuts,,LDV
"STUD BOLT, M14 X 62/20 2.35076",2.35076,BOLT - STUD - M14 X 62/20 / 2.35076,"3. SUSPENSION, STEERING & AXLES",Axles & Hubs,Wheel Studs & Nuts,DT,Truck
STUD ONLY BPW ECO DUAL NUT M22,445566787,STUD - ONLY - BPW ECO DUAL NUT M22 / 445566787,"3. SUSPENSION, STEERING & AXLES",Axles & Hubs,Wheel Studs & Nuts,BPW,Trailer
STUD ONLY FRUEHUEF S/SINGLE M2,STT0001,STUD - ONLY - FRUEHUEF S/SINGLE M2 / STT0001,"3. SUSPENSION, STEERING & AXLES",Axles & Hubs,Wheel Studs & Nuts,,Trailer
STUD WHEEL M22 X 1.5 SERRTED A,AJ000101,STUD - WHEEL - M22 X 1.5 SERRTED A / AJ000101,"3. SUSPENSION, STEERING & AXLES",Axles & Hubs,Wheel Studs & Nuts,,Trailer
"STUD WITH NUTS, BPW P/IN D M22",04044,STUD - WITH NUTS - BPW P/IN D M22 / 04044,"3. SUSPENSION, STEERING & AXLES",Axles & Hubs,Wheel Studs & Nuts,,Trailer
SUPER LUPLEX GREASE M3 PER KG,130710021,GREASE - OILS & LUBRICANTS - 130710021,"6. CONSUMABLES, SERVICE & WEAR",Oils & Lubricants,Greases & Pastes,TITAN CARGO,Universal Workshop
SUPPORT SUB-ASSY FR 486090K040,486090K010,SUPPORT - STRUCTURAL - 486090K010,"3. SUSPENSION, STEERING & AXLES",Suspension Systems,Shock Absorbers & Bushes,TOYOTA,LDV
SUPPORT SUB-ASSY FR 486090K120,486090K120,SUPPORT - STRUCTURAL - 486090K120,"3. SUSPENSION, STEERING & AXLES",Suspension Systems,Shock Absorbers & Bushes,,LDV
SUSPENSION BPW ADJUSTABLE TORQ,0517482214,TORQUE - ADJUSTABLE - BPW / 0517482214,"3. SUSPENSION, STEERING & AXLES",Suspension Systems,Hardware & Brackets,FRUEHAUF,Trailer
SUZIE 7 CORE LONG CABLE ELECTR,101570310,CABLE - ELECTRICAL - 101570310,7. ELECTRICAL & INSTRUMENTATION,Sensors & Instrumentation,Wiring Harnesses & Relays,,Truck
SUZIE PIPE RED,101570110,PIPE - AIR DISTRIBUTION - 101570110,4. BRAKES & PNEUMATICS,Air Lines & Fittings,"Hoses, Pipes & Tubes",,Truck
SWASHPLATE 121 3042,121 3042,SWASHPLATE - MECHANICAL - 121 3042,5. HYDRAULICS,Hydraulic Pumps & Motors,Gear & Piston Pumps,,Earth Moving Machinery
"SWITCH ,ENGINE PRESSURE 3E 202",3E 2024,SWITCH - SENSORS - 3E 2024,7. ELECTRICAL & INSTRUMENTATION,Sensors & Instrumentation,Pressure & Temp Switches,Caterpillar,Earth Moving Machinery
SWITCH 108 3320,108 3320,SWITCH - SENSORS - 108 3320,7. ELECTRICAL & INSTRUMENTATION,Sensors & Instrumentation,Pressure & Temp Switches,Cat,Earth Moving Machinery
SWITCH 111 4799 374 EX,111 4799,SWITCH - SENSORS - 111 4799,7. ELECTRICAL & INSTRUMENTATION,Sensors & Instrumentation,Pressure & Temp Switches,Caterpillar,Earth Moving Machinery
SWITCH 218 0653,218 0653,SWITCH - SENSORS - 218 0653,7. ELECTRICAL & INSTRUMENTATION,Sensors & Instrumentation,Pressure & Temp Switches,Cat,Earth Moving Machinery
SWITCH 313 5104,313 5104,SWITCH - SENSORS - 313 5104,7. ELECTRICAL & INSTRUMENTATION,Sensors & Instrumentation,Pressure & Temp Switches,Cat,Earth Moving Machinery
SWITCH AS 271 2818,271 2818,SWITCH - SENSORS - 271 2818,7. ELECTRICAL & INSTRUMENTATION,Sensors & Instrumentation,Pressure & Temp Switches,Caterpillar,Earth Moving Machinery
SWITCH AS STARTER 467 8535,467 8535,SWITCH - SENSORS - 467 8535,7. ELECTRICAL & INSTRUMENTATION,Starting & Charging,Starter Motors,Cat,Earth Moving Machinery
SWITCH ASSY 213 0676,213 0676,SWITCH - ASSY - 213 0676,7. ELECTRICAL & INSTRUMENTATION,Sensors & Instrumentation,Pressure & Temp Switches,Cat,Earth Moving Machinery
SWITCH ASSY PRESSURE 459 2594,459 2594,SWITCH - ASSY - 459 2594,7. ELECTRICAL & INSTRUMENTATION,Sensors & Instrumentation,Pressure & Temp Switches,Cat,Earth Moving Machinery
"SWITCH ASSY, PRESSURE HIGH-LOW",114-5333,SWITCH - ASSY - 114-5333,7. ELECTRICAL & INSTRUMENTATION,Sensors & Instrumentation,Pressure & Temp Switches,Cat,Earth Moving Machinery
"SWITCH CLUSTER, LIGHT V2 3000",2.2539,SWITCH - CLUSTER - 2.2539,7. ELECTRICAL & INSTRUMENTATION,Sensors & Instrumentation,Wiring Harnesses & Relays,DT,Truck
"SWITCH CLUSTER, LIGHT V2 3000",2.2539,SWITCH - CLUSTER - 2.2539,7. ELECTRICAL & INSTRUMENTATION,Sensors & Instrumentation,Wiring Harnesses & Relays,DT,Truck
"SWITCH CLUSTER, LIGHT V2 30007",2.2539,SWITCH - CLUSTER - 2.2539,7. ELECTRICAL & INSTRUMENTATION,Sensors & Instrumentation,Wiring Harnesses & Relays,DT,Truck
"SWITCH CLUSTER, LIGHT V2 30007",2.2539,SWITCH - CLUSTER - 2.2539,7. ELECTRICAL & INSTRUMENTATION,Sensors & Instrumentation,Wiring Harnesses & Relays,DT,Truck
SWITCH PRESSURE 459 2593,459 2593,SWITCH - SENSORS - 459 2593,7. ELECTRICAL & INSTRUMENTATION,Sensors & Instrumentation,Pressure & Temp Switches,Caterpillar,Earth Moving Machinery
"SWITCH, PARKING BRAKE 2.25906",2.25906,SWITCH - SENSORS - 2.25906,7. ELECTRICAL & INSTRUMENTATION,Sensors & Instrumentation,Wiring Harnesses & Relays,,Universal / Fleet
SWITCH. PUSH BUTTON 218 0652,218 0652,SWITCH - PUSH BUTTON - 218 0652,7. ELECTRICAL & INSTRUMENTATION,Sensors & Instrumentation,Pressure & Temp Switches,Cat,Earth Moving Machinery
SYNCHRONIZER REPAIR KIT GEAR B,2.93211,REPAIR KIT - SYNCHRONIZER - 2.93211,1. ENGINE & POWERTRAIN,Drivetrain & Transmission,Gearboxes & PTOs,DT,Truck
"SYNCHRONIZER RING, VT 2.32566/",2.32566,RING - SYNCHRONIZER - 2.32566,1. ENGINE & POWERTRAIN,Drivetrain & Transmission,Gearboxes & PTOs,DT,Truck
T45-RND45 SPEEDROD 9051 5313,9051 5313,SPEEDROD - T45-RND45 - 9051 5313,5. HYDRAULICS,Ground Engaging Tools (GET),Hardware & Mounts,,Earth Moving Machinery
T51 JAWS STEEL SUPPORT 3222 30,3222 3097 44,SUPPORT - JAWS - 3222 3097 44,5. HYDRAULICS,Ground Engaging Tools (GET),Hardware & Mounts,,Earth Moving Machinery
T51-RND51 SPEEDROD 9051 5311,9051 5311,SPEEDROD - T51-RND51 - 9051 5311,5. HYDRAULICS,Ground Engaging Tools (GET),Hardware & Mounts,Epiroc,Earth Moving Machinery
T6 2.2 FORD RANGER STARTER MOT,MVC-00115,MOTOR - STARTER - FORD RANGER / MVC-00115,7. ELECTRICAL & INSTRUMENTATION,Starting & Charging,Starter Motors,,LDV
TAIL GATE HOLDING CABLES HILUX,112233468,CABLE - HOLDING - HILUX / 112233468,"2. CABIN, BODY & CHASSIS","Body, Glass & Mirrors","Panels, Doors & Mounts",,LDV
TAIL LAMP WHITE LED,101251523,LAMP - TAIL - WHITE LED / 101251523,7. ELECTRICAL & INSTRUMENTATION,Lighting & Signage,Beacons & Tail Lights,,Trailer
TAIL LIGHT BLACKET COMPLETE 3,445566779,LIGHT - TAIL - 445566779,7. ELECTRICAL & INSTRUMENTATION,Lighting & Signage,Lighting Housings & Assemblies,,Trailer
TAIL LIGHT FOR COASTER BUS LEF,55772235,LIGHT - TAIL - 55772235,7. ELECTRICAL & INSTRUMENTATION,Lighting & Signage,Beacons & Tail Lights,TOYOTA,LDV
TAIL LIGHT FOR COASTER BUS RIG,55772234,LIGHT - TAIL - 55772234,7. ELECTRICAL & INSTRUMENTATION,Lighting & Signage,Beacons & Tail Lights,TOYOTA,LDV
TAIL LIGHT FOR TOYOTA HILUX R,456657,LIGHT - TAIL - 456657,7. ELECTRICAL & INSTRUMENTATION,Lighting & Signage,Beacons & Tail Lights,TOYOTA,LDV
TANK AIR - 30LTR TRAILERS KE00,KE003113,TANK - AIR - KE003113,4. BRAKES & PNEUMATICS,Brake Actuation & Control,Air Valves & Governors,,Trailer
TARPAULIN PVC 16MTRS X 7.5MTRS,600GSM,TARPAULIN - PVC - 600GSM,"6. CONSUMABLES, SERVICE & WEAR",Fasteners & Hardware,Workshop Consumables,,Trailer
TARPAULIN PVC BRANDED TENT 16M,20190026,TARPAULIN - PVC - 20190026,"6. CONSUMABLES, SERVICE & WEAR",Fasteners & Hardware,Workshop Consumables,,Trailer
TDTO 50 CATERPILLAR DIFF OIL 7,7X 7858,OIL - DIFF - CATERPILLAR / 7X 7858,"6. CONSUMABLES, SERVICE & WEAR",Oils & Lubricants,Engine & Gear Oils,CATERPILLAR,Earth Moving Machinery
TECHNICAL ANALYSIS AND VISUAL,971242224,ANALYSIS - TECHNICAL - 971242224,"6. CONSUMABLES, SERVICE & WEAR",Fasteners & Hardware,Workshop Consumables,,Universal Workshop
TEE STEEL CONNECTOR 12MM,2260100112,CONNECTOR - STEEL - 2260100112,"6. CONSUMABLES, SERVICE & WEAR",Fasteners & Hardware,Hardware & Brackets (Nuts/Bolts/Raw Steel),,Universal Workshop
TEFLON SM000901,SM000901,TEFLON - - SM000901,"6. CONSUMABLES, SERVICE & WEAR",Fasteners & Hardware,Hardware & Brackets (Nuts/Bolts/Raw Steel),,Trailer
TEMPERATURE SENSOR 2.27142,2.27142,SENSOR - TEMPERATURE - 2.27142,7. ELECTRICAL & INSTRUMENTATION,Sensors & Instrumentation,Pressure & Temp Switches,DT,Truck
TEMPERATURE SENSOR 950GII 264,264 4297,SENSOR - TEMPERATURE - 264 4297,7. ELECTRICAL & INSTRUMENTATION,Sensors & Instrumentation,Pressure & Temp Switches,Cat,Earth Moving Machinery
TEMPERATURE TRANSMITTER FIAT 4,4448131,TRANSMITTER - TEMPERATURE - FIAT / 4448131,7. ELECTRICAL & INSTRUMENTATION,Sensors & Instrumentation,Pressure & Temp Switches,IVECO,Truck
"TENSION REPAIR KIT, CABIN MOUN",2.97023,REPAIR KIT - TENSION - 2.97023,"2. CABIN, BODY & CHASSIS","Body, Glass & Mirrors","Panels, Doors & Mounts",DT,Truck
TENSIONER ASSY 13540-67020,13540-67020,ASSEMBLY - TENSIONER - 13540-67020,1. ENGINE & POWERTRAIN,Cooling System,Belts & Tensioners,TOYOTA,LDV
TENSIONER ROLLER 2.15454,2.15454,ROLLER - TENSIONER - 2.15454,1. ENGINE & POWERTRAIN,Cooling System,Belts & Tensioners,DT,Truck
TENSIONING BAND-EXHAUST 2.1413,2.14134,BAND - TENSIONING - EXHAUST / 2.14134,1. ENGINE & POWERTRAIN,Fuel & Air Induction,Turbochargers & Manifolds,DT,Truck
TEPHRON ROD 100MM X 1MTR,939710013,ROD - TEPHRON - 939710013,"6. CONSUMABLES, SERVICE & WEAR",Fasteners & Hardware,Hardware & Brackets (Nuts/Bolts/Raw Steel),,Universal Workshop
TEST CIPHER,TEST123,CIPHER - TEST - TEST123,"6. CONSUMABLES, SERVICE & WEAR",Fasteners & Hardware,Workshop Consumables,TEST,Universal Workshop
THERMOSTAT ELEMENT MCDA0052032,MCDA0052032775,ELEMENT - THERMOSTAT - MCDA0052032775,1. ENGINE & POWERTRAIN,Cooling System,Radiators & Coolers,volvo,Truck
THICK STEEL SHIM 159 0269,159 0269,SHIM - STEEL - 159 0269,"6. CONSUMABLES, SERVICE & WEAR",Fasteners & Hardware,Hardware & Brackets (Nuts/Bolts/Raw Steel),Cat,Earth Moving Machinery
THREAD AIR CONDITIONER HOSE FI,3E 4066,HOSE - AIR CONDITIONER - FI / 3E 4066,"2. CABIN, BODY & CHASSIS",HVAC & Cabin Comfort,AC Compressors & Evaporators,Caterpillar,Earth Moving Machinery
THREAD GREASE 9000 2915 18KG,9000 2915,GREASE - THREAD - 9000 2915,"6. CONSUMABLES, SERVICE & WEAR",Oils & Lubricants,Greases & Pastes,Copco,Universal Workshop
THREAD TAPE,8367197181,TAPE - THREAD - 8367197181,"6. CONSUMABLES, SERVICE & WEAR",Fasteners & Hardware,Workshop Consumables,,Universal Workshop
THRUST BEARING BENZ 1820,3047002251,BEARING - THRUST - BENZ / 3047002251,"3. SUSPENSION, STEERING & AXLES",Axles & Hubs,Wheel Bearings & Seals,MERCEDEZ BENZ,Truck
THRUST PLATE 253 1752,253 1752,PLATE - THRUST - 253 1752,1. ENGINE & POWERTRAIN,Engine Mechanicals,"Blocks, Heads & Valvetrain",I.P.D,Earth Moving Machinery
THRUST PLATE BEARING ADT 725/,246 3144,PLATE - THRUST - ADT / 246 3144,1. ENGINE & POWERTRAIN,Engine Mechanicals,"Blocks, Heads & Valvetrain",,Earth Moving Machinery
THRUST WASHER 10.10461,10.10461,WASHER - THRUST - 10.10461,1. ENGINE & POWERTRAIN,Engine Mechanicals,"Blocks, Heads & Valvetrain",DT,Trailer
THRUST WASHER 212 4893 962,212 4893,WASHER - THRUST - 212 4893,1. ENGINE & POWERTRAIN,Drivetrain & Transmission,Differentials & Final Drives,,Earth Moving Machinery
THRUST WASHER KIT- STD 2.91404,2.91404,WASHER - THRUST - STD / 2.91404,1. ENGINE & POWERTRAIN,Engine Mechanicals,"Blocks, Heads & Valvetrain",KOLBEN,Truck
THRUST WASHER T422291,T422291,WASHER - THRUST - T422291,1. ENGINE & POWERTRAIN,Engine Mechanicals,"Blocks, Heads & Valvetrain",Perkins,Universal / Fleet
TIE ROD 198 7834 TH460B,198 7834,ROD - TIE - TH460B / 198 7834,"3. SUSPENSION, STEERING & AXLES",Steering Components,Tie Rods & Drag Links,CTP,Earth Moving Machinery
TIE ROD ENDS FOR TOYOTA LAND C,113233457,ROD - TIE END - TOYOTA LAND C / 113233457,"3. SUSPENSION, STEERING & AXLES",Steering Components,Tie Rods & Drag Links,,LDV
TIGHTENER 217 8938,217 8938,TIGHTENER - - / 217 8938,1. ENGINE & POWERTRAIN,Cooling System,Belts & Tensioners,Cat,Earth Moving Machinery
TIMING BELT 13568-19195 COASTE,13568-191065,BELT - TIMING - COASTE / 13568-191065,1. ENGINE & POWERTRAIN,Cooling System,Belts & Tensioners,TOYOTA,Universal / Fleet
TIMING TENSIONER FOR TOYOTA HI,13540-17011,TENSIONER - TIMING - TOYOTA HI / 13540-17011,1. ENGINE & POWERTRAIN,Cooling System,Belts & Tensioners,TOYOTA,LDV
TIMKEN 30312 ROLLER BEARING,30312,BEARING - ROLLER - TIMKEN / 30312,"3. SUSPENSION, STEERING & AXLES",Axles & Hubs,Wheel Bearings & Seals,TIMKEN,Truck
TITAN CARGO 15W40 ENGINE OIL P,20190006,OIL - ENGINE - TITAN CARGO 15W40 / 20190006,"6. CONSUMABLES, SERVICE & WEAR",Oils & Lubricants,Engine & Gear Oils,TITAN CARGO,Universal Workshop
TITAN CARGO 15W40 ENGINE OIL P,21090006,,"6. CONSUMABLES, SERVICE & WEAR",Oils & Lubricants,Engine & Gear Oils,TITAN CARGO,Universal Workshop
TITAN GT1 FLEX 23 5W30 - 5L,1202018592,OIL - ENGINE - TITAN GT1 FLEX 23 5W30 / 1202018592,"6. CONSUMABLES, SERVICE & WEAR",Oils & Lubricants,Engine & Gear Oils,TITAN CARGO,Universal Workshop
TITAN SUPER GEAR 80W90 MC PER,1202018591,OIL - GEAR - TITAN SUPER GEAR 80W90 / 1202018591,"6. CONSUMABLES, SERVICE & WEAR",Oils & Lubricants,Engine & Gear Oils,TITAN CARGO,Universal Workshop
TITAN SUPER GEAR 85W140,1203018514,OIL - GEAR - TITAN SUPER GEAR 85W140 / 1203018514,"6. CONSUMABLES, SERVICE & WEAR",Oils & Lubricants,Engine & Gear Oils,TITAN CARGO,Universal Workshop
TITAN SUPER GEAR 85W140,85W140,,"6. CONSUMABLES, SERVICE & WEAR",Oils & Lubricants,Engine & Gear Oils,TITAN CARGO,Universal Workshop
TITAN SUPER GEAR 85W140,85140,,"6. CONSUMABLES, SERVICE & WEAR",Oils & Lubricants,Engine & Gear Oils,TITAN CARGO,Universal Workshop
TITAN SUPER GEAR OIL 80W 90 PE,1202118591,OIL - GEAR - TITAN SUPER GEAR 80W90 / 1202118591,"6. CONSUMABLES, SERVICE & WEAR",Oils & Lubricants,Engine & Gear Oils,TITAN CARGO,Universal Workshop
TITAN UTTO TO 4 10W SAE 10 HYD,1207010017,OIL - HYDRAULIC - TITAN UTTO TO 4 10W SAE 10 / 1207010017,"6. CONSUMABLES, SERVICE & WEAR",Oils & Lubricants,Transmission & Hydraulic Fluids,TITAN CARGO,Universal Workshop
TITAN UTTO TO 4 30 SAE 30 PER,1307010012,OIL - HYDRAULIC - TITAN UTTO TO 4 30 SAE 30 / 1307010012,"6. CONSUMABLES, SERVICE & WEAR",Oils & Lubricants,Transmission & Hydraulic Fluids,TITAN CARGO,Universal Workshop
TITAN UTTO TO 4 50 SAE 50 DIFF,1207020012,OIL - HYDRAULIC - TITAN UTTO TO 4 50 SAE 50 / 1207020012,"6. CONSUMABLES, SERVICE & WEAR",Oils & Lubricants,Engine & Gear Oils,TITAN CARGO,Universal Workshop
TOGGLE SWITCH-3222278802,3222 2788 02,SWITCH - TOGGLE - 3222278802 / 3222 2788 02,7. ELECTRICAL & INSTRUMENTATION,Sensors & Instrumentation,Wiring Harnesses & Relays,,Earth Moving Machinery
TOGGLE SWITICH 3 POSITION 3 LE,3047001122,SWITCH - TOGGLE - 3 POSITION 3 LE / 3047001122,7. ELECTRICAL & INSTRUMENTATION,Sensors & Instrumentation,Wiring Harnesses & Relays,,Universal Workshop
TOP COVER SECOND HAND FOR VOLV,TC-01,COVER - TOP - VOLVO / TC-01,1. ENGINE & POWERTRAIN,Drivetrain & Transmission,Gearboxes & PTOs,,Truck
TOP PISTON RING 168 7212,168-7212,RING - PISTON - 168 / 168-7212,1. ENGINE & POWERTRAIN,Engine Mechanicals,"Pistons, Rings & Liners",,Earth Moving Machinery
TOP SADDLE ASSEMBLY SO000501,SO000501,SADDLE - TOP ASSEMBLY - / SO000501,"3. SUSPENSION, STEERING & AXLES",Suspension Systems,Leaf Springs & U-Bolts,FRUEHAUF,Trailer
TR414 TUBELESS VALVE,TR414,,"6. CONSUMABLES, SERVICE & WEAR",Fasteners & Hardware,Tyres & Tyre Accessories,,Universal Workshop
TRAILER CONTROL VALVE 2.44072,2.44072,VALVE - CONTROL - 2.44072 / 2.44072,4. BRAKES & PNEUMATICS,Brake Actuation & Control,Air Valves & Governors,wabco,Truck
TRAILER CONTROL VALVE 2.44076,2.44076,VALVE - CONTROL - 2.44076 / 2.44076,4. BRAKES & PNEUMATICS,Brake Actuation & Control,Air Valves & Governors,DT,Truck
TRAILER CONTROL VALVE 2.44076,9730090020,,4. BRAKES & PNEUMATICS,Brake Actuation & Control,Air Valves & Governors,DT,Truck
TRANSMISION GAUGE 180 6518,180 6518,GAUGE - TRANSMISSION - 180 / 180 6518,7. ELECTRICAL & INSTRUMENTATION,Sensors & Instrumentation,Pressure & Temp Switches,Ctp,Earth Moving Machinery
TRANSMISION OIL FILTER 140K 33,338 3540/P569614,FILTER - OIL - TRANSMISSION 140K / 338 3540/P569614,1. ENGINE & POWERTRAIN,Drivetrain & Transmission,Gearboxes & PTOs,Donaldson,Earth Moving Machinery
TRANSMISSION ECM 304 5687,304 5687,ECM - TRANSMISSION - 304 / 304 5687,7. ELECTRICAL & INSTRUMENTATION,Sensors & Instrumentation,Wiring Harnesses & Relays,,Earth Moving Machinery
TRANSMISSION FILTER VOLVO P954,P954918,FILTER - TRANSMISSION - VOLVO / P954918,1. ENGINE & POWERTRAIN,Drivetrain & Transmission,Gearboxes & PTOs,Donaldson,Truck
TRANSMISSION FILTER WD962/19,WD962/19,FILTER - TRANSMISSION - WD962/19 / WD962/19,1. ENGINE & POWERTRAIN,Drivetrain & Transmission,Gearboxes & PTOs,Mann,Truck
TRANSMISSION GEAR LEVER 477 38,477 3852,LEVER - GEAR - TRANSMISSION / 477 3852,1. ENGINE & POWERTRAIN,Drivetrain & Transmission,Gearboxes & PTOs,Caterpillar,Earth Moving Machinery
TRIANGLE METAL XY812933,XY812933,METAL - TRIANGLE - / XY812933,"6. CONSUMABLES, SERVICE & WEAR",Fasteners & Hardware,Hardware & Brackets (Nuts/Bolts/Raw Steel),,Universal Workshop
TRUCK TRANSVERSAL TIE ROD 2.5,2.53116,ROD - TIE - 2.53116 / TRUCK,"3. SUSPENSION, STEERING & AXLES",Steering Components,Tie Rods & Drag Links,,Truck
TRUCK VALVE QUICK COUPLERS,90817184,COUPLER - QUICK - 90817184 / TRUCK,4. BRAKES & PNEUMATICS,Air Lines & Fittings,Push-in Fittings & Couplers,,Truck
"TUBE ASSY - 950/962GII, 105 41",105 4177,ASSEMBLY - TUBE - 105 4177 / 950/962GII,4. BRAKES & PNEUMATICS,Air Lines & Fittings,"Hoses, Pipes & Tubes",Cat,Earth Moving Machinery
TUBE TRANSPARENT 269 3084,269 3084,TUBE - TRANSPARENT - 269 3084,4. BRAKES & PNEUMATICS,Air Lines & Fittings,"Hoses, Pipes & Tubes",,Earth Moving Machinery
TUBELESS SEAL LOADERS 2D 2443,2D 2443,LOADER - TUBELESS SEAL - 2D 2443,"6. CONSUMABLES, SERVICE & WEAR",Fasteners & Hardware,Tyres & Tyre Accessories,Caterpillar,Earth Moving Machinery
TUFF STUFF BATERY ACID PER LIT,3141042308,ACID - BATTERY - 3141042308 / TUFF STUFF,7. ELECTRICAL & INSTRUMENTATION,Starting & Charging,Batteries & Cables,STUFF,Universal Workshop
TURBO CHARGER D13A 2.14664 VOL,2.14664,CHARGER - TURBO - 2.14664 / VOL,1. ENGINE & POWERTRAIN,Fuel & Air Induction,Turbochargers & Manifolds,DT,Truck
TURBOCHARGER PRESSURE SENSOR 2,2.27143,SENSOR - PRESSURE - 2.27143 / TURBOCHARGER,7. ELECTRICAL & INSTRUMENTATION,Sensors & Instrumentation,Pressure & Temp Switches,DT,Truck
"TURN SIGNAL HOUSING, LEFT VOLV",2.24486,HOUSING - TURN SIGNAL - 2.24486 / VOLVO,7. ELECTRICAL & INSTRUMENTATION,Lighting & Signage,Lighting Housings & Assemblies,,Truck
"TURN SIGNAL LAMP, LEFT 2.24496",2.24496,LAMP - TURN SIGNAL - 2.24496,7. ELECTRICAL & INSTRUMENTATION,Lighting & Signage,Beacons & Tail Lights,DT,Truck
TURN SIGNAL SWITCH VOLVO FH 2.,2.27302,SWITCH - TURN SIGNAL - 2.27302 / VOLVO FH,7. ELECTRICAL & INSTRUMENTATION,Sensors & Instrumentation,Wiring Harnesses & Relays,DFT,Truck
TYPE 24 1 PORT BRAKE BOOSTER,28064,BOOSTER - BRAKE - 28064 / TYPE 24,4. BRAKES & PNEUMATICS,Brake Actuation & Control,Brake Boosters & Chambers,,Trailer
TYRE CHALK,90807090,CHALK - TYRE - 90807090,"6. CONSUMABLES, SERVICE & WEAR",Fasteners & Hardware,Tyres & Tyre Accessories,,Universal Workshop
TYRE REPAIR UNIT RAD 120,5121207,UNIT - REPAIR - 5121207 / TYRE RAD 120,"6. CONSUMABLES, SERVICE & WEAR",Fasteners & Hardware,Tyres & Tyre Accessories,,Universal Workshop
TYRE REPAIR UNIT RAD TL122 512,5121221,UNIT - REPAIR - 5121221 / TYRE RAD TL122,"6. CONSUMABLES, SERVICE & WEAR",Fasteners & Hardware,Tyres & Tyre Accessories,,Universal Workshop
TYRE SENSORS OR TAG,90817182,SENSOR - TYRE - 90817182,7. ELECTRICAL & INSTRUMENTATION,Sensors & Instrumentation,Pressure & Temp Switches,,Universal / Fleet
U-BOLT 280X130X22.L 8 SSN - U,XU00110,BOLT - U - XU00110 / 280X130X22.L 8 SSN,"3. SUSPENSION, STEERING & AXLES",Suspension Systems,Leaf Springs & U-Bolts,FRUEHAUF,Trailer
U-BOLT 350X80X22F-SUS 127DIA -,XU000111,BOLT - U - XU000111 / 350X80X22F-SUS 127DIA,"3. SUSPENSION, STEERING & AXLES",Suspension Systems,Leaf Springs & U-Bolts,FRUEHAUF,Trailer
U-BOLT 350X80X22F-SUS 127DIA C,XU000113,BOLT - U - XU000113 / 350X80X22F-SUS 127DIA C,"3. SUSPENSION, STEERING & AXLES",Suspension Systems,Leaf Springs & U-Bolts,,Trailer
"UK WHEEL BOLT, 7/8X14UNFX121/1",2.65105,BOLT - WHEEL - 2.65105 / UK 7/8X14UNFX121/1,"3. SUSPENSION, STEERING & AXLES",Axles & Hubs,Wheel Studs & Nuts,UK,Trailer
UNIVERSAL JOINT FOR COASTER BU,8446136036,JOINT - UNIVERSAL - 8446136036 / COASTER,1. ENGINE & POWERTRAIN,Drivetrain & Transmission,Driveshafts & U-Joints,TOYOTA,LDV
UNIVERSAL RELAY 5PINS 25V/40A,45503,RELAY - UNIVERSAL - 45503 / 5PINS 25V/40A,7. ELECTRICAL & INSTRUMENTATION,Sensors & Instrumentation,Wiring Harnesses & Relays,BOSCH,Universal / Fleet
UNLOADER VALVE 453138,453138,VALVE - UNLOADER - 453138,4. BRAKES & PNEUMATICS,Brake Actuation & Control,Air Valves & Governors,,Universal / Fleet
UPHOLSTERY OF CAT MACHINE,SEAT,UPHOLSTERY - SEAT - SEAT / CAT MACHINE,"2. CABIN, BODY & CHASSIS",HVAC & Cabin Comfort,Cab Trim & Interior Accessories,,Earth Moving Machinery
UPHOLSTERY OF SEAT MTL,US01,UPHOLSTERY - SEAT - US01 / MTL,"2. CABIN, BODY & CHASSIS",HVAC & Cabin Comfort,Cab Trim & Interior Accessories,,Universal / Fleet
UPPER BALL JOINT FOR COASTER B,48606-39016,JOINT - BALL - 48606-39016 / COASTER,"3. SUSPENSION, STEERING & AXLES",Steering Components,Steering Linkages & Kingpins,TOYOTA,LDV
UPPER CONTROL ARM LEFT FOR HIL,CS329L,ARM - CONTROL - CS329L / UPPER LEFT HIL,"3. SUSPENSION, STEERING & AXLES",Steering Components,Steering Linkages & Kingpins,TOYOTA,LDV
UPPER CONTROL ARM RIGHT FOR HI,CS329R,ARM - CONTROL - CS329R / UPPER RIGHT HI,"3. SUSPENSION, STEERING & AXLES",Steering Components,Steering Linkages & Kingpins,TOYOTA,LDV
V BELT 219 3304,219 3304,BELT - V - 219 3304,1. ENGINE & POWERTRAIN,Cooling System,Belts & Tensioners,CTP,Earth Moving Machinery
V BELT 239 5944 345EX,239 5944,BELT - V - 239 5944 / 345EX,1. ENGINE & POWERTRAIN,Cooling System,Belts & Tensioners,MANULI,Earth Moving Machinery
V BELT 966 260 6106,260 6106,BELT - V - 260 6106,1. ENGINE & POWERTRAIN,Cooling System,Belts & Tensioners,CTP,Earth Moving Machinery
V BELT ADT 740 164 4599,164 4599,BELT - V - 164 4599,1. ENGINE & POWERTRAIN,Cooling System,Belts & Tensioners,CTP,Earth Moving Machinery
V BELT FOR GRADER 185 5872,185 5872,BELT - V - 185 5872,1. ENGINE & POWERTRAIN,Cooling System,Belts & Tensioners,Cat,Earth Moving Machinery
V BELT-D6R 241 4981,241 4981,BELT - V - 241 4981,1. ENGINE & POWERTRAIN,Cooling System,Belts & Tensioners,Blumaq,Earth Moving Machinery
V3 AIR CON CONDENSOR 08113020/,3589,CONDENSOR - AIR - 3589,"2. CABIN, BODY & CHASSIS",HVAC & Cabin Comfort,AC Compressors & Evaporators,volvo,Truck
V3 RIGHT SIDE MIRROR FOR VOLVO,5A2I0015,MIRROR - RIGHT SIDE - 5A2I0015 / VOLVO,"2. CABIN, BODY & CHASSIS","Body, Glass & Mirrors","Panels, Doors & Mounts",,Truck
V3 SECOND-HAND FRONT LEAF SPRI,1075956,SPRING - FRONT LEAF - 1075956,"3. SUSPENSION, STEERING & AXLES",Suspension Systems,Leaf Springs & U-Bolts,,Truck
V3 SECOND-HAND FRONT LEAF SPRI,1075956,SPRING - FRONT LEAF - 1075956,"3. SUSPENSION, STEERING & AXLES",Suspension Systems,Leaf Springs & U-Bolts,,Truck
"V4 AIR DRYER, COMPLETE WITH VA",2.44123,DRYER - AIR - 2.44123,4. BRAKES & PNEUMATICS,Brake Actuation & Control,Air Valves & Governors,KNORR-BREMSE,Truck
V4 FRONT LEAF SPRING D13A,1075956,SPRING - FRONT LEAF - 1075956,"3. SUSPENSION, STEERING & AXLES",Suspension Systems,Leaf Springs & U-Bolts,,Truck
V4 FRONT LEAF SPRING D13A,1075956,SPRING - FRONT LEAF - 1075956,"3. SUSPENSION, STEERING & AXLES",Suspension Systems,Leaf Springs & U-Bolts,,Truck
V4 RADIATOR HOSE 2.15997,2.15997,HOSE - RADIATOR - 2.15997,1. ENGINE & POWERTRAIN,Cooling System,Radiators & Coolers,DFT,Truck
V4 WINDSCREEN STONE GUARD 7345,7345211801,GUARD - WINDSCREEN - 7345211801,"2. CABIN, BODY & CHASSIS","Body, Glass & Mirrors",Windshields & Windows,volvo,Truck
VACUUM SWITCH D13A 23307414,23307414,SWITCH - VACUUM - 23307414,7. ELECTRICAL & INSTRUMENTATION,Sensors & Instrumentation,Pressure & Temp Switches,Volvo,Truck
VADEN AIR COMPRESSOR D13 V1300,V1300190001,COMPRESSOR - AIR - VADEN / V1300190001,4. BRAKES & PNEUMATICS,Brake Actuation & Control,Air Valves & Governors,VADEN,Truck
VALVE 106 1774,106 1774,VALVE - GENERAL - 106 1774,1. ENGINE & POWERTRAIN,Engine Mechanicals,"Blocks, Heads & Valvetrain",Cat,Earth Moving Machinery
VALVE 111 9916 374 EX,111 9916,VALVE - GENERAL - 111 9916,1. ENGINE & POWERTRAIN,Engine Mechanicals,"Blocks, Heads & Valvetrain",Cat,Earth Moving Machinery
VALVE DISC KIT GEARBOX 2.32892,2.32892,KIT - DISC VALVE - 2.32892,1. ENGINE & POWERTRAIN,Drivetrain & Transmission,Gearboxes & PTOs,EURO,Truck
VALVE DISC KIT V4 2.00139/2.32,2.00139,KIT - DISC VALVE - 2.00139,1. ENGINE & POWERTRAIN,Drivetrain & Transmission,Gearboxes & PTOs,DT,Truck
VALVE EXHAUST VOLVO 2.10581 8,2.10581,VALVE - EXHAUST - 2.10581 / VOLVO,1. ENGINE & POWERTRAIN,Engine Mechanicals,"Blocks, Heads & Valvetrain",DT,Truck
VALVE GP 152 8385,152 8385,VALVE - GP - 152 8385,5. HYDRAULICS,Hydraulic Pumps & Motors,Gear & Piston Pumps,Caterpillar,Earth Moving Machinery
VALVE GP 268 8792,268 8792,VALVE - GP - 268 8792,"2. CABIN, BODY & CHASSIS",HVAC & Cabin Comfort,AC Compressors & Evaporators,,Earth Moving Machinery
VALVE GP 268 8792,268 8792,VALVE - GP - 268 8792,5. HYDRAULICS,Hydraulic Pumps & Motors,Gear & Piston Pumps,,Earth Moving Machinery
VALVE GP 322 0255,322 0255,VALVE - GP - 322 0255,5. HYDRAULICS,Hydraulic Pumps & Motors,Gear & Piston Pumps,Parker,Earth Moving Machinery
VALVE GP 6V 7238,6V 7238,VALVE - GP - 6V 7238,5. HYDRAULICS,Hydraulic Pumps & Motors,Gear & Piston Pumps,CTP,Earth Moving Machinery
VALVE GP DIVERTER 9T 8347 D8R,9T 8347,VALVE - GP DIVERTER - 9T 8347 / D8R,5. HYDRAULICS,Hydraulic Pumps & Motors,Gear & Piston Pumps,,Earth Moving Machinery
"VALVE GP, 385 4432",385 4432,VALVE - GP - 385 4432,5. HYDRAULICS,Hydraulic Pumps & Motors,Gear & Piston Pumps,Cat,Earth Moving Machinery
"VALVE GUIDE, INTAKE & EXHAUST",2.1078,GUIDE - VALVE - 2.1078,1. ENGINE & POWERTRAIN,Engine Mechanicals,"Blocks, Heads & Valvetrain",DT,Truck
VALVE P/N-593 2082,593 2082,VALVE - GENERAL - 593 2082,1. ENGINE & POWERTRAIN,Engine Mechanicals,"Blocks, Heads & Valvetrain",Cat,Earth Moving Machinery
VALVE SEAT RING EXHAUST 2.1058,2.10587,SEAT RING - VALVE EXHAUST - 2.10587,1. ENGINE & POWERTRAIN,Engine Mechanicals,"Blocks, Heads & Valvetrain",DT,Truck
VALVE SEATS VOLVO INTAKE 2.105,MT06-0462,SEAT - VALVE INTAKE - MT06-0462 / VOLVO,1. ENGINE & POWERTRAIN,Engine Mechanicals,"Blocks, Heads & Valvetrain",DT,Truck
VALVE STEM SEAL EXHAUST 962 16,163 2478,SEAL - STEM - EXHAUST / 163 2478,1. ENGINE & POWERTRAIN,Engine Mechanicals,Engine Seals & Gaskets,I.P.D,Earth Moving Machinery
"VALVE STEM SEAL, 2.10790",2.1079,SEAL - STEM - VALVE / 2.1079,1. ENGINE & POWERTRAIN,Engine Mechanicals,Engine Seals & Gaskets,DT,Truck
"VALVE, RELIEF HYDRAULIC 202 89",202 8933,VALVE - RELIEF - HYDRAULIC / 202 8933,5. HYDRAULICS,Hydraulic Pumps & Motors,Gear & Piston Pumps,Cat,Earth Moving Machinery
"VALVE, SOLENOID 457 9878",457 9878,VALVE - SOLENOID - / 457 9878,5. HYDRAULICS,Hydraulic Pumps & Motors,Gear & Piston Pumps,CTP,Earth Moving Machinery
VALVOLINE 15W40 CI-4 PREMIUM B,886281,OIL - LUBRICANT - VALVOLINE / 886281,"6. CONSUMABLES, SERVICE & WEAR",Oils & Lubricants,Engine & Gear Oils,VALVOLINE,Universal Workshop
V-BELT A-43 SWEEPER,A-43,BELT - V - A-43,1. ENGINE & POWERTRAIN,Cooling System,Belts & Tensioners,,Auxillary
"VEDEN CYLINDER HEAD, COMPRESSO",V131910RV139/1,HEAD - CYLINDER - VEDEN / V131910RV139/1,4. BRAKES & PNEUMATICS,Brake Actuation & Control,Air Valves & Governors,MERCEDES-BENZ,Truck
VEHICLE CHECKLIST V.3 BOOK,VC-V3,CHECKLIST - VEHICLE - V.3 / VC-V3,"6. CONSUMABLES, SERVICE & WEAR",Fasteners & Hardware,Workshop Consumables,BM,Universal Workshop
VKT8699 TAPERED ROLLER BEARING,VKT8699,BEARING - ROLLER - TAPERED / VKT8699,"3. SUSPENSION, STEERING & AXLES",Axles & Hubs,Wheel Bearings & Seals,DT,Truck
VOLTAGE CONVERTER 24/12V MODUL,20724975,CONVERTER - VOLTAGE - 24/12V / 20724975,7. ELECTRICAL & INSTRUMENTATION,Sensors & Instrumentation,Wiring Harnesses & Relays,volvo,Truck
VOLVO ALTERNATOR 17204355,17204355,ALTERNATOR - - VOLVO / 17204355,7. ELECTRICAL & INSTRUMENTATION,Starting & Charging,Alternators & Components,,Truck
VOLVO D13A FH13 400 V3 COMPLET,SACVOL0360,,1. ENGINE & POWERTRAIN,Engine Mechanicals,"Blocks, Heads & Valvetrain",Volvo,Truck
VOLVO FILTER HOUSING 22035823,22035823,HOUSING - FILTER - VOLVO / 22035823,1. ENGINE & POWERTRAIN,Engine Mechanicals,Oil Pumps & Filtration,volvo,Truck
"VOLVO SILICONE, 11713514/1.162",11713514,SILICONE - - VOLVO / 11713514,"6. CONSUMABLES, SERVICE & WEAR",Paints & Chemicals,Fluids & Aerosols (Cleaners/Sealants),volvo,Universal Workshop
VOLVO WATER PUMP 24070789,24070789,PUMP - WATER - VOLVO / 24070789,1. ENGINE & POWERTRAIN,Cooling System,Radiators & Coolers,Volvo,Truck
VOLVO WATER PUMP P/N,24070749,PUMP - WATER - VOLVO / 24070749,1. ENGINE & POWERTRAIN,Cooling System,Radiators & Coolers,volvo,Truck
V-STAY BALL TYPE V2 FOR VOLVO,2.62612,STAY - V - 2.62612 / VOLVO,"3. SUSPENSION, STEERING & AXLES",Suspension Systems,Shock Absorbers & Bushes,DT,Truck
W/M PENN ENGINE CLEANER/DEGREA,1211010022,CLEANER - ENGINE - W/M PENN / 1211010022,"6. CONSUMABLES, SERVICE & WEAR",Paints & Chemicals,Fluids & Aerosols (Cleaners/Sealants),TITAN CARGO,Universal Workshop
W/M PENN GRIT HAND CLEANER PIN,1212010033,CLEANER - HAND - W/M PENN / 1212010033,"6. CONSUMABLES, SERVICE & WEAR",Paints & Chemicals,Fluids & Aerosols (Cleaners/Sealants),,Universal Workshop
W/N PENN ATF TYPE II D PER LTR,1207010011,FLUID - ATF - W/N PENN / 1207010011,"6. CONSUMABLES, SERVICE & WEAR",Oils & Lubricants,Transmission & Hydraulic Fluids,TITAN CARGO,Universal Workshop
WABCO 3-WAY VALVE 4630131160,4630131160,VALVE - 3-WAY - WABCO / 4630131160,4. BRAKES & PNEUMATICS,Brake Actuation & Control,Air Valves & Governors,Wabco,Truck
WABCO ABS ECU VERSION 3 VOLVO,3198899,ECU - ABS - WABCO / 3198899,4. BRAKES & PNEUMATICS,Brake Actuation & Control,ABS Sensors & ECUs,wabco,Truck
WABCO AIR COMPRESSOR 24655840,24655840,COMPRESSOR - AIR - WABCO / 24655840,4. BRAKES & PNEUMATICS,Brake Actuation & Control,Air Valves & Governors,wabco,Truck
WABCO FOOT BRAKE VALVE 4613170,4613170040,VALVE - FOOT BRAKE - WABCO / 4613170040,4. BRAKES & PNEUMATICS,Brake Actuation & Control,Air Valves & Governors,Wabco,Truck
WABCO PRESSURE CONTROL VALVE 3,3610640500,VALVE - PRESSURE CONTROL - WABCO / 3610640500,4. BRAKES & PNEUMATICS,Brake Actuation & Control,Air Valves & Governors,Wabco,Truck
WASHER 094 0611,094 0611,WASHER - - / 094 0611,"6. CONSUMABLES, SERVICE & WEAR",Fasteners & Hardware,Hardware & Brackets (Nuts/Bolts/Raw Steel),Caterpillar,Earth Moving Machinery
WASHER 9X 8258,9X 8258,,"6. CONSUMABLES, SERVICE & WEAR",Fasteners & Hardware,Hardware & Brackets (Nuts/Bolts/Raw Steel),Cat,Earth Moving Machinery
"WASHER, HARD 8T 4121",8T 4121,WASHER - HARD - / 8T 4121,"6. CONSUMABLES, SERVICE & WEAR",Fasteners & Hardware,Hardware & Brackets (Nuts/Bolts/Raw Steel),Cat,Earth Moving Machinery
WASTE CLOTH 10KG EACH,3249310005,CLOTH - WASTE - 10KG / 3249310005,"6. CONSUMABLES, SERVICE & WEAR",Fasteners & Hardware,Workshop Consumables,,Universal Workshop
WASTE CLOTH 10KG EACH,3249310005,CLOTH - WASTE - 10KG / 3249310005,"6. CONSUMABLES, SERVICE & WEAR",Fasteners & Hardware,Workshop Consumables,,Universal Workshop
WASTE CLOTH 5KG EACH,3249310005,CLOTH - WASTE - 5KG / 3249310005,"6. CONSUMABLES, SERVICE & WEAR",Fasteners & Hardware,Workshop Consumables,,Universal Workshop
WASTE CLOTH 5KG EACH,3249310005,CLOTH - WASTE - 5KG / 3249310005,"6. CONSUMABLES, SERVICE & WEAR",Fasteners & Hardware,Workshop Consumables,,Universal Workshop
WATER FILTER H30WF,H30WF,FILTER - WATER - H30WF / H30WF,1. ENGINE & POWERTRAIN,Cooling System,Radiators & Coolers,Hengst,Universal / Fleet
WATER PUMP 239 6142 3054,239 6142,PUMP - WATER - / 239 6142,1. ENGINE & POWERTRAIN,Cooling System,Radiators & Coolers,Cat,Earth Moving Machinery
WATER PUMP 611 3867 966H,611 3867,PUMP - WATER - / 611 3867,1. ENGINE & POWERTRAIN,Cooling System,Radiators & Coolers,Caterpillar,Earth Moving Machinery
WATER PUMP C7 203 6093 / 352 2,203 6093,PUMP - WATER - C7 / 203 6093,1. ENGINE & POWERTRAIN,Cooling System,Radiators & Coolers,,Earth Moving Machinery
WATER PUMP FIAT 351050,351050,PUMP - WATER - FIAT / 351050,1. ENGINE & POWERTRAIN,Cooling System,Radiators & Coolers,IVECO,Truck
WATER PUMP GASKET 2.15911,2.15911,GASKET - WATER PUMP - 2.15911,1. ENGINE & POWERTRAIN,Cooling System,Radiators & Coolers,DT,Truck
WATER PUMP HOUSING 2.15590 VOL,2.1559,HOUSING - WATER PUMP - VOL / 2.1559,1. ENGINE & POWERTRAIN,Cooling System,Radiators & Coolers,DT,Truck
"WATER PUMP KIT 1104 NM 1106, U",U5MW0206,KIT - WATER PUMP - 1104 NM 1106 / U,1. ENGINE & POWERTRAIN,Cooling System,Radiators & Coolers,Perkins,Universal / Fleet
WEAR PLATE SG000301,SG000301,PLATE - WEAR - SG000301,5. HYDRAULICS,Ground Engaging Tools (GET),Hardware & Mounts,,Earth Moving Machinery
WET CYLINDER LINER 89886110,89886110,LINER - CYLINDER - 89886110,1. ENGINE & POWERTRAIN,Engine Mechanicals,"Pistons, Rings & Liners",KOLBEN,Truck
WHEEL BOLT M22 X 1.5 X 115/105,2.65094,BOLT - WHEEL - M22 X 1.5 X 115/105 / 2.65094,"3. SUSPENSION, STEERING & AXLES",Axles & Hubs,Wheel Studs & Nuts,DT,Truck
WHEEL BOLT M22 X 1.5 X 115/105,2.65094,BOLT - WHEEL - M22 X 1.5 X 115/105 / 2.65094,"3. SUSPENSION, STEERING & AXLES",Axles & Hubs,Wheel Studs & Nuts,DT,Truck
WHEEL BOLT M22X1.5X107.5/97 2.,2.65096,BOLT - WHEEL - M22 X 1.5 X 107.5/97 / 2.65096,"3. SUSPENSION, STEERING & AXLES",Axles & Hubs,Wheel Studs & Nuts,,Truck
"WHEEL BOLT, M22X1.5X133/122 2.",2.65093,BOLT - WHEEL - M22 X 1.5 X 133/122 / 2.65093,"3. SUSPENSION, STEERING & AXLES",Axles & Hubs,Wheel Studs & Nuts,DT,Truck
"WHEEL BOLT, M22X1.5X142/132 2.",2.65092,BOLT - WHEEL - M22 X 1.5 X 142/132 / 2.65092,"3. SUSPENSION, STEERING & AXLES",Axles & Hubs,Wheel Studs & Nuts,,Truck
WHEEL CHOCK BLOCK YELLOW TX032,TX032504,BLOCK - CHOCK - YELLOW / TX032504,"6. CONSUMABLES, SERVICE & WEAR",Fasteners & Hardware,Tyres & Tyre Accessories,,Trailer
WHEEL DRUM TB932603,TB932603,DRUM - WHEEL - TB932603,4. BRAKES & PNEUMATICS,Foundation Brakes,Brake Drums & Rotors,Henred,Trailer
WHEEL HUB ABS RING 931129,931129,RING - ABS - WHEEL HUB / 931129,4. BRAKES & PNEUMATICS,Brake Actuation & Control,ABS Sensors & ECUs,EMMERRE,Truck
WHEEL HUB SECOND HAND VOLVO,3095044,HUB - WHEEL - VOLVO / 3095044,"3. SUSPENSION, STEERING & AXLES",Axles & Hubs,Hub Assemblies,Volvo,Truck
WHEEL NUT XN001201,XN001201,NUT - WHEEL - XN001201,"3. SUSPENSION, STEERING & AXLES",Axles & Hubs,Wheel Studs & Nuts,FRUEHAUF,Trailer
WHEEL NUT XN001201,XN001201,NUT - WHEEL - XN001201,"3. SUSPENSION, STEERING & AXLES",Axles & Hubs,Wheel Studs & Nuts,FRUEHAUF,Trailer
"WHEEL NUT, M22 X 1.5MM 2.65080",2.6508,NUT - WHEEL - M22 X 1.5MM / 2.65080,"3. SUSPENSION, STEERING & AXLES",Axles & Hubs,Wheel Studs & Nuts,DT,Truck
WHEEL NUTS 725/730/740 6B 6682,6B 6682,NUTS - WHEEL - 725/730/740 / 6B 6682,"3. SUSPENSION, STEERING & AXLES",Axles & Hubs,Wheel Studs & Nuts,CAT,Earth Moving Machinery
WHEEL SPANNER 30-33MM GK000304,GK000304,SPANNER - WHEEL - 30-33MM / GK000304,"6. CONSUMABLES, SERVICE & WEAR",Fasteners & Hardware,Workshop Consumables,,Universal Workshop
WHEEL STUD BOLT 308 9259 725/7,308 9259,BOLT - STUD - WHEEL / 308 9259,"3. SUSPENSION, STEERING & AXLES",Axles & Hubs,Wheel Studs & Nuts,CAT,Earth Moving Machinery
WHITE PAINT SPECIAL/SUPER 0 40,1647120223,PAINT - WHITE - SPECIAL/SUPER / 1647120223,"6. CONSUMABLES, SERVICE & WEAR",Paints & Chemicals,Bulk Paint & Thinners,40,Universal Workshop
WINDOW LIFTER MOTOR RH 2.72401,2.72401,MOTOR - LIFTER - WINDOW RH / 2.72401,"2. CABIN, BODY & CHASSIS","Body, Glass & Mirrors",Windshields & Windows,DT,Truck
WINDOW REGULATOR LEFT 2.72205,2.72205,REGULATOR - WINDOW - LEFT / 2.72205,"2. CABIN, BODY & CHASSIS","Body, Glass & Mirrors",Windshields & Windows,DT,Truck
WINDOW REGULATOR LH DT2.72203,2.72203,REGULATOR - WINDOW - LH / DT2.72203,"2. CABIN, BODY & CHASSIS","Body, Glass & Mirrors",Windshields & Windows,DT,Truck
WINDOW REGULATOR RH DT2.72204,2.72204,REGULATOR - WINDOW - RH / DT2.72204,"2. CABIN, BODY & CHASSIS","Body, Glass & Mirrors",Windshields & Windows,DT,Truck
WINDOW REGULATOR RH LAND CRUIS,WR-LC-RH,REGULATOR - WINDOW - RH LAND CRUIS / WR-LC-RH,"2. CABIN, BODY & CHASSIS","Body, Glass & Mirrors",Windshields & Windows,,LDV
WINDOW REGULATOR RIGHT 2.72206,2.72206,REGULATOR - WINDOW - RIGHT / 2.72206,"2. CABIN, BODY & CHASSIS","Body, Glass & Mirrors",Windshields & Windows,DT,Truck
WINDOW WINDER RH LAND CRUISER,WW-LC-RH,WINDER - WINDOW - RH LAND CRUISER / WW-LC-RH,"2. CABIN, BODY & CHASSIS","Body, Glass & Mirrors",Windshields & Windows,,LDV
WINDOW WINDER SECOND HAND HAIC,30470011394,WINDER - WINDOW - SECOND HAND HAIC / 30470011394,"2. CABIN, BODY & CHASSIS","Body, Glass & Mirrors",Windshields & Windows,,LDV
WINDSCREEN VOLVO FH/FM 93 8512,8351200200,SCREEN - WINDSHIELD - VOLVO FH/FM 93 / 8351200200,"2. CABIN, BODY & CHASSIS","Body, Glass & Mirrors",Windshields & Windows,,Truck
WIPER BLADE FOR VOLVO 20442880,20442880,BLADE - WIPER - VOLVO / 20442880,"2. CABIN, BODY & CHASSIS","Body, Glass & Mirrors",Windshields & Windows,DT,Truck
WIPER BLADE WITH WIPER NOZZLE,2.98,BLADE - WIPER - 2.98,"2. CABIN, BODY & CHASSIS","Body, Glass & Mirrors",Windshields & Windows,DT,Truck
WIPER BLADES 22',06270 STK 31-22,BLADE - WIPER - 06270 STK 31-22,"2. CABIN, BODY & CHASSIS","Body, Glass & Mirrors",Windshields & Windows,,Universal / Fleet
WIPER SWITCH 2.27304 / 2.27303,2.27304,SWITCH - WIPER - 2.27304,7. ELECTRICAL & INSTRUMENTATION,Sensors & Instrumentation,Wiring Harnesses & Relays,DT,Truck
XINYI GLASING ADHESIVE SEALICO,83670971100,ADHESIVE - GLASING - XINYI / 83670971100,"6. CONSUMABLES, SERVICE & WEAR",Paints & Chemicals,Fluids & Aerosols (Cleaners/Sealants),Xinyi glasing,Universal Workshop
"XT-3ES CM, 1 1/4' HOSE 456 847",456 8471,HOSE - XT-3ES CM - 456 8471,5. HYDRAULICS,Cylinders & Rams,High-Pressure Hoses & Fittings,Cat,Earth Moving Machinery
XUPER NUCLEOTEC 2222 3.2MM SPE,2222,SPE - NUCLEOTEC - XUPER / 2222,"6. CONSUMABLES, SERVICE & WEAR",Fasteners & Hardware,Hardware & Brackets (Nuts/Bolts/Raw Steel),,Universal Workshop
YELLOW SUZIE PIPE,20190049,PIPE - YELLOW SUZIE - 20190049,4. BRAKES & PNEUMATICS,Air Lines & Fittings,"Hoses, Pipes & Tubes",,Truck
YOKE ASSY 115 1326,115 1326,ASSEMBLY - YOKE - 115 1326,1. ENGINE & POWERTRAIN,Drivetrain & Transmission,Driveshafts & U-Joints,CTP,Earth Moving Machinery
Z CAM REPAIR KIT 2.94120,2.9412,REPAIR KIT - Z-CAM - 2.9412,4. BRAKES & PNEUMATICS,Foundation Brakes,Slack Adjusters & Calipers,DT,Truck
Z-CAM BRAKE BOLT 2.40020,2.4002,BOLT - BRAKE - Z-CAM / 2.4002,4. BRAKES & PNEUMATICS,Foundation Brakes,Slack Adjusters & Calipers,EMMERRE,Truck
Z-CAM BRAKE RH REPAIR KIT EMM9,EMM963632,REPAIR KIT - Z-CAM BRAKE RH - EMM963632,4. BRAKES & PNEUMATICS,Foundation Brakes,Slack Adjusters & Calipers,,Truck
Z-CAM DUST COVER FOR VOLVO 344,34433/1,COVER - DUST - Z-CAM / 34433/1,4. BRAKES & PNEUMATICS,Foundation Brakes,Slack Adjusters & Calipers,DT,Truck
HENRED SCAM BUSH COMPLETE 01C,01CB017,BUSH - S-CAM - 01CB017,4. BRAKES & PNEUMATICS,Foundation Brakes,Slack Adjusters & Calipers,HENRED FRUEHAUF,Trailer
"GASKET KIT, CYLINDER HEAD 0385",038580,GASKET - CYLINDER HEAD KIT - 038580,1. ENGINE & POWERTRAIN,Engine Mechanicals,Engine Seals & Gaskets,VOLVO,Truck
"STARTER MOTOR MS778, 21632127",MS778,MOTOR - STARTER - MS778,7. ELECTRICAL & INSTRUMENTATION,Starting & Charging,Starters & Alternators,VOLVO,Truck
